Copyright 1986-2018 Xilinx, Inc. All Rights Reserved.
------------------------------------------------------------------------------------
| Tool Version : Vivado v.2018.2 (win64) Build 2258646 Thu Jun 14 20:03:12 MDT 2018
| Date         : Thu Dec 18 20:23:40 2025
| Host         : Sid running 64-bit major release  (build 9200)
| Command      : report_control_sets -verbose -file top_control_sets_placed.rpt
| Design       : top
| Device       : xc7a35t
------------------------------------------------------------------------------------

Control Set Information

Table of Contents
-----------------
1. Summary
2. Histogram
3. Flip-Flop Distribution
4. Detailed Control Set Information

1. Summary
----------

+----------------------------------------------------------+-------+
|                          Status                          | Count |
+----------------------------------------------------------+-------+
| Number of unique control sets                            |   417 |
| Unused register locations in slices containing registers |   358 |
+----------------------------------------------------------+-------+


2. Histogram
------------

+--------+--------------+
| Fanout | Control Sets |
+--------+--------------+
|      2 |           27 |
|      4 |            6 |
|      6 |            3 |
|      8 |            3 |
|     10 |            2 |
|     12 |            4 |
|     14 |            4 |
|    16+ |          368 |
+--------+--------------+


3. Flip-Flop Distribution
-------------------------

+--------------+-----------------------+------------------------+-----------------+--------------+
| Clock Enable | Synchronous Set/Reset | Asynchronous Set/Reset | Total Registers | Total Slices |
+--------------+-----------------------+------------------------+-----------------+--------------+
| No           | No                    | No                     |            9370 |         1481 |
| No           | No                    | Yes                    |               0 |            0 |
| No           | Yes                   | No                     |             788 |          138 |
| Yes          | No                    | No                     |           23078 |         3184 |
| Yes          | No                    | Yes                    |               0 |            0 |
| Yes          | Yes                   | No                     |             390 |           78 |
+--------------+-----------------------+------------------------+-----------------+--------------+


4. Detailed Control Set Information
-----------------------------------

+------------------------+------------------------------------------------------------------------------------------------------------------------------------------------------------------+-------------------------------------------------------------------------------------------------------------------------------------------------------------+------------------+----------------+
|      Clock Signal      |                                                                           Enable Signal                                                                          |                                                                       Set/Reset Signal                                                                      | Slice Load Count | Bel Load Count |
+------------------------+------------------------------------------------------------------------------------------------------------------------------------------------------------------+-------------------------------------------------------------------------------------------------------------------------------------------------------------+------------------+----------------+
|  clk_IBUF_BUFG         |                                                                                                                                                                  | input_mic/u_peak/SR[12]                                                                                                                                     |                1 |              2 |
|  clk_IBUF_BUFG         |                                                                                                                                                                  | fft_engine/forward_fft/U0/i_synth/xfft_inst/non_floating_point.arch_d.xfft_inst/FLOW/reset_sustain.resets_4_pes[2].delay_reset_pe/reset_sustained_raw[0]    |                1 |              2 |
|  clk_IBUF_BUFG         |                                                                                                                                                                  | fft_engine/inverse_fft/U0/i_synth/xfft_inst/non_floating_point.arch_d.xfft_inst/FLOW/reset_sustain.resets_4_pes[0].delay_reset_pe/reset_sustained_raw[0]    |                1 |              2 |
|  clk_IBUF_BUFG         |                                                                                                                                                                  | fft_engine/forward_fft/U0/i_synth/xfft_inst/non_floating_point.arch_d.xfft_inst/FLOW/reset_sustain.resets_4_pes[3].delay_reset_pe/reset_sustained_raw[0]    |                1 |              2 |
|  clk_IBUF_BUFG         | fft_engine/forward_fft/U0/i_synth/axi_wrapper/config_channel_fifo/gen_non_real_time.data_in_fifo_pt1/wr_enable                                                   |                                                                                                                                                             |                1 |              2 |
|  clk_IBUF_BUFG         |                                                                                                                                                                  | input_mic/u_peak/SR[3]                                                                                                                                      |                1 |              2 |
|  clk_IBUF_BUFG         |                                                                                                                                                                  | fft_engine/forward_fft/U0/i_synth/xfft_inst/non_floating_point.arch_d.xfft_inst/FLOW/reset_sustain.delay_reset_3/need_sclr_lut.real_shift_ram.FF_gen[0].reg |                1 |              2 |
|  clk_IBUF_BUFG         |                                                                                                                                                                  | fft_engine/forward_fft/U0/i_synth/xfft_inst/non_floating_point.arch_d.xfft_inst/FLOW/reset_sustain.resets_4_pes[0].delay_reset_pe/reset_sustained_raw[0]    |                1 |              2 |
|  clk_IBUF_BUFG         |                                                                                                                                                                  | input_mic/u_peak/SR[7]                                                                                                                                      |                1 |              2 |
|  clk_IBUF_BUFG         |                                                                                                                                                                  | fft_engine/inverse_fft/U0/i_synth/xfft_inst/non_floating_point.arch_d.xfft_inst/FLOW/reset_sustain.delay_reset_3/need_sclr_lut.real_shift_ram.FF_gen[0].reg |                1 |              2 |
|  clk_IBUF_BUFG         |                                                                                                                                                                  | input_mic/u_peak/SR[13]                                                                                                                                     |                1 |              2 |
|  clk_IBUF_BUFG         |                                                                                                                                                                  | fft_engine/inverse_fft/U0/i_synth/xfft_inst/non_floating_point.arch_d.xfft_inst/FLOW/reset_sustain.resets_4_pes[1].delay_reset_pe/reset_sustained_raw[0]    |                1 |              2 |
|  clk_IBUF_BUFG         |                                                                                                                                                                  | fft_engine/inverse_fft/U0/i_synth/xfft_inst/non_floating_point.arch_d.xfft_inst/FLOW/reset_sustain.resets_4_pes[3].delay_reset_pe/reset_sustained_raw[0]    |                1 |              2 |
|  clk_IBUF_BUFG         |                                                                                                                                                                  | input_mic/u_peak/SR[6]                                                                                                                                      |                1 |              2 |
|  clk_IBUF_BUFG         |                                                                                                                                                                  | input_mic/u_peak/SR[11]                                                                                                                                     |                1 |              2 |
|  clk_IBUF_BUFG         |                                                                                                                                                                  | input_mic/u_peak/SR[8]                                                                                                                                      |                1 |              2 |
|  clk_IBUF_BUFG         |                                                                                                                                                                  | input_mic/u_peak/SR[15]                                                                                                                                     |                1 |              2 |
|  clk_IBUF_BUFG         |                                                                                                                                                                  | fft_engine/inverse_fft/U0/i_synth/xfft_inst/non_floating_point.arch_d.xfft_inst/FLOW/reset_sustain.resets_4_pes[2].delay_reset_pe/reset_sustained_raw[0]    |                1 |              2 |
|  clk_IBUF_BUFG         |                                                                                                                                                                  | input_mic/u_peak/SR[1]                                                                                                                                      |                1 |              2 |
|  clk_IBUF_BUFG         |                                                                                                                                                                  | input_mic/u_peak/SR[9]                                                                                                                                      |                1 |              2 |
|  clk_IBUF_BUFG         |                                                                                                                                                                  | input_mic/u_peak/SR[10]                                                                                                                                     |                1 |              2 |
|  clk_IBUF_BUFG         |                                                                                                                                                                  | input_mic/u_peak/SR[4]                                                                                                                                      |                1 |              2 |
|  clk_IBUF_BUFG         |                                                                                                                                                                  | input_mic/u_peak/SR[14]                                                                                                                                     |                1 |              2 |
|  clk_IBUF_BUFG         |                                                                                                                                                                  | input_mic/u_peak/SR[5]                                                                                                                                      |                1 |              2 |
|  clk_IBUF_BUFG         |                                                                                                                                                                  | input_mic/u_peak/SR[2]                                                                                                                                      |                1 |              2 |
|  clk_IBUF_BUFG         |                                                                                                                                                                  | input_mic/u_peak/SR[0]                                                                                                                                      |                1 |              2 |
|  clk_IBUF_BUFG         |                                                                                                                                                                  | fft_engine/forward_fft/U0/i_synth/xfft_inst/non_floating_point.arch_d.xfft_inst/FLOW/reset_sustain.resets_4_pes[1].delay_reset_pe/reset_sustained_raw[0]    |                1 |              2 |
|  clk_IBUF_BUFG         |                                                                                                                                                                  | fft_engine/inverse_fft/U0/i_synth/xfft_inst/non_floating_point.arch_d.xfft_inst/FLOW/reset_sustain.delay_reset_7/need_sclr_lut.real_shift_ram.FF_gen[0].reg |                1 |              4 |
|  clk_IBUF_BUFG         | output_dac/u_da2/u_spi/busy_i_1_n_0                                                                                                                              |                                                                                                                                                             |                1 |              4 |
|  clk_IBUF_BUFG         | output_dac/u_da2/u_spi/dina_i_1_n_0                                                                                                                              |                                                                                                                                                             |                2 |              4 |
|  clk_IBUF_BUFG         | fft_engine/counter[8]_i_2_n_0                                                                                                                                    |                                                                                                                                                             |                2 |              4 |
|  clk_IBUF_BUFG         |                                                                                                                                                                  | fft_engine/forward_fft/U0/i_synth/xfft_inst/non_floating_point.arch_d.xfft_inst/FLOW/reset_sustain.delay_reset_7/need_sclr_lut.real_shift_ram.FF_gen[0].reg |                2 |              4 |
|  clk_IBUF_BUFG         |                                                                                                                                                                  | output_dac/u_bridge/u_fifo/xpm_fifo_base_inst/xpm_fifo_rst_inst/Q[0]                                                                                        |                1 |              4 |
|  clk_IBUF_BUFG         | fft_engine/inverse_fft/U0/i_synth/axi_wrapper/count_ce                                                                                                           |                                                                                                                                                             |                2 |              6 |
|  clk_IBUF_BUFG         | fft_engine/forward_fft/U0/i_synth/axi_wrapper/count_ce                                                                                                           |                                                                                                                                                             |                2 |              6 |
|  clk_IBUF_BUFG         |                                                                                                                                                                  | output_dac/u_bridge/u_fifo/xpm_fifo_base_inst/xpm_fifo_rst_inst/rst_i                                                                                       |                1 |              6 |
| ~clk6p25mhz            |                                                                                                                                                                  |                                                                                                                                                             |                4 |              8 |
|  clk_IBUF_BUFG         | fft_engine/forward_fft/U0/i_synth/axi_wrapper/count_ce_0                                                                                                         |                                                                                                                                                             |                2 |              8 |
|  clk_IBUF_BUFG         | fft_engine/inverse_fft/U0/i_synth/axi_wrapper/count_ce_0                                                                                                         |                                                                                                                                                             |                2 |              8 |
|  clk_IBUF_BUFG         | fft_engine/forward_fft/U0/i_synth/axi_wrapper/count_ce_1                                                                                                         |                                                                                                                                                             |                2 |             10 |
|  clk_IBUF_BUFG         | fft_engine/inverse_fft/U0/i_synth/axi_wrapper/count_ce_1                                                                                                         |                                                                                                                                                             |                2 |             10 |
|  clk_IBUF_BUFG         | fft_engine/forward_fft/U0/i_synth/axi_wrapper/count_ce_4                                                                                                         |                                                                                                                                                             |                3 |             12 |
|  clk_IBUF_BUFG         | fft_engine/forward_fft/U0/i_synth/axi_wrapper/count_ce_2                                                                                                         |                                                                                                                                                             |                3 |             12 |
|  clk_IBUF_BUFG         | fft_engine/inverse_fft/U0/i_synth/axi_wrapper/count_ce_4                                                                                                         |                                                                                                                                                             |                3 |             12 |
|  clk_IBUF_BUFG         | fft_engine/inverse_fft/U0/i_synth/axi_wrapper/count_ce_2                                                                                                         |                                                                                                                                                             |                3 |             12 |
|  clk_IBUF_BUFG         | fft_engine/counter[8]_i_2_n_0                                                                                                                                    | fft_engine/counter[8]_i_1_n_0                                                                                                                               |                3 |             14 |
|  clk_IBUF_BUFG         | fft_engine/forward_fft/U0/i_synth/axi_wrapper/count_ce_3                                                                                                         |                                                                                                                                                             |                3 |             14 |
|  clk_IBUF_BUFG         | input_mic/u_cs/sample_valid                                                                                                                                      | input_mic/u_pack/wr_addr[7]_i_1_n_0                                                                                                                         |                2 |             14 |
|  clk_IBUF_BUFG         | fft_engine/inverse_fft/U0/i_synth/axi_wrapper/count_ce_3                                                                                                         |                                                                                                                                                             |                3 |             14 |
|  clk_IBUF_BUFG         | fft_engine/m2_rd_addr[7]_i_2_n_0                                                                                                                                 | fft_engine/m2_rd_addr[7]_i_1_n_0                                                                                                                            |                2 |             16 |
|  clk_IBUF_BUFG         | fft_engine/fft_data_valid                                                                                                                                        |                                                                                                                                                             |                3 |             16 |
|  clk_IBUF_BUFG         | fft_engine/inverse_fft/U0/i_synth/axi_wrapper/symbols_out_remaining[7]_i_1_n_0                                                                                   |                                                                                                                                                             |                3 |             16 |
|  clk_IBUF_BUFG         | fft_engine/FSM_onehot_state[7]_i_1_n_0                                                                                                                           |                                                                                                                                                             |                2 |             16 |
|  clk_IBUF_BUFG         | fft_engine/forward_fft/U0/i_synth/axi_wrapper/symbols_out_remaining[7]_i_1_n_0                                                                                   |                                                                                                                                                             |                3 |             16 |
|  clk_IBUF_BUFG         | fft_engine/forward_fft/U0/i_synth/axi_wrapper/CE                                                                                                                 |                                                                                                                                                             |                5 |             20 |
|  clk_IBUF_BUFG         | fft_engine/forward_fft/U0/i_synth/axi_wrapper/i_tc_compare_reg_2                                                                                                 |                                                                                                                                                             |                4 |             20 |
|  clk_IBUF_BUFG         | fft_engine/inverse_fft/U0/i_synth/xfft_inst/non_floating_point.arch_d.xfft_inst/FLOW/proc0_counter/load_cnt_ce                                                   |                                                                                                                                                             |                4 |             20 |
|  clk_IBUF_BUFG         | fft_engine/forward_fft/U0/i_synth/axi_wrapper/i_tc_compare_reg_3                                                                                                 |                                                                                                                                                             |                4 |             20 |
|  clk_IBUF_BUFG         | fft_engine/inverse_fft/U0/i_synth/axi_wrapper/CE                                                                                                                 |                                                                                                                                                             |                4 |             20 |
|  clk_IBUF_BUFG         | fft_engine/forward_fft/U0/i_synth/xfft_inst/non_floating_point.arch_d.xfft_inst/FLOW/proc0_counter/load_cnt_ce                                                   |                                                                                                                                                             |                4 |             20 |
|  clk_IBUF_BUFG         | fft_engine/forward_fft/U0/i_synth/axi_wrapper/i_tc_reg_0                                                                                                         |                                                                                                                                                             |                4 |             20 |
|  clk_IBUF_BUFG         | fft_engine/forward_fft/U0/i_synth/axi_wrapper/i_tc_compare_reg_0                                                                                                 |                                                                                                                                                             |                5 |             20 |
|  clk_IBUF_BUFG         | fft_engine/inverse_fft/U0/i_synth/axi_wrapper/i_tc_compare_reg                                                                                                   |                                                                                                                                                             |                4 |             20 |
|  clk_IBUF_BUFG         | fft_engine/inverse_fft/U0/i_synth/axi_wrapper/i_tc_compare_reg_0                                                                                                 |                                                                                                                                                             |                4 |             20 |
|  clk_IBUF_BUFG         | fft_engine/inverse_fft/U0/i_synth/axi_wrapper/i_tc_compare_reg_1                                                                                                 |                                                                                                                                                             |                4 |             20 |
|  clk_IBUF_BUFG         | fft_engine/inverse_fft/U0/i_synth/axi_wrapper/i_tc_compare_reg_2                                                                                                 |                                                                                                                                                             |                4 |             20 |
|  clk_IBUF_BUFG         | fft_engine/inverse_fft/U0/i_synth/axi_wrapper/i_tc_compare_reg_3                                                                                                 |                                                                                                                                                             |                4 |             20 |
|  clk_IBUF_BUFG         | fft_engine/inverse_fft/U0/i_synth/axi_wrapper/i_tc_reg                                                                                                           |                                                                                                                                                             |                4 |             20 |
|  clk_IBUF_BUFG         | fft_engine/inverse_fft/U0/i_synth/axi_wrapper/i_tc_reg_0                                                                                                         |                                                                                                                                                             |                4 |             20 |
|  clk_IBUF_BUFG         | fft_engine/forward_fft/U0/i_synth/axi_wrapper/i_tc_compare_reg_1                                                                                                 |                                                                                                                                                             |                4 |             20 |
|  clk_IBUF_BUFG         | fft_engine/forward_fft/U0/i_synth/axi_wrapper/i_tc_reg                                                                                                           |                                                                                                                                                             |                4 |             20 |
|  clk_IBUF_BUFG         | fft_engine/forward_fft/U0/i_synth/axi_wrapper/i_tc_compare_reg                                                                                                   |                                                                                                                                                             |                4 |             20 |
|  clk_IBUF_BUFG         |                                                                                                                                                                  | input_mic/u_cs/ctr[12]_i_1_n_0                                                                                                                              |                3 |             24 |
|  J_MIC3_Pin1_OBUF_BUFG |                                                                                                                                                                  |                                                                                                                                                             |                3 |             24 |
|  clk_IBUF_BUFG         |                                                                                                                                                                  | J_MIC3_Pin1_OBUF_BUFG                                                                                                                                       |                3 |             24 |
|  clk_IBUF_BUFG         | input_mic/u_cs/mic_history_reg[3][0]                                                                                                                             | input_mic/u_cap/mic_history_reg[3][0]                                                                                                                       |                3 |             24 |
|  clk_IBUF_BUFG         | input_mic/u_cs/mic_history                                                                                                                                       | input_mic/u_cap/mic_history_reg[0][0]                                                                                                                       |                3 |             24 |
|  clk_IBUF_BUFG         | input_mic/u_cs/mic_history_reg[2][0]                                                                                                                             | input_mic/u_cap/mic_history_reg[2][0]                                                                                                                       |                3 |             24 |
|  clk_IBUF_BUFG         | input_mic/u_peak/cur_max0_carry__0_n_2                                                                                                                           | input_mic/u_peak/ctr[23]_i_1_n_0                                                                                                                            |                4 |             24 |
|  clk_IBUF_BUFG         | input_mic/u_cs/mic_history_reg[1][0]_0                                                                                                                           | input_mic/u_cap/mic_history_reg[1][0]                                                                                                                       |                3 |             24 |
| ~input_mic/u_cap/CLK   |                                                                                                                                                                  |                                                                                                                                                             |                3 |             24 |
|  clk_IBUF_BUFG         | input_mic/u_peak/ctr[23]_i_1_n_0                                                                                                                                 |                                                                                                                                                             |                6 |             24 |
|  clk_IBUF_BUFG         | fft_engine/inverse_fft/U0/i_synth/axi_wrapper/ce_w2c                                                                                                             | fft_engine/inverse_fft/U0/i_synth/axi_wrapper/SR[0]                                                                                                         |                3 |             28 |
|  clk_IBUF_BUFG         | output_dac/u_dc_l/sample_valid_out                                                                                                                               |                                                                                                                                                             |                2 |             28 |
|  clk_IBUF_BUFG         |                                                                                                                                                                  | input_mic/u_scan/ctr[14]_i_1_n_0                                                                                                                            |                4 |             28 |
|  clk_IBUF_BUFG         | fft_engine/inverse_fft/U0/i_synth/axi_wrapper/data_out_channel/gen_non_real_time.fifo_i_1_n_0                                                                    |                                                                                                                                                             |                3 |             30 |
|  clk_IBUF_BUFG         | fft_engine/forward_fft/U0/i_synth/axi_wrapper/data_in_channel_fifo/gen_non_real_time.data_in_fifo_pt1/gen_non_real_time.gen_has_skid_buffer.data_out_2_reg[0][0] |                                                                                                                                                             |                2 |             32 |
|  clk_IBUF_BUFG         | fft_engine/forward_fft/U0/i_synth/axi_wrapper/data_in_channel_fifo/gen_non_real_time.data_in_fifo_pt1/gen_non_real_time.gen_has_skid_buffer.data_out_1_reg[0][0] |                                                                                                                                                             |                2 |             32 |
|  clk_IBUF_BUFG         | output_dac/u_bridge/rd_en_q                                                                                                                                      |                                                                                                                                                             |                4 |             32 |
|  clk_IBUF_BUFG         | output_dac/u_bridge/sample_valid_i_1_n_0                                                                                                                         |                                                                                                                                                             |                3 |             32 |
|  clk_IBUF_BUFG         | output_dac/u_ramp_l/p_0_in                                                                                                                                       |                                                                                                                                                             |                7 |             32 |
|  clk_IBUF_BUFG         | display/fft_reader/p_0_in[1807]                                                                                                                                  |                                                                                                                                                             |                8 |             32 |
|  clk_IBUF_BUFG         | display/fft_reader/p_0_in[2319]                                                                                                                                  |                                                                                                                                                             |                6 |             32 |
|  clk_IBUF_BUFG         | display/fft_reader/p_0_in[1039]                                                                                                                                  |                                                                                                                                                             |               11 |             32 |
|  clk_IBUF_BUFG         | display/fft_reader/p_0_in[1551]                                                                                                                                  |                                                                                                                                                             |                6 |             32 |
|  clk_IBUF_BUFG         | display/fft_reader/p_0_in[2063]                                                                                                                                  |                                                                                                                                                             |                7 |             32 |
|  clk_IBUF_BUFG         | display/fft_reader/p_0_in[1295]                                                                                                                                  |                                                                                                                                                             |                9 |             32 |
|  clk_IBUF_BUFG         | display/fft_reader/p_0_in[3087]                                                                                                                                  |                                                                                                                                                             |                6 |             32 |
|  clk_IBUF_BUFG         | display/fft_reader/p_0_in[2575]                                                                                                                                  |                                                                                                                                                             |                4 |             32 |
|  clk_IBUF_BUFG         | display/fft_reader/p_0_in[3343]                                                                                                                                  |                                                                                                                                                             |                6 |             32 |
|  clk_IBUF_BUFG         | display/fft_reader/p_0_in[3599]                                                                                                                                  |                                                                                                                                                             |                6 |             32 |
|  clk_IBUF_BUFG         | display/fft_reader/p_0_in[783]                                                                                                                                   |                                                                                                                                                             |                8 |             32 |
|  clk_IBUF_BUFG         | display/fft_reader/p_0_in[2831]                                                                                                                                  |                                                                                                                                                             |                8 |             32 |
|  clk_IBUF_BUFG         | display/fft_reader/p_0_in[271]                                                                                                                                   |                                                                                                                                                             |                7 |             32 |
|  clk_IBUF_BUFG         | display/fft_reader/p_0_in[527]                                                                                                                                   |                                                                                                                                                             |                6 |             32 |
|  clk_IBUF_BUFG         | display/fft_reader/p_0_in[15]                                                                                                                                    |                                                                                                                                                             |                8 |             32 |
|  clk_IBUF_BUFG         | display/fft_reader/p_0_in[3855]                                                                                                                                  |                                                                                                                                                             |                7 |             32 |
|  clk_IBUF_BUFG         | display/wave_reader/p_0_in[207]                                                                                                                                  |                                                                                                                                                             |                5 |             32 |
|  clk_IBUF_BUFG         | display/wave_reader/p_0_in[271]                                                                                                                                  |                                                                                                                                                             |                6 |             32 |
|  clk_IBUF_BUFG         | display/wave_reader/p_0_in[287]                                                                                                                                  |                                                                                                                                                             |                7 |             32 |
|  clk_IBUF_BUFG         | display/wave_reader/p_0_in[239]                                                                                                                                  |                                                                                                                                                             |                5 |             32 |
|  clk_IBUF_BUFG         | display/wave_reader/p_0_in[319]                                                                                                                                  |                                                                                                                                                             |                5 |             32 |
|  clk_IBUF_BUFG         | display/wave_reader/p_0_in[335]                                                                                                                                  |                                                                                                                                                             |                5 |             32 |
|  clk_IBUF_BUFG         | display/wave_reader/p_0_in[159]                                                                                                                                  |                                                                                                                                                             |                7 |             32 |
|  clk_IBUF_BUFG         | display/wave_reader/p_0_in[111]                                                                                                                                  |                                                                                                                                                             |                5 |             32 |
|  clk_IBUF_BUFG         | display/wave_reader/p_0_in[255]                                                                                                                                  |                                                                                                                                                             |                5 |             32 |
|  clk_IBUF_BUFG         | display/wave_reader/p_0_in[127]                                                                                                                                  |                                                                                                                                                             |                7 |             32 |
|  clk_IBUF_BUFG         | display/wave_reader/p_0_in[351]                                                                                                                                  |                                                                                                                                                             |                7 |             32 |
|  clk_IBUF_BUFG         | display/wave_reader/p_0_in[367]                                                                                                                                  |                                                                                                                                                             |                6 |             32 |
|  clk_IBUF_BUFG         | display/wave_reader/p_0_in[31]                                                                                                                                   |                                                                                                                                                             |                5 |             32 |
|  clk_IBUF_BUFG         | display/wave_reader/p_0_in[223]                                                                                                                                  |                                                                                                                                                             |                5 |             32 |
|  clk_IBUF_BUFG         | display/wave_reader/p_0_in[79]                                                                                                                                   |                                                                                                                                                             |                8 |             32 |
|  clk_IBUF_BUFG         | display/wave_reader/p_0_in[383]                                                                                                                                  |                                                                                                                                                             |                6 |             32 |
|  clk_IBUF_BUFG         | display/wave_reader/p_0_in[399]                                                                                                                                  |                                                                                                                                                             |                4 |             32 |
|  clk_IBUF_BUFG         | display/wave_reader/p_0_in[415]                                                                                                                                  |                                                                                                                                                             |                6 |             32 |
|  clk_IBUF_BUFG         | display/wave_reader/p_0_in[303]                                                                                                                                  |                                                                                                                                                             |                4 |             32 |
|  clk_IBUF_BUFG         | display/wave_reader/p_0_in[431]                                                                                                                                  |                                                                                                                                                             |                4 |             32 |
|  clk_IBUF_BUFG         | display/wave_reader/p_0_in[447]                                                                                                                                  |                                                                                                                                                             |                5 |             32 |
|  clk_IBUF_BUFG         | display/wave_reader/p_0_in[463]                                                                                                                                  |                                                                                                                                                             |                6 |             32 |
|  clk_IBUF_BUFG         | display/wave_reader/p_0_in[191]                                                                                                                                  |                                                                                                                                                             |                5 |             32 |
|  clk_IBUF_BUFG         | display/wave_reader/p_0_in[15]                                                                                                                                   |                                                                                                                                                             |                7 |             32 |
|  clk_IBUF_BUFG         | display/wave_reader/p_0_in[63]                                                                                                                                   |                                                                                                                                                             |                5 |             32 |
|  clk_IBUF_BUFG         | display/wave_reader/p_0_in[47]                                                                                                                                   |                                                                                                                                                             |                6 |             32 |
|  clk_IBUF_BUFG         | display/wave_reader/p_0_in[95]                                                                                                                                   |                                                                                                                                                             |                6 |             32 |
|  clk_IBUF_BUFG         | display/wave_reader/p_0_in[143]                                                                                                                                  |                                                                                                                                                             |                7 |             32 |
|  clk_IBUF_BUFG         | display/wave_reader/p_0_in[175]                                                                                                                                  |                                                                                                                                                             |                4 |             32 |
|  clk_IBUF_BUFG         | display/wave_reader/p_0_in[639]                                                                                                                                  |                                                                                                                                                             |                5 |             32 |
|  clk_IBUF_BUFG         | display/wave_reader/p_0_in[959]                                                                                                                                  |                                                                                                                                                             |                5 |             32 |
|  clk_IBUF_BUFG         | display/wave_reader/p_0_in[1039]                                                                                                                                 |                                                                                                                                                             |                5 |             32 |
|  clk_IBUF_BUFG         | display/wave_reader/p_0_in[1231]                                                                                                                                 |                                                                                                                                                             |                6 |             32 |
|  clk_IBUF_BUFG         | display/wave_reader/p_0_in[783]                                                                                                                                  |                                                                                                                                                             |                7 |             32 |
|  clk_IBUF_BUFG         | display/wave_reader/p_0_in[479]                                                                                                                                  |                                                                                                                                                             |                7 |             32 |
|  clk_IBUF_BUFG         | display/wave_reader/p_0_in[527]                                                                                                                                  |                                                                                                                                                             |                7 |             32 |
|  clk_IBUF_BUFG         | display/wave_reader/p_0_in[751]                                                                                                                                  |                                                                                                                                                             |                4 |             32 |
|  clk_IBUF_BUFG         | display/wave_reader/p_0_in[671]                                                                                                                                  |                                                                                                                                                             |                8 |             32 |
|  clk_IBUF_BUFG         | display/wave_reader/p_0_in[703]                                                                                                                                  |                                                                                                                                                             |                6 |             32 |
|  clk_IBUF_BUFG         | display/wave_reader/p_0_in[815]                                                                                                                                  |                                                                                                                                                             |                8 |             32 |
|  clk_IBUF_BUFG         | display/wave_reader/p_0_in[943]                                                                                                                                  |                                                                                                                                                             |                5 |             32 |
|  clk_IBUF_BUFG         | display/wave_reader/p_0_in[1055]                                                                                                                                 |                                                                                                                                                             |                4 |             32 |
|  clk_IBUF_BUFG         | display/wave_reader/p_0_in[1135]                                                                                                                                 |                                                                                                                                                             |                6 |             32 |
|  clk_IBUF_BUFG         | display/wave_reader/p_0_in[1215]                                                                                                                                 |                                                                                                                                                             |                8 |             32 |
|  clk_IBUF_BUFG         | display/wave_reader/p_0_in[991]                                                                                                                                  |                                                                                                                                                             |                6 |             32 |
|  clk_IBUF_BUFG         | display/wave_reader/p_0_in[1295]                                                                                                                                 |                                                                                                                                                             |                6 |             32 |
|  clk_IBUF_BUFG         | display/wave_reader/p_0_in[735]                                                                                                                                  |                                                                                                                                                             |                5 |             32 |
|  clk_IBUF_BUFG         | display/wave_reader/p_0_in[1359]                                                                                                                                 |                                                                                                                                                             |                5 |             32 |
|  clk_IBUF_BUFG         | display/wave_reader/p_0_in[799]                                                                                                                                  |                                                                                                                                                             |                6 |             32 |
|  clk_IBUF_BUFG         | display/wave_reader/p_0_in[1087]                                                                                                                                 |                                                                                                                                                             |                6 |             32 |
|  clk_IBUF_BUFG         | display/wave_reader/p_0_in[607]                                                                                                                                  |                                                                                                                                                             |                5 |             32 |
|  clk_IBUF_BUFG         | display/wave_reader/p_0_in[1247]                                                                                                                                 |                                                                                                                                                             |                4 |             32 |
|  clk_IBUF_BUFG         | display/wave_reader/p_0_in[1343]                                                                                                                                 |                                                                                                                                                             |                5 |             32 |
|  clk_IBUF_BUFG         | display/wave_reader/p_0_in[655]                                                                                                                                  |                                                                                                                                                             |                7 |             32 |
|  clk_IBUF_BUFG         | display/wave_reader/p_0_in[1375]                                                                                                                                 |                                                                                                                                                             |                5 |             32 |
|  clk_IBUF_BUFG         | display/wave_reader/p_0_in[623]                                                                                                                                  |                                                                                                                                                             |                6 |             32 |
|  clk_IBUF_BUFG         | display/wave_reader/p_0_in[847]                                                                                                                                  |                                                                                                                                                             |                6 |             32 |
|  clk_IBUF_BUFG         | display/wave_reader/p_0_in[687]                                                                                                                                  |                                                                                                                                                             |                5 |             32 |
|  clk_IBUF_BUFG         | display/wave_reader/p_0_in[975]                                                                                                                                  |                                                                                                                                                             |                5 |             32 |
|  clk_IBUF_BUFG         | display/wave_reader/p_0_in[1183]                                                                                                                                 |                                                                                                                                                             |                4 |             32 |
|  clk_IBUF_BUFG         | display/wave_reader/p_0_in[1279]                                                                                                                                 |                                                                                                                                                             |                7 |             32 |
|  clk_IBUF_BUFG         | display/wave_reader/p_0_in[1311]                                                                                                                                 |                                                                                                                                                             |                4 |             32 |
|  clk_IBUF_BUFG         | display/wave_reader/p_0_in[1391]                                                                                                                                 |                                                                                                                                                             |                6 |             32 |
|  clk_IBUF_BUFG         | display/wave_reader/p_0_in[831]                                                                                                                                  |                                                                                                                                                             |                7 |             32 |
|  clk_IBUF_BUFG         | display/wave_reader/p_0_in[1327]                                                                                                                                 |                                                                                                                                                             |                6 |             32 |
|  clk_IBUF_BUFG         | display/wave_reader/p_0_in[1439]                                                                                                                                 |                                                                                                                                                             |                6 |             32 |
|  clk_IBUF_BUFG         | display/wave_reader/p_0_in[1455]                                                                                                                                 |                                                                                                                                                             |                4 |             32 |
|  clk_IBUF_BUFG         | display/wave_reader/p_0_in[895]                                                                                                                                  |                                                                                                                                                             |                6 |             32 |
|  clk_IBUF_BUFG         | display/wave_reader/p_0_in[927]                                                                                                                                  |                                                                                                                                                             |                7 |             32 |
|  clk_IBUF_BUFG         | display/wave_reader/p_0_in[1023]                                                                                                                                 |                                                                                                                                                             |                5 |             32 |
|  clk_IBUF_BUFG         | display/wave_reader/p_0_in[1071]                                                                                                                                 |                                                                                                                                                             |                6 |             32 |
|  clk_IBUF_BUFG         | display/wave_reader/p_0_in[1103]                                                                                                                                 |                                                                                                                                                             |                6 |             32 |
|  clk_IBUF_BUFG         | display/wave_reader/p_0_in[1167]                                                                                                                                 |                                                                                                                                                             |                5 |             32 |
|  clk_IBUF_BUFG         | display/wave_reader/p_0_in[1151]                                                                                                                                 |                                                                                                                                                             |                6 |             32 |
|  clk_IBUF_BUFG         | display/wave_reader/p_0_in[591]                                                                                                                                  |                                                                                                                                                             |                7 |             32 |
|  clk_IBUF_BUFG         | display/wave_reader/p_0_in[1263]                                                                                                                                 |                                                                                                                                                             |                8 |             32 |
|  clk_IBUF_BUFG         | display/wave_reader/p_0_in[1407]                                                                                                                                 |                                                                                                                                                             |                7 |             32 |
|  clk_IBUF_BUFG         | display/wave_reader/p_0_in[1471]                                                                                                                                 |                                                                                                                                                             |                7 |             32 |
|  clk_IBUF_BUFG         | display/wave_reader/p_0_in[1487]                                                                                                                                 |                                                                                                                                                             |                6 |             32 |
|  clk_IBUF_BUFG         | display/wave_reader/p_0_in[559]                                                                                                                                  |                                                                                                                                                             |                6 |             32 |
|  clk_IBUF_BUFG         | display/wave_reader/p_0_in[1007]                                                                                                                                 |                                                                                                                                                             |                5 |             32 |
|  clk_IBUF_BUFG         | display/wave_reader/p_0_in[911]                                                                                                                                  |                                                                                                                                                             |                6 |             32 |
|  clk_IBUF_BUFG         | display/wave_reader/p_0_in[719]                                                                                                                                  |                                                                                                                                                             |                4 |             32 |
|  clk_IBUF_BUFG         | display/wave_reader/p_0_in[863]                                                                                                                                  |                                                                                                                                                             |                5 |             32 |
|  clk_IBUF_BUFG         | display/wave_reader/p_0_in[879]                                                                                                                                  |                                                                                                                                                             |                6 |             32 |
|  clk_IBUF_BUFG         | display/wave_reader/p_0_in[1423]                                                                                                                                 |                                                                                                                                                             |                6 |             32 |
|  clk_IBUF_BUFG         | display/wave_reader/p_0_in[575]                                                                                                                                  |                                                                                                                                                             |                5 |             32 |
|  clk_IBUF_BUFG         | display/wave_reader/p_0_in[543]                                                                                                                                  |                                                                                                                                                             |                5 |             32 |
|  clk_IBUF_BUFG         | display/wave_reader/p_0_in[495]                                                                                                                                  |                                                                                                                                                             |                4 |             32 |
|  clk_IBUF_BUFG         | display/wave_reader/p_0_in[1119]                                                                                                                                 |                                                                                                                                                             |                5 |             32 |
|  clk_IBUF_BUFG         | display/wave_reader/p_0_in[1199]                                                                                                                                 |                                                                                                                                                             |                7 |             32 |
|  clk_IBUF_BUFG         | display/wave_reader/p_0_in[767]                                                                                                                                  |                                                                                                                                                             |                5 |             32 |
|  clk_IBUF_BUFG         | display/wave_reader/p_0_in[511]                                                                                                                                  |                                                                                                                                                             |                7 |             32 |
|  clk_IBUF_BUFG         | display/wave_reader/p_0_in[1759]                                                                                                                                 |                                                                                                                                                             |                5 |             32 |
|  clk_IBUF_BUFG         | display/wave_reader/p_0_in[2511]                                                                                                                                 |                                                                                                                                                             |                5 |             32 |
|  clk_IBUF_BUFG         | display/wave_reader/p_0_in[1647]                                                                                                                                 |                                                                                                                                                             |                5 |             32 |
|  clk_IBUF_BUFG         | display/wave_reader/p_0_in[1631]                                                                                                                                 |                                                                                                                                                             |                6 |             32 |
|  clk_IBUF_BUFG         | display/wave_reader/p_0_in[1919]                                                                                                                                 |                                                                                                                                                             |                6 |             32 |
|  clk_IBUF_BUFG         | display/wave_reader/p_0_in[1839]                                                                                                                                 |                                                                                                                                                             |                5 |             32 |
|  clk_IBUF_BUFG         | display/wave_reader/p_0_in[1967]                                                                                                                                 |                                                                                                                                                             |                4 |             32 |
|  clk_IBUF_BUFG         | display/wave_reader/p_0_in[1743]                                                                                                                                 |                                                                                                                                                             |                4 |             32 |
|  clk_IBUF_BUFG         | display/wave_reader/p_0_in[1983]                                                                                                                                 |                                                                                                                                                             |                7 |             32 |
|  clk_IBUF_BUFG         | display/wave_reader/p_0_in[2031]                                                                                                                                 |                                                                                                                                                             |                4 |             32 |
|  clk_IBUF_BUFG         | display/wave_reader/p_0_in[2127]                                                                                                                                 |                                                                                                                                                             |                5 |             32 |
|  clk_IBUF_BUFG         | display/wave_reader/p_0_in[2207]                                                                                                                                 |                                                                                                                                                             |                6 |             32 |
|  clk_IBUF_BUFG         | display/wave_reader/p_0_in[2271]                                                                                                                                 |                                                                                                                                                             |                5 |             32 |
|  clk_IBUF_BUFG         | display/wave_reader/p_0_in[1615]                                                                                                                                 |                                                                                                                                                             |                5 |             32 |
|  clk_IBUF_BUFG         | display/wave_reader/p_0_in[1711]                                                                                                                                 |                                                                                                                                                             |                8 |             32 |
|  clk_IBUF_BUFG         | display/wave_reader/p_0_in[2015]                                                                                                                                 |                                                                                                                                                             |                7 |             32 |
|  clk_IBUF_BUFG         | display/wave_reader/p_0_in[2319]                                                                                                                                 |                                                                                                                                                             |                4 |             32 |
|  clk_IBUF_BUFG         | display/wave_reader/p_0_in[1775]                                                                                                                                 |                                                                                                                                                             |                8 |             32 |
|  clk_IBUF_BUFG         | display/wave_reader/p_0_in[2351]                                                                                                                                 |                                                                                                                                                             |                6 |             32 |
|  clk_IBUF_BUFG         | display/wave_reader/p_0_in[2159]                                                                                                                                 |                                                                                                                                                             |                6 |             32 |
|  clk_IBUF_BUFG         | display/wave_reader/p_0_in[1791]                                                                                                                                 |                                                                                                                                                             |                7 |             32 |
|  clk_IBUF_BUFG         | display/wave_reader/p_0_in[1695]                                                                                                                                 |                                                                                                                                                             |                4 |             32 |
|  clk_IBUF_BUFG         | display/wave_reader/p_0_in[1999]                                                                                                                                 |                                                                                                                                                             |                6 |             32 |
|  clk_IBUF_BUFG         | display/wave_reader/p_0_in[1887]                                                                                                                                 |                                                                                                                                                             |               10 |             32 |
|  clk_IBUF_BUFG         | display/wave_reader/p_0_in[2111]                                                                                                                                 |                                                                                                                                                             |                6 |             32 |
|  clk_IBUF_BUFG         | display/wave_reader/p_0_in[1663]                                                                                                                                 |                                                                                                                                                             |                4 |             32 |
|  clk_IBUF_BUFG         | display/wave_reader/p_0_in[1583]                                                                                                                                 |                                                                                                                                                             |                4 |             32 |
|  clk_IBUF_BUFG         | display/wave_reader/p_0_in[1503]                                                                                                                                 |                                                                                                                                                             |                5 |             32 |
|  clk_IBUF_BUFG         | display/wave_reader/p_0_in[1855]                                                                                                                                 |                                                                                                                                                             |                5 |             32 |
|  clk_IBUF_BUFG         | display/wave_reader/p_0_in[1727]                                                                                                                                 |                                                                                                                                                             |                6 |             32 |
|  clk_IBUF_BUFG         | display/wave_reader/p_0_in[1951]                                                                                                                                 |                                                                                                                                                             |                4 |             32 |
|  clk_IBUF_BUFG         | display/wave_reader/p_0_in[1935]                                                                                                                                 |                                                                                                                                                             |                5 |             32 |
|  clk_IBUF_BUFG         | display/wave_reader/p_0_in[2063]                                                                                                                                 |                                                                                                                                                             |                5 |             32 |
|  clk_IBUF_BUFG         | display/wave_reader/p_0_in[2079]                                                                                                                                 |                                                                                                                                                             |                6 |             32 |
|  clk_IBUF_BUFG         | display/wave_reader/p_0_in[2095]                                                                                                                                 |                                                                                                                                                             |                8 |             32 |
|  clk_IBUF_BUFG         | display/wave_reader/p_0_in[2143]                                                                                                                                 |                                                                                                                                                             |                6 |             32 |
|  clk_IBUF_BUFG         | display/wave_reader/p_0_in[1519]                                                                                                                                 |                                                                                                                                                             |                4 |             32 |
|  clk_IBUF_BUFG         | display/wave_reader/p_0_in[2047]                                                                                                                                 |                                                                                                                                                             |                6 |             32 |
|  clk_IBUF_BUFG         | display/wave_reader/p_0_in[1679]                                                                                                                                 |                                                                                                                                                             |                6 |             32 |
|  clk_IBUF_BUFG         | display/wave_reader/p_0_in[2191]                                                                                                                                 |                                                                                                                                                             |                6 |             32 |
|  clk_IBUF_BUFG         | display/wave_reader/p_0_in[2223]                                                                                                                                 |                                                                                                                                                             |                8 |             32 |
|  clk_IBUF_BUFG         | display/wave_reader/p_0_in[1567]                                                                                                                                 |                                                                                                                                                             |                7 |             32 |
|  clk_IBUF_BUFG         | display/wave_reader/p_0_in[2239]                                                                                                                                 |                                                                                                                                                             |                4 |             32 |
|  clk_IBUF_BUFG         | display/wave_reader/p_0_in[2255]                                                                                                                                 |                                                                                                                                                             |                5 |             32 |
|  clk_IBUF_BUFG         | display/wave_reader/p_0_in[1807]                                                                                                                                 |                                                                                                                                                             |                5 |             32 |
|  clk_IBUF_BUFG         | display/wave_reader/p_0_in[1551]                                                                                                                                 |                                                                                                                                                             |                6 |             32 |
|  clk_IBUF_BUFG         | display/wave_reader/p_0_in[2175]                                                                                                                                 |                                                                                                                                                             |                8 |             32 |
|  clk_IBUF_BUFG         | display/wave_reader/p_0_in[2287]                                                                                                                                 |                                                                                                                                                             |                6 |             32 |
|  clk_IBUF_BUFG         | display/wave_reader/p_0_in[2335]                                                                                                                                 |                                                                                                                                                             |                7 |             32 |
|  clk_IBUF_BUFG         | display/wave_reader/p_0_in[2367]                                                                                                                                 |                                                                                                                                                             |                6 |             32 |
|  clk_IBUF_BUFG         | display/wave_reader/p_0_in[2399]                                                                                                                                 |                                                                                                                                                             |                7 |             32 |
|  clk_IBUF_BUFG         | display/wave_reader/p_0_in[2415]                                                                                                                                 |                                                                                                                                                             |                5 |             32 |
|  clk_IBUF_BUFG         | display/wave_reader/p_0_in[2303]                                                                                                                                 |                                                                                                                                                             |                5 |             32 |
|  clk_IBUF_BUFG         | display/wave_reader/p_0_in[1823]                                                                                                                                 |                                                                                                                                                             |                8 |             32 |
|  clk_IBUF_BUFG         | display/wave_reader/p_0_in[2431]                                                                                                                                 |                                                                                                                                                             |                4 |             32 |
|  clk_IBUF_BUFG         | display/wave_reader/p_0_in[2447]                                                                                                                                 |                                                                                                                                                             |                5 |             32 |
|  clk_IBUF_BUFG         | display/wave_reader/p_0_in[1903]                                                                                                                                 |                                                                                                                                                             |                6 |             32 |
|  clk_IBUF_BUFG         | display/wave_reader/p_0_in[2479]                                                                                                                                 |                                                                                                                                                             |                7 |             32 |
|  clk_IBUF_BUFG         | display/wave_reader/p_0_in[1871]                                                                                                                                 |                                                                                                                                                             |                9 |             32 |
|  clk_IBUF_BUFG         | display/wave_reader/p_0_in[2495]                                                                                                                                 |                                                                                                                                                             |                5 |             32 |
|  clk_IBUF_BUFG         | display/wave_reader/p_0_in[1535]                                                                                                                                 |                                                                                                                                                             |                5 |             32 |
|  clk_IBUF_BUFG         | display/wave_reader/p_0_in[2383]                                                                                                                                 |                                                                                                                                                             |                6 |             32 |
|  clk_IBUF_BUFG         | display/wave_reader/p_0_in[2463]                                                                                                                                 |                                                                                                                                                             |                4 |             32 |
|  clk_IBUF_BUFG         | display/wave_reader/p_0_in[1599]                                                                                                                                 |                                                                                                                                                             |                6 |             32 |
|  clk_IBUF_BUFG         | display/wave_reader/p_0_in[3407]                                                                                                                                 |                                                                                                                                                             |                8 |             32 |
|  clk_IBUF_BUFG         | display/wave_reader/p_0_in[3295]                                                                                                                                 |                                                                                                                                                             |                5 |             32 |
|  clk_IBUF_BUFG         | display/wave_reader/p_0_in[2895]                                                                                                                                 |                                                                                                                                                             |                5 |             32 |
|  clk_IBUF_BUFG         | display/wave_reader/p_0_in[2703]                                                                                                                                 |                                                                                                                                                             |                4 |             32 |
|  clk_IBUF_BUFG         | display/wave_reader/p_0_in[2911]                                                                                                                                 |                                                                                                                                                             |                5 |             32 |
|  clk_IBUF_BUFG         | display/wave_reader/p_0_in[3231]                                                                                                                                 |                                                                                                                                                             |                5 |             32 |
|  clk_IBUF_BUFG         | display/wave_reader/p_0_in[3455]                                                                                                                                 |                                                                                                                                                             |                6 |             32 |
|  clk_IBUF_BUFG         | display/wave_reader/p_0_in[3359]                                                                                                                                 |                                                                                                                                                             |                4 |             32 |
|  clk_IBUF_BUFG         | display/wave_reader/p_0_in[3471]                                                                                                                                 |                                                                                                                                                             |                6 |             32 |
|  clk_IBUF_BUFG         | display/wave_reader/p_0_in[2607]                                                                                                                                 |                                                                                                                                                             |                7 |             32 |
|  clk_IBUF_BUFG         | display/wave_reader/p_0_in[2863]                                                                                                                                 |                                                                                                                                                             |                7 |             32 |
|  clk_IBUF_BUFG         | display/wave_reader/p_0_in[3487]                                                                                                                                 |                                                                                                                                                             |                5 |             32 |
|  clk_IBUF_BUFG         | display/wave_reader/p_0_in[2831]                                                                                                                                 |                                                                                                                                                             |                4 |             32 |
|  clk_IBUF_BUFG         | display/wave_reader/p_0_in[2767]                                                                                                                                 |                                                                                                                                                             |                5 |             32 |
|  clk_IBUF_BUFG         | display/wave_reader/p_0_in[2559]                                                                                                                                 |                                                                                                                                                             |                7 |             32 |
|  clk_IBUF_BUFG         | display/wave_reader/p_0_in[3519]                                                                                                                                 |                                                                                                                                                             |                7 |             32 |
|  clk_IBUF_BUFG         | display/wave_reader/p_0_in[2783]                                                                                                                                 |                                                                                                                                                             |                5 |             32 |
|  clk_IBUF_BUFG         | display/wave_reader/p_0_in[2623]                                                                                                                                 |                                                                                                                                                             |                5 |             32 |
|  clk_IBUF_BUFG         | display/wave_reader/p_0_in[2527]                                                                                                                                 |                                                                                                                                                             |                4 |             32 |
|  clk_IBUF_BUFG         | display/wave_reader/p_0_in[2879]                                                                                                                                 |                                                                                                                                                             |                6 |             32 |
|  clk_IBUF_BUFG         | display/wave_reader/p_0_in[2959]                                                                                                                                 |                                                                                                                                                             |                4 |             32 |
|  clk_IBUF_BUFG         | display/wave_reader/p_0_in[3183]                                                                                                                                 |                                                                                                                                                             |                6 |             32 |
|  clk_IBUF_BUFG         | display/wave_reader/p_0_in[3279]                                                                                                                                 |                                                                                                                                                             |                4 |             32 |
|  clk_IBUF_BUFG         | display/wave_reader/p_0_in[2671]                                                                                                                                 |                                                                                                                                                             |                6 |             32 |
|  clk_IBUF_BUFG         | display/wave_reader/p_0_in[3375]                                                                                                                                 |                                                                                                                                                             |                7 |             32 |
|  clk_IBUF_BUFG         | display/wave_reader/p_0_in[2591]                                                                                                                                 |                                                                                                                                                             |                4 |             32 |
|  clk_IBUF_BUFG         | display/wave_reader/p_0_in[3439]                                                                                                                                 |                                                                                                                                                             |                6 |             32 |
|  clk_IBUF_BUFG         | display/wave_reader/p_0_in[3263]                                                                                                                                 |                                                                                                                                                             |                5 |             32 |
|  clk_IBUF_BUFG         | display/wave_reader/p_0_in[2639]                                                                                                                                 |                                                                                                                                                             |                7 |             32 |
|  clk_IBUF_BUFG         | display/wave_reader/p_0_in[3423]                                                                                                                                 |                                                                                                                                                             |                5 |             32 |
|  clk_IBUF_BUFG         | display/wave_reader/p_0_in[3167]                                                                                                                                 |                                                                                                                                                             |                6 |             32 |
|  clk_IBUF_BUFG         | display/wave_reader/p_0_in[2719]                                                                                                                                 |                                                                                                                                                             |                6 |             32 |
|  clk_IBUF_BUFG         | display/wave_reader/p_0_in[2847]                                                                                                                                 |                                                                                                                                                             |                6 |             32 |
|  clk_IBUF_BUFG         | display/wave_reader/p_0_in[3503]                                                                                                                                 |                                                                                                                                                             |                5 |             32 |
|  clk_IBUF_BUFG         | display/wave_reader/p_0_in[3215]                                                                                                                                 |                                                                                                                                                             |                5 |             32 |
|  clk_IBUF_BUFG         | display/wave_reader/p_0_in[3311]                                                                                                                                 |                                                                                                                                                             |                8 |             32 |
|  clk_IBUF_BUFG         | display/wave_reader/p_0_in[3391]                                                                                                                                 |                                                                                                                                                             |                5 |             32 |
|  clk_IBUF_BUFG         | display/wave_reader/p_0_in[3535]                                                                                                                                 |                                                                                                                                                             |                6 |             32 |
|  clk_IBUF_BUFG         | display/wave_reader/p_0_in[2543]                                                                                                                                 |                                                                                                                                                             |                3 |             32 |
|  clk_IBUF_BUFG         | display/wave_reader/p_0_in[2815]                                                                                                                                 |                                                                                                                                                             |                5 |             32 |
|  clk_IBUF_BUFG         | display/wave_reader/p_0_in[2943]                                                                                                                                 |                                                                                                                                                             |                5 |             32 |
|  clk_IBUF_BUFG         | display/wave_reader/p_0_in[2751]                                                                                                                                 |                                                                                                                                                             |                7 |             32 |
|  clk_IBUF_BUFG         | display/wave_reader/p_0_in[2975]                                                                                                                                 |                                                                                                                                                             |                7 |             32 |
|  clk_IBUF_BUFG         | display/wave_reader/p_0_in[3007]                                                                                                                                 |                                                                                                                                                             |                6 |             32 |
|  clk_IBUF_BUFG         | display/wave_reader/p_0_in[3039]                                                                                                                                 |                                                                                                                                                             |                6 |             32 |
|  clk_IBUF_BUFG         | display/wave_reader/p_0_in[2799]                                                                                                                                 |                                                                                                                                                             |                6 |             32 |
|  clk_IBUF_BUFG         | display/wave_reader/p_0_in[2927]                                                                                                                                 |                                                                                                                                                             |                6 |             32 |
|  clk_IBUF_BUFG         | display/wave_reader/p_0_in[3119]                                                                                                                                 |                                                                                                                                                             |                5 |             32 |
|  clk_IBUF_BUFG         | display/wave_reader/p_0_in[3135]                                                                                                                                 |                                                                                                                                                             |                5 |             32 |
|  clk_IBUF_BUFG         | display/wave_reader/p_0_in[3071]                                                                                                                                 |                                                                                                                                                             |                7 |             32 |
|  clk_IBUF_BUFG         | display/wave_reader/p_0_in[3087]                                                                                                                                 |                                                                                                                                                             |                7 |             32 |
|  clk_IBUF_BUFG         | display/wave_reader/p_0_in[3199]                                                                                                                                 |                                                                                                                                                             |                4 |             32 |
|  clk_IBUF_BUFG         | display/wave_reader/p_0_in[2575]                                                                                                                                 |                                                                                                                                                             |                5 |             32 |
|  clk_IBUF_BUFG         | display/wave_reader/p_0_in[3023]                                                                                                                                 |                                                                                                                                                             |                7 |             32 |
|  clk_IBUF_BUFG         | display/wave_reader/p_0_in[3055]                                                                                                                                 |                                                                                                                                                             |                6 |             32 |
|  clk_IBUF_BUFG         | display/wave_reader/p_0_in[2687]                                                                                                                                 |                                                                                                                                                             |                6 |             32 |
|  clk_IBUF_BUFG         | display/wave_reader/p_0_in[3103]                                                                                                                                 |                                                                                                                                                             |                5 |             32 |
|  clk_IBUF_BUFG         | display/wave_reader/p_0_in[2655]                                                                                                                                 |                                                                                                                                                             |                4 |             32 |
|  clk_IBUF_BUFG         | display/wave_reader/p_0_in[2991]                                                                                                                                 |                                                                                                                                                             |                5 |             32 |
|  clk_IBUF_BUFG         | display/wave_reader/p_0_in[3151]                                                                                                                                 |                                                                                                                                                             |                5 |             32 |
|  clk_IBUF_BUFG         | display/wave_reader/p_0_in[3247]                                                                                                                                 |                                                                                                                                                             |                6 |             32 |
|  clk_IBUF_BUFG         | display/wave_reader/p_0_in[3327]                                                                                                                                 |                                                                                                                                                             |                5 |             32 |
|  clk_IBUF_BUFG         | display/wave_reader/p_0_in[3343]                                                                                                                                 |                                                                                                                                                             |                6 |             32 |
|  clk_IBUF_BUFG         | display/wave_reader/p_0_in[3551]                                                                                                                                 |                                                                                                                                                             |                5 |             32 |
|  clk_IBUF_BUFG         | display/wave_reader/p_0_in[3615]                                                                                                                                 |                                                                                                                                                             |                4 |             32 |
|  clk_IBUF_BUFG         | display/wave_reader/p_0_in[3807]                                                                                                                                 |                                                                                                                                                             |                5 |             32 |
|  clk_IBUF_BUFG         | display/wave_reader/p_0_in[3983]                                                                                                                                 |                                                                                                                                                             |                5 |             32 |
|  clk_IBUF_BUFG         | display/wave_reader/p_0_in[3679]                                                                                                                                 |                                                                                                                                                             |                6 |             32 |
|  clk_IBUF_BUFG         | display/wave_reader/p_0_in[4063]                                                                                                                                 |                                                                                                                                                             |                5 |             32 |
|  clk_IBUF_BUFG         | display/wave_reader/p_0_in[3743]                                                                                                                                 |                                                                                                                                                             |                6 |             32 |
|  clk_IBUF_BUFG         | display/wave_reader/p_0_in[3631]                                                                                                                                 |                                                                                                                                                             |                5 |             32 |
|  clk_IBUF_BUFG         | display/wave_reader/p_0_in[3935]                                                                                                                                 |                                                                                                                                                             |                5 |             32 |
|  clk_IBUF_BUFG         | display/wave_reader/p_0_in[3775]                                                                                                                                 |                                                                                                                                                             |                4 |             32 |
|  clk_IBUF_BUFG         | display/wave_reader/p_0_in[4079]                                                                                                                                 |                                                                                                                                                             |                6 |             32 |
|  clk_IBUF_BUFG         | display/wave_reader/p_0_in[3791]                                                                                                                                 |                                                                                                                                                             |                5 |             32 |
|  clk_IBUF_BUFG         | display/wave_reader/p_0_in[3871]                                                                                                                                 |                                                                                                                                                             |                6 |             32 |
|  clk_IBUF_BUFG         | display/wave_reader/p_0_in[4047]                                                                                                                                 |                                                                                                                                                             |                4 |             32 |
|  clk_IBUF_BUFG         | display/wave_reader/p_0_in[3567]                                                                                                                                 |                                                                                                                                                             |                5 |             32 |
|  clk_IBUF_BUFG         | display/wave_reader/p_0_in[3823]                                                                                                                                 |                                                                                                                                                             |                7 |             32 |
|  clk_IBUF_BUFG         | display/wave_reader/p_0_in[3839]                                                                                                                                 |                                                                                                                                                             |                6 |             32 |
|  clk_IBUF_BUFG         | display/wave_reader/p_0_in[3663]                                                                                                                                 |                                                                                                                                                             |                5 |             32 |
|  clk_IBUF_BUFG         | display/wave_reader/p_0_in[3887]                                                                                                                                 |                                                                                                                                                             |                6 |             32 |
|  clk_IBUF_BUFG         | display/wave_reader/p_0_in[3967]                                                                                                                                 |                                                                                                                                                             |                7 |             32 |
|  clk_IBUF_BUFG         | display/wave_reader/p_0_in[3903]                                                                                                                                 |                                                                                                                                                             |                6 |             32 |
|  clk_IBUF_BUFG         | display/wave_reader/p_0_in[3583]                                                                                                                                 |                                                                                                                                                             |                8 |             32 |
|  clk_IBUF_BUFG         | display/wave_reader/p_0_in[3647]                                                                                                                                 |                                                                                                                                                             |                5 |             32 |
|  clk_IBUF_BUFG         | display/wave_reader/p_0_in[3695]                                                                                                                                 |                                                                                                                                                             |                5 |             32 |
|  clk_IBUF_BUFG         | display/wave_reader/p_0_in[3711]                                                                                                                                 |                                                                                                                                                             |                8 |             32 |
|  clk_IBUF_BUFG         | display/wave_reader/p_0_in[3599]                                                                                                                                 |                                                                                                                                                             |                6 |             32 |
|  clk_IBUF_BUFG         | display/wave_reader/p_0_in[3951]                                                                                                                                 |                                                                                                                                                             |                5 |             32 |
|  clk_IBUF_BUFG         | display/wave_reader/p_0_in[4095]                                                                                                                                 |                                                                                                                                                             |                6 |             32 |
|  clk_IBUF_BUFG         | display/wave_reader/p_0_in[3727]                                                                                                                                 |                                                                                                                                                             |                5 |             32 |
|  clk_IBUF_BUFG         | display/wave_reader/p_0_in[4031]                                                                                                                                 |                                                                                                                                                             |                6 |             32 |
|  clk_IBUF_BUFG         | display/wave_reader/p_0_in[3855]                                                                                                                                 |                                                                                                                                                             |                6 |             32 |
|  clk_IBUF_BUFG         | display/wave_reader/p_0_in[4015]                                                                                                                                 |                                                                                                                                                             |                6 |             32 |
|  clk_IBUF_BUFG         | display/wave_reader/p_0_in[3919]                                                                                                                                 |                                                                                                                                                             |               10 |             32 |
|  clk_IBUF_BUFG         | display/wave_reader/p_0_in[3999]                                                                                                                                 |                                                                                                                                                             |                6 |             32 |
|  clk_IBUF_BUFG         | display/wave_reader/p_0_in[3759]                                                                                                                                 |                                                                                                                                                             |                8 |             32 |
|  clk_IBUF_BUFG         | display/wave_reader/p_0_in[2735]                                                                                                                                 |                                                                                                                                                             |                5 |             32 |
|  clk_IBUF_BUFG         | fft_engine/fft_input_re[15]_i_1_n_0                                                                                                                              |                                                                                                                                                             |                8 |             32 |
|  clk10khz              | display/fft_reader/current_reg[112][15][0]                                                                                                                       |                                                                                                                                                             |                8 |             32 |
|  clk10khz              | display/fft_reader/E[0]                                                                                                                                          |                                                                                                                                                             |               10 |             32 |
|  clk10khz              | display/fft_reader/current_reg[128][15][0]                                                                                                                       |                                                                                                                                                             |                8 |             32 |
|  clk10khz              | display/fft_reader/current_reg[160][15][0]                                                                                                                       |                                                                                                                                                             |                6 |             32 |
|  clk10khz              | display/fft_reader/current_reg[144][15][0]                                                                                                                       |                                                                                                                                                             |                6 |             32 |
|  clk10khz              | display/fft_reader/current_reg[176][15][0]                                                                                                                       |                                                                                                                                                             |                9 |             32 |
|  clk10khz              | display/fft_reader/current_reg[16][15][0]                                                                                                                        |                                                                                                                                                             |                7 |             32 |
|  clk10khz              | display/fft_reader/current_reg[192][15][0]                                                                                                                       |                                                                                                                                                             |                8 |             32 |
|  clk10khz              | display/fft_reader/current_reg[208][15][0]                                                                                                                       |                                                                                                                                                             |                5 |             32 |
|  clk10khz              | display/fft_reader/current_reg[224][15][0]                                                                                                                       |                                                                                                                                                             |               10 |             32 |
|  clk10khz              | display/fft_reader/current_reg[240][15]_0[0]                                                                                                                     |                                                                                                                                                             |                9 |             32 |
|  clk10khz              | display/fft_reader/current_reg[48][15][0]                                                                                                                        |                                                                                                                                                             |               11 |             32 |
|  clk10khz              | display/fft_reader/current_reg[32][15][0]                                                                                                                        |                                                                                                                                                             |                7 |             32 |
|  clk10khz              | display/fft_reader/current_reg[64][15][0]                                                                                                                        |                                                                                                                                                             |                6 |             32 |
|  clk10khz              | display/fft_reader/current_reg[80][15][0]                                                                                                                        |                                                                                                                                                             |                8 |             32 |
|  clk10khz              | display/fft_reader/current_reg[96][15][0]                                                                                                                        |                                                                                                                                                             |               11 |             32 |
| ~clk6p25mhz            |                                                                                                                                                                  | display/oledA/frame_counter[16]_i_1_n_0                                                                                                                     |                4 |             32 |
| ~clk6p25mhz            |                                                                                                                                                                  | display/oledB/frame_counter[16]_i_1__0_n_0                                                                                                                  |                4 |             32 |
|  clk_IBUF_BUFG         |                                                                                                                                                                  | fft_engine/timeout_counter[15]_i_1_n_0                                                                                                                      |                5 |             32 |
|  clk_IBUF_BUFG         | fft_engine/forward_fft/U0/i_synth/axi_wrapper/data_in_channel_fifo/gen_non_real_time.data_in_fifo_pt1/wr_enable                                                  |                                                                                                                                                             |                2 |             32 |
| ~clk6p25mhz            | display/oledA/delay[0]_i_1_n_0                                                                                                                                   |                                                                                                                                                             |                5 |             40 |
| ~clk6p25mhz            | display/oledB/delay[0]_i_1__0_n_0                                                                                                                                |                                                                                                                                                             |                5 |             40 |
|  clk_IBUF_BUFG         | output_dac/u_bridge/u_fifo/xpm_fifo_base_inst/xpm_fifo_rst_inst/ram_wr_en_pf                                                                                     | output_dac/u_bridge/u_fifo/xpm_fifo_base_inst/xpm_fifo_rst_inst/Q[0]                                                                                        |                6 |             42 |
|  clk_IBUF_BUFG         | output_dac/u_bridge/u_fifo/xpm_fifo_base_inst/rdpp1_inst/E[0]                                                                                                    | output_dac/u_bridge/u_fifo/xpm_fifo_base_inst/xpm_fifo_rst_inst/Q[0]                                                                                        |                6 |             42 |
|  clk_IBUF_BUFG         | fft_engine/sample_buffer_reg_64_127_0_2_i_1_n_0                                                                                                                  |                                                                                                                                                             |                6 |             44 |
|  clk_IBUF_BUFG         | fft_engine/sample_buffer_reg_192_255_0_2_i_1_n_0                                                                                                                 |                                                                                                                                                             |                6 |             44 |
|  clk_IBUF_BUFG         | fft_engine/sample_buffer_reg_128_191_0_2_i_1_n_0                                                                                                                 |                                                                                                                                                             |                6 |             44 |
|  clk_IBUF_BUFG         | fft_engine/sample_buffer_reg_0_63_0_2_i_1_n_0                                                                                                                    |                                                                                                                                                             |                6 |             44 |
|  clk_IBUF_BUFG         |                                                                                                                                                                  | input_mic/u_peak/ctr[23]_i_1_n_0                                                                                                                            |                6 |             46 |
|  clk_IBUF_BUFG         | fft_engine/forward_fft/U0/i_synth/axi_wrapper/ce_w2c                                                                                                             | fft_engine/forward_fft/U0/i_synth/axi_wrapper/SR[0]                                                                                                         |                8 |             50 |
|  clk_IBUF_BUFG         | fft_engine/forward_fft/U0/i_synth/axi_wrapper/data_out_channel/gen_non_real_time.fifo_i_1_n_0                                                                    |                                                                                                                                                             |                4 |             52 |
|  clk_IBUF_BUFG         | input_mic/u_cs/sample_valid                                                                                                                                      |                                                                                                                                                             |                7 |             54 |
| ~clk6p25mhz            | display/oledA/FSM_onehot_state[31]_i_1_n_0                                                                                                                       |                                                                                                                                                             |                9 |             64 |
|  clk_IBUF_BUFG         | fft_engine/ifft_input_re[15]_i_2_n_0                                                                                                                             | fft_engine/ifft_input_re[15]_i_1_n_0                                                                                                                        |               32 |             64 |
|  clk_IBUF_BUFG         |                                                                                                                                                                  | display/clk2/counter[0]_i_1__0_n_0                                                                                                                          |                8 |             64 |
|  clk_IBUF_BUFG         |                                                                                                                                                                  | display/clk1/clear                                                                                                                                          |                8 |             64 |
|  clk_IBUF_BUFG         |                                                                                                                                                                  | output_dac/u_da2/u_nco/clear                                                                                                                                |                8 |             64 |
|  clk_IBUF_BUFG         | output_dac/u_da2/frame_a[15]_i_1_n_0                                                                                                                             |                                                                                                                                                             |                9 |             64 |
| ~clk6p25mhz            | display/oledB/FSM_onehot_state[31]_i_1__0_n_0                                                                                                                    |                                                                                                                                                             |                9 |             64 |
|  clk_IBUF_BUFG         | fft_engine/inverse_fft/U0/i_synth/axi_wrapper/data_in_channel_fifo/gen_non_real_time.data_in_fifo_pt1/wr_enable                                                  |                                                                                                                                                             |                4 |             64 |
|  clk_IBUF_BUFG         | fft_engine/inverse_fft/U0/i_synth/axi_wrapper/data_in_channel_fifo/gen_non_real_time.data_in_fifo_pt1/gen_non_real_time.gen_has_skid_buffer.data_out_2_reg[0][0] |                                                                                                                                                             |                4 |             64 |
|  clk_IBUF_BUFG         | fft_engine/inverse_fft/U0/i_synth/axi_wrapper/data_in_channel_fifo/gen_non_real_time.data_in_fifo_pt1/gen_non_real_time.gen_has_skid_buffer.data_out_1_reg[0][0] |                                                                                                                                                             |                5 |             64 |
|  clk_IBUF_BUFG         | output_dac/u_da2/u_spi/bit_cnt                                                                                                                                   |                                                                                                                                                             |               12 |             74 |
| ~clk6p25mhz            |                                                                                                                                                                  | display/oledB/spi_word[39]_i_1__0_n_0                                                                                                                       |               19 |             90 |
| ~clk6p25mhz            |                                                                                                                                                                  | display/oledA/spi_word[39]_i_1_n_0                                                                                                                          |               19 |             90 |
|  clk_IBUF_BUFG         | output_dac/u_bridge/sample_valid                                                                                                                                 |                                                                                                                                                             |               11 |             96 |
|  clk_IBUF_BUFG         | fft_engine/wave_data_valid                                                                                                                                       |                                                                                                                                                             |               36 |            116 |
|  clk_IBUF_BUFG         |                                                                                                                                                                  | display/disp_ctrl/clk1/clear                                                                                                                                |               16 |            128 |
|  clk_IBUF_BUFG         | fft_engine/p_0_in0_in                                                                                                                                            |                                                                                                                                                             |               32 |            256 |
|  clk_IBUF_BUFG         |                                                                                                                                                                  |                                                                                                                                                             |              127 |            738 |
|  clk_IBUF_BUFG         | fft_engine/forward_fft/U0/i_synth/axi_wrapper/ce_w2c                                                                                                             |                                                                                                                                                             |              763 |           7982 |
|  clk_IBUF_BUFG         | fft_engine/inverse_fft/U0/i_synth/axi_wrapper/ce_w2c                                                                                                             |                                                                                                                                                             |              773 |           8178 |
|  disp_ctrl/clk30hz     |                                                                                                                                                                  |                                                                                                                                                             |             1360 |           8704 |
+------------------------+------------------------------------------------------------------------------------------------------------------------------------------------------------------+-------------------------------------------------------------------------------------------------------------------------------------------------------------+------------------+----------------+


