Copyright 1986-2018 Xilinx, Inc. All Rights Reserved.
-------------------------------------------------------------------------------------------------------------------------------
| Tool Version     : Vivado v.2018.2 (win64) Build 2258646 Thu Jun 14 20:03:12 MDT 2018
| Date             : Thu Dec 18 20:25:33 2025
| Host             : Sid running 64-bit major release  (build 9200)
| Command          : report_power -file top_power_routed.rpt -pb top_power_summary_routed.pb -rpx top_power_routed.rpx
| Design           : top
| Device           : xc7a35tcpg236-1
| Design State     : routed
| Grade            : commercial
| Process          : typical
| Characterization : Production
-------------------------------------------------------------------------------------------------------------------------------

Power Report

Table of Contents
-----------------
1. Summary
1.1 On-Chip Components
1.2 Power Supply Summary
1.3 Confidence Level
2. Settings
2.1 Environment
2.2 Clock Constraints
3. Detailed Reports
3.1 By Hierarchy

1. Summary
----------

+--------------------------+--------------+
| Total On-Chip Power (W)  | 0.569        |
| Design Power Budget (W)  | Unspecified* |
| Power Budget Margin (W)  | NA           |
| Dynamic (W)              | 0.496        |
| Device Static (W)        | 0.073        |
| Effective TJA (C/W)      | 5.0          |
| Max Ambient (C)          | 82.2         |
| Junction Temperature (C) | 27.8         |
| Confidence Level         | Low          |
| Setting File             | ---          |
| Simulation Activity File | ---          |
| Design Nets Matched      | NA           |
+--------------------------+--------------+
* Specify Design Power Budget using, set_operating_conditions -design_power_budget <value in Watts>


1.1 On-Chip Components
----------------------

+--------------------------+-----------+----------+-----------+-----------------+
| On-Chip                  | Power (W) | Used     | Available | Utilization (%) |
+--------------------------+-----------+----------+-----------+-----------------+
| Clocks                   |     0.033 |        3 |       --- |             --- |
| Slice Logic              |     0.176 |    46248 |       --- |             --- |
|   LUT as Logic           |     0.139 |    18361 |     20800 |           88.27 |
|   CARRY4                 |     0.024 |     3832 |      8150 |           47.02 |
|   Register               |     0.009 |    16813 |     41600 |           40.42 |
|   LUT as Shift Register  |     0.004 |     1187 |      9600 |           12.36 |
|   LUT as Distributed RAM |    <0.001 |      280 |      9600 |            2.92 |
|   F7/F8 Muxes            |    <0.001 |      233 |     32600 |            0.71 |
|   BUFG                   |    <0.001 |        4 |        32 |           12.50 |
|   Others                 |     0.000 |     1430 |       --- |             --- |
| Signals                  |     0.223 |    33264 |       --- |             --- |
| Block RAM                |     0.017 |        5 |        50 |           10.00 |
| DSPs                     |     0.023 |       21 |        90 |           23.33 |
| I/O                      |     0.024 |       72 |       106 |           67.92 |
| Static Power             |     0.073 |          |           |                 |
| Total                    |     0.569 |          |           |                 |
+--------------------------+-----------+----------+-----------+-----------------+


1.2 Power Supply Summary
------------------------

+-----------+-------------+-----------+-------------+------------+
| Source    | Voltage (V) | Total (A) | Dynamic (A) | Static (A) |
+-----------+-------------+-----------+-------------+------------+
| Vccint    |       1.000 |     0.482 |       0.472 |      0.011 |
| Vccaux    |       1.800 |     0.014 |       0.001 |      0.013 |
| Vcco33    |       3.300 |     0.008 |       0.007 |      0.001 |
| Vcco25    |       2.500 |     0.000 |       0.000 |      0.000 |
| Vcco18    |       1.800 |     0.000 |       0.000 |      0.000 |
| Vcco15    |       1.500 |     0.000 |       0.000 |      0.000 |
| Vcco135   |       1.350 |     0.000 |       0.000 |      0.000 |
| Vcco12    |       1.200 |     0.000 |       0.000 |      0.000 |
| Vccaux_io |       1.800 |     0.000 |       0.000 |      0.000 |
| Vccbram   |       1.000 |     0.001 |       0.001 |      0.000 |
| MGTAVcc   |       1.000 |     0.000 |       0.000 |      0.000 |
| MGTAVtt   |       1.200 |     0.000 |       0.000 |      0.000 |
| Vccadc    |       1.800 |     0.020 |       0.000 |      0.020 |
+-----------+-------------+-----------+-------------+------------+


1.3 Confidence Level
--------------------

+-----------------------------+------------+--------------------------------------------------------+--------------------------------------------------------------------------------------------------------------------+
| User Input Data             | Confidence | Details                                                | Action                                                                                                             |
+-----------------------------+------------+--------------------------------------------------------+--------------------------------------------------------------------------------------------------------------------+
| Design implementation state | High       | Design is routed                                       |                                                                                                                    |
| Clock nodes activity        | Low        | User specified less than 75% of clocks                 | Provide missing clock activity with a constraint file, simulation results or by editing the "By Clock Domain" view |
| I/O nodes activity          | Low        | More than 75% of inputs are missing user specification | Provide missing input activity with simulation results or by editing the "By Resource Type -> I/Os" view           |
| Internal nodes activity     | Medium     | User specified less than 25% of internal nodes         | Provide missing internal nodes activity with simulation results or by editing the "By Resource Type" views         |
| Device models               | High       | Device models are Production                           |                                                                                                                    |
|                             |            |                                                        |                                                                                                                    |
| Overall confidence level    | Low        |                                                        |                                                                                                                    |
+-----------------------------+------------+--------------------------------------------------------+--------------------------------------------------------------------------------------------------------------------+


2. Settings
-----------

2.1 Environment
---------------

+-----------------------+--------------------------+
| Ambient Temp (C)      | 25.0                     |
| ThetaJA (C/W)         | 5.0                      |
| Airflow (LFM)         | 250                      |
| Heat Sink             | medium (Medium Profile)  |
| ThetaSA (C/W)         | 4.6                      |
| Board Selection       | medium (10"x10")         |
| # of Board Layers     | 12to15 (12 to 15 Layers) |
| Board Temperature (C) | 25.0                     |
+-----------------------+--------------------------+


2.2 Clock Constraints
---------------------

+-------------+--------+-----------------+
| Clock       | Domain | Constraint (ns) |
+-------------+--------+-----------------+
| sys_clk_pin | clk    |            10.0 |
+-------------+--------+-----------------+


3. Detailed Reports
-------------------

3.1 By Hierarchy
----------------

+----------------------------------------------------------------------------------------------+-----------+
| Name                                                                                         | Power (W) |
+----------------------------------------------------------------------------------------------+-----------+
| top                                                                                          |     0.496 |
|   display                                                                                    |     0.344 |
|     clk1                                                                                     |    <0.001 |
|     clk2                                                                                     |    <0.001 |
|     disp_ctrl                                                                                |     0.261 |
|       clk1                                                                                   |    <0.001 |
|       fft                                                                                    |     0.012 |
|       wave                                                                                   |     0.218 |
|     fft_reader                                                                               |     0.006 |
|     oledA                                                                                    |     0.003 |
|     oledB                                                                                    |     0.026 |
|     swman                                                                                    |     0.009 |
|     wave_reader                                                                              |     0.038 |
|   fft_engine                                                                                 |     0.115 |
|     fft_complex_buffer_reg_0_255_0_0                                                         |    <0.001 |
|     fft_complex_buffer_reg_0_255_10_10                                                       |    <0.001 |
|     fft_complex_buffer_reg_0_255_11_11                                                       |    <0.001 |
|     fft_complex_buffer_reg_0_255_12_12                                                       |    <0.001 |
|     fft_complex_buffer_reg_0_255_13_13                                                       |    <0.001 |
|     fft_complex_buffer_reg_0_255_14_14                                                       |    <0.001 |
|     fft_complex_buffer_reg_0_255_15_15                                                       |    <0.001 |
|     fft_complex_buffer_reg_0_255_16_16                                                       |    <0.001 |
|     fft_complex_buffer_reg_0_255_17_17                                                       |    <0.001 |
|     fft_complex_buffer_reg_0_255_18_18                                                       |    <0.001 |
|     fft_complex_buffer_reg_0_255_19_19                                                       |    <0.001 |
|     fft_complex_buffer_reg_0_255_1_1                                                         |    <0.001 |
|     fft_complex_buffer_reg_0_255_20_20                                                       |    <0.001 |
|     fft_complex_buffer_reg_0_255_21_21                                                       |    <0.001 |
|     fft_complex_buffer_reg_0_255_22_22                                                       |    <0.001 |
|     fft_complex_buffer_reg_0_255_23_23                                                       |    <0.001 |
|     fft_complex_buffer_reg_0_255_24_24                                                       |    <0.001 |
|     fft_complex_buffer_reg_0_255_25_25                                                       |    <0.001 |
|     fft_complex_buffer_reg_0_255_26_26                                                       |    <0.001 |
|     fft_complex_buffer_reg_0_255_27_27                                                       |    <0.001 |
|     fft_complex_buffer_reg_0_255_28_28                                                       |    <0.001 |
|     fft_complex_buffer_reg_0_255_29_29                                                       |    <0.001 |
|     fft_complex_buffer_reg_0_255_2_2                                                         |    <0.001 |
|     fft_complex_buffer_reg_0_255_30_30                                                       |    <0.001 |
|     fft_complex_buffer_reg_0_255_31_31                                                       |    <0.001 |
|     fft_complex_buffer_reg_0_255_3_3                                                         |    <0.001 |
|     fft_complex_buffer_reg_0_255_4_4                                                         |    <0.001 |
|     fft_complex_buffer_reg_0_255_5_5                                                         |    <0.001 |
|     fft_complex_buffer_reg_0_255_6_6                                                         |    <0.001 |
|     fft_complex_buffer_reg_0_255_7_7                                                         |    <0.001 |
|     fft_complex_buffer_reg_0_255_8_8                                                         |    <0.001 |
|     fft_complex_buffer_reg_0_255_9_9                                                         |    <0.001 |
|     forward_fft                                                                              |     0.054 |
|       U0                                                                                     |     0.054 |
|         i_synth                                                                              |     0.054 |
|           axi_wrapper                                                                        |     0.001 |
|             config_channel_fifo                                                              |    <0.001 |
|               gen_non_real_time.data_in_fifo_pt1                                             |    <0.001 |
|                 fifo0                                                                        |    <0.001 |
|             data_in_channel_fifo                                                             |    <0.001 |
|               gen_non_real_time.data_in_fifo_pt1                                             |    <0.001 |
|                 fifo0                                                                        |    <0.001 |
|             data_out_channel                                                                 |    <0.001 |
|               gen_non_real_time.fifo                                                         |    <0.001 |
|                 fifo0                                                                        |    <0.001 |
|           xfft_inst                                                                          |     0.053 |
|             non_floating_point.arch_d.xfft_inst                                              |     0.053 |
|               DOUT_CNT_CTRL_0                                                                |    <0.001 |
|                 cnt                                                                          |    <0.001 |
|                   cnt_addsub                                                                 |    <0.001 |
|                     i_baseblox.i_baseblox_addsub                                             |    <0.001 |
|                       no_pipelining.the_addsub                                               |    <0.001 |
|                         i_lut6.i_lut6_addsub                                                 |    <0.001 |
|                           i_q.i_simple.qreg                                                  |    <0.001 |
|                   i_tc_compare_new                                                           |    <0.001 |
|               FLOW                                                                           |    <0.001 |
|                 proc0_counter                                                                |    <0.001 |
|                   cnt_addsub                                                                 |    <0.001 |
|                     i_baseblox.i_baseblox_addsub                                             |    <0.001 |
|                       no_pipelining.the_addsub                                               |    <0.001 |
|                         i_lut6.i_lut6_addsub                                                 |    <0.001 |
|                           i_q.i_simple.qreg                                                  |    <0.001 |
|                   i_tc_compare_new                                                           |    <0.001 |
|                 proc_cnt_start                                                               |    <0.001 |
|                 reset_sustain.delay_reset_3                                                  |    <0.001 |
|                   counter_addsub                                                             |    <0.001 |
|                     i_baseblox.i_baseblox_addsub                                             |    <0.001 |
|                       no_pipelining.the_addsub                                               |    <0.001 |
|                         i_lut6.i_lut6_addsub                                                 |    <0.001 |
|                 reset_sustain.delay_reset_7                                                  |    <0.001 |
|                   counter_addsub                                                             |    <0.001 |
|                     i_baseblox.i_baseblox_addsub                                             |    <0.001 |
|                       no_pipelining.the_addsub                                               |    <0.001 |
|                         i_lut6.i_lut6_addsub                                                 |    <0.001 |
|                 reset_sustain.resets_4_pes[0].delay_reset_pe                                 |    <0.001 |
|                   counter_addsub                                                             |    <0.001 |
|                     i_baseblox.i_baseblox_addsub                                             |    <0.001 |
|                       no_pipelining.the_addsub                                               |    <0.001 |
|                         i_lut6.i_lut6_addsub                                                 |    <0.001 |
|                 reset_sustain.resets_4_pes[1].delay_reset_pe                                 |    <0.001 |
|                   counter_addsub                                                             |    <0.001 |
|                     i_baseblox.i_baseblox_addsub                                             |    <0.001 |
|                       no_pipelining.the_addsub                                               |    <0.001 |
|                         i_lut6.i_lut6_addsub                                                 |    <0.001 |
|                   tc_compare                                                                 |    <0.001 |
|                 reset_sustain.resets_4_pes[2].delay_reset_pe                                 |    <0.001 |
|                   counter_addsub                                                             |    <0.001 |
|                     i_baseblox.i_baseblox_addsub                                             |    <0.001 |
|                       no_pipelining.the_addsub                                               |    <0.001 |
|                         i_lut6.i_lut6_addsub                                                 |    <0.001 |
|                 reset_sustain.resets_4_pes[3].delay_reset_pe                                 |    <0.001 |
|                   counter_addsub                                                             |    <0.001 |
|                     i_baseblox.i_baseblox_addsub                                             |    <0.001 |
|                       no_pipelining.the_addsub                                               |    <0.001 |
|                         i_lut6.i_lut6_addsub                                                 |    <0.001 |
|                   tc_compare                                                                 |    <0.001 |
|                 start_reg_delay                                                              |    <0.001 |
|                   no_sclr_lut.real_shift_ram.use_baseblock.not_use_hlutnm_srls.i_shift_ram   |    <0.001 |
|                     i_bb_inst                                                                |    <0.001 |
|               has_bit_reverse.delay_DV                                                       |    <0.001 |
|                 need_sclr_lut.real_shift_ram.d3plus.not_use_hlutnm_srls.i_shift_ram          |    <0.001 |
|                   i_bb_inst                                                                  |    <0.001 |
|               has_bit_reverse.delay_addr_r_MSB                                               |    <0.001 |
|               has_bit_reverse.delay_addr_w_MSB                                               |    <0.001 |
|               has_bit_reverse.delay_done_int                                                 |    <0.001 |
|                 need_sclr_lut.real_shift_ram.d3plus.not_use_hlutnm_srls.i_shift_ram          |    <0.001 |
|                   i_bb_inst                                                                  |    <0.001 |
|               has_bit_reverse.delay_reorder_write_addr                                       |    <0.001 |
|               has_bit_reverse.dig_rev_mem                                                    |     0.003 |
|                 blk_ram.use_bram_only.mem                                                    |     0.003 |
|               has_bit_reverse.dout_rev_we_delay                                              |    <0.001 |
|                 no_sclr_lut.real_shift_ram.use_baseblock.not_use_hlutnm_srls.i_shift_ram     |    <0.001 |
|                   i_bb_inst                                                                  |    <0.001 |
|               has_bit_reverse.fixed_pt_size_muxed_addresses.read_addr_fixed_nfft_delay       |    <0.001 |
|               has_bit_reverse.no_cyclic_prefix_xk_counter.DOUT_CNT_CTRL_1                    |    <0.001 |
|                 cnt                                                                          |    <0.001 |
|                   cnt_addsub                                                                 |    <0.001 |
|                     i_baseblox.i_baseblox_addsub                                             |    <0.001 |
|                       no_pipelining.the_addsub                                               |    <0.001 |
|                         i_lut6.i_lut6_addsub                                                 |    <0.001 |
|                           i_q.i_simple.qreg                                                  |    <0.001 |
|                   i_tc_compare_new                                                           |    <0.001 |
|               has_bit_reverse.pe_out_reg                                                     |    <0.001 |
|               has_bit_reverse.unshifted_read_addr.read_addr_delay                            |    <0.001 |
|               input_delay_re                                                                 |    <0.001 |
|               pe0_bf1_addr_gen                                                               |    <0.001 |
|               pe0_bf2_start_gen                                                              |    <0.001 |
|               pe_gen[0].natural_order_input.PE                                               |     0.014 |
|                 FB_1.BF_1                                                                    |     0.004 |
|                   BTFLY0                                                                     |    <0.001 |
|                     logic_bfly_byp.add_i                                                     |    <0.001 |
|                       adder                                                                  |    <0.001 |
|                         i_baseblox.i_baseblox_addsub                                         |    <0.001 |
|                           no_pipelining.the_addsub                                           |    <0.001 |
|                             i_lut6.i_lut6_addsub                                             |    <0.001 |
|                               i_q.i_simple.qreg                                              |    <0.001 |
|                     logic_bfly_byp.add_r                                                     |    <0.001 |
|                       adder                                                                  |    <0.001 |
|                         i_baseblox.i_baseblox_addsub                                         |    <0.001 |
|                           no_pipelining.the_addsub                                           |    <0.001 |
|                             i_lut6.i_lut6_addsub                                             |    <0.001 |
|                               i_q.i_simple.qreg                                              |    <0.001 |
|                     logic_bfly_byp.sub_i                                                     |    <0.001 |
|                       sub                                                                    |    <0.001 |
|                         i_baseblox.i_baseblox_addsub                                         |    <0.001 |
|                           no_pipelining.the_addsub                                           |    <0.001 |
|                             i_lut6.i_lut6_addsub                                             |    <0.001 |
|                               i_q.i_simple.qreg                                              |    <0.001 |
|                     logic_bfly_byp.sub_r                                                     |    <0.001 |
|                       sub                                                                    |    <0.001 |
|                         i_baseblox.i_baseblox_addsub                                         |    <0.001 |
|                           no_pipelining.the_addsub                                           |    <0.001 |
|                             i_lut6.i_lut6_addsub                                             |    <0.001 |
|                               i_q.i_simple.qreg                                              |    <0.001 |
|                   MEM                                                                        |     0.002 |
|                     blk_ram.use_bram_only.mem                                                |     0.002 |
|                   mem_mux_and_reg_upper_im                                                   |    <0.001 |
|                     slicel_slicem_implementation.mux                                         |    <0.001 |
|                   mem_mux_and_reg_upper_re                                                   |    <0.001 |
|                     slicel_slicem_implementation.delay_line                                  |    <0.001 |
|                     slicel_slicem_implementation.mux                                         |    <0.001 |
|                   mux_sel_reg                                                                |    <0.001 |
|                   no_nfft.bypass_reg                                                         |    <0.001 |
|                     no_sclr_lut.real_shift_ram.use_baseblock.not_use_hlutnm_srls.i_shift_ram |    <0.001 |
|                       i_bb_inst                                                              |    <0.001 |
|                   no_twos_cmp.REG_lower_re                                                   |    <0.001 |
|                   wr_addr_del                                                                |    <0.001 |
|                 delay_addr_bf2                                                               |    <0.001 |
|                 has_TW_mult.MULT                                                             |     0.006 |
|                   i_cmpy                                                                     |     0.006 |
|                     three_mult_structure.use_dsp.i_dsp48                                     |     0.006 |
|                       dsp_preadder_1.reg_mult1_preadd_d                                      |    <0.001 |
|                       mult1_preadder_d_plus_a.mult1                                          |     0.002 |
|                         mult                                                                 |     0.002 |
|                           use_prim.iAdelx[0].iAdely[0].use_delay_line.Adelay                 |    <0.001 |
|                           use_prim.iBdelx[0].iBdely[0].need_delay_line.Bdelay                |    <0.001 |
|                       mult2_preadder_d_plus_a.mult2                                          |     0.001 |
|                         mult                                                                 |     0.001 |
|                       mult3_preadder_d_minus_a.mult3                                         |     0.002 |
|                         mult                                                                 |     0.002 |
|                           use_prim.iBdelx[0].iBdely[0].need_delay_line.Bdelay                |    <0.001 |
|                       optionally_negate_inputs                                               |    <0.001 |
|                 has_TW_mult.TW                                                               |    <0.001 |
|                   ADD0                                                                       |    <0.001 |
|                     adder                                                                    |    <0.001 |
|                       i_baseblox.i_baseblox_addsub                                           |    <0.001 |
|                         no_pipelining.the_addsub                                             |    <0.001 |
|                           i_lut6.i_lut6_addsub                                               |    <0.001 |
|                             i_q.i_simple.qreg                                                |    <0.001 |
|                   MUX0                                                                       |    <0.001 |
|                   delay_tw_addr_msb                                                          |    <0.001 |
|                     no_sclr_lut.real_shift_ram.use_baseblock.not_use_hlutnm_srls.i_shift_ram |    <0.001 |
|                       i_bb_inst                                                              |    <0.001 |
|                   twiddle_generator                                                          |    <0.001 |
|                     tw2.twgen2                                                               |    <0.001 |
|                       dist_ram.first_quarter_table_reg_0_63_0_0                              |    <0.001 |
|                       dist_ram.first_quarter_table_reg_0_63_10_10                            |    <0.001 |
|                       dist_ram.first_quarter_table_reg_0_63_11_11                            |    <0.001 |
|                       dist_ram.first_quarter_table_reg_0_63_12_12                            |    <0.001 |
|                       dist_ram.first_quarter_table_reg_0_63_13_13                            |    <0.001 |
|                       dist_ram.first_quarter_table_reg_0_63_14_14                            |    <0.001 |
|                       dist_ram.first_quarter_table_reg_0_63_15_15                            |    <0.001 |
|                       dist_ram.first_quarter_table_reg_0_63_1_1                              |    <0.001 |
|                       dist_ram.first_quarter_table_reg_0_63_2_2                              |    <0.001 |
|                       dist_ram.first_quarter_table_reg_0_63_3_3                              |    <0.001 |
|                       dist_ram.first_quarter_table_reg_0_63_4_4                              |    <0.001 |
|                       dist_ram.first_quarter_table_reg_0_63_5_5                              |    <0.001 |
|                       dist_ram.first_quarter_table_reg_0_63_6_6                              |    <0.001 |
|                       dist_ram.first_quarter_table_reg_0_63_7_7                              |    <0.001 |
|                       dist_ram.first_quarter_table_reg_0_63_8_8                              |    <0.001 |
|                       dist_ram.first_quarter_table_reg_0_63_9_9                              |    <0.001 |
|                       dist_ram.second_quarter_table_reg_0_63_0_0                             |    <0.001 |
|                       dist_ram.second_quarter_table_reg_0_63_10_10                           |    <0.001 |
|                       dist_ram.second_quarter_table_reg_0_63_11_11                           |    <0.001 |
|                       dist_ram.second_quarter_table_reg_0_63_12_12                           |    <0.001 |
|                       dist_ram.second_quarter_table_reg_0_63_13_13                           |    <0.001 |
|                       dist_ram.second_quarter_table_reg_0_63_14_14                           |    <0.001 |
|                       dist_ram.second_quarter_table_reg_0_63_15_15                           |    <0.001 |
|                       dist_ram.second_quarter_table_reg_0_63_1_1                             |    <0.001 |
|                       dist_ram.second_quarter_table_reg_0_63_2_2                             |    <0.001 |
|                       dist_ram.second_quarter_table_reg_0_63_3_3                             |    <0.001 |
|                       dist_ram.second_quarter_table_reg_0_63_4_4                             |    <0.001 |
|                       dist_ram.second_quarter_table_reg_0_63_5_5                             |    <0.001 |
|                       dist_ram.second_quarter_table_reg_0_63_6_6                             |    <0.001 |
|                       dist_ram.second_quarter_table_reg_0_63_7_7                             |    <0.001 |
|                       dist_ram.second_quarter_table_reg_0_63_8_8                             |    <0.001 |
|                       dist_ram.second_quarter_table_reg_0_63_9_9                             |    <0.001 |
|                 has_TW_mult.delay_fwd_inv                                                    |    <0.001 |
|                   no_sclr_lut.real_shift_ram.use_baseblock.not_use_hlutnm_srls.i_shift_ram   |    <0.001 |
|                     i_bb_inst                                                                |    <0.001 |
|                 has_TW_mult.sync_tw_addr                                                     |    <0.001 |
|                 has_addr_gen.bf2_addr_gen                                                    |    <0.001 |
|                   cnt                                                                        |    <0.001 |
|                     cnt_addsub                                                               |    <0.001 |
|                       i_baseblox.i_baseblox_addsub                                           |    <0.001 |
|                         no_pipelining.the_addsub                                             |    <0.001 |
|                           i_lut6.i_lut6_addsub                                               |    <0.001 |
|                             i_q.i_simple.qreg                                                |    <0.001 |
|                     i_tc_compare_new                                                         |    <0.001 |
|                   output_cnt.next_start_int_equ                                              |    <0.001 |
|                 has_addr_gen.next_bf1_addr_delay                                             |    <0.001 |
|                 has_addr_gen.next_bf2_start_delay                                            |    <0.001 |
|                   need_sclr_lut.real_shift_ram.d3plus.not_use_hlutnm_srls.i_shift_ram        |    <0.001 |
|                     i_bb_inst                                                                |    <0.001 |
|                 has_addr_gen.tw_addr_gen                                                     |    <0.001 |
|                   cnt                                                                        |    <0.001 |
|                     cnt_addsub                                                               |    <0.001 |
|                       i_baseblox.i_baseblox_addsub                                           |    <0.001 |
|                         no_pipelining.the_addsub                                             |    <0.001 |
|                           i_lut6.i_lut6_addsub                                               |    <0.001 |
|                             i_q.i_simple.qreg                                                |    <0.001 |
|                     i_tc_compare_new                                                         |    <0.001 |
|                   output_cnt.next_start_int_equ                                              |    <0.001 |
|                 has_bf2_fwd_inv.bf2_fwd_inv_delay                                            |    <0.001 |
|                   no_sclr_lut.real_shift_ram.use_baseblock.not_use_hlutnm_srls.i_shift_ram   |    <0.001 |
|                     i_bb_inst                                                                |    <0.001 |
|                 has_tw_out_fwd_inv_gen.fwd_inv_out_delay                                     |    <0.001 |
|                   no_sclr_lut.real_shift_ram.use_baseblock.not_use_hlutnm_srls.i_shift_ram   |    <0.001 |
|                     i_bb_inst                                                                |    <0.001 |
|                 hasbf2.FB_2.BF_2                                                             |     0.003 |
|                   BTFLY0                                                                     |     0.001 |
|                     logic_bfly_byp.add_i                                                     |    <0.001 |
|                       adder                                                                  |    <0.001 |
|                         i_baseblox.i_baseblox_addsub                                         |    <0.001 |
|                           no_pipelining.the_addsub                                           |    <0.001 |
|                             i_lut6.i_lut6_addsub                                             |    <0.001 |
|                               i_q.i_simple.qreg                                              |    <0.001 |
|                     logic_bfly_byp.add_r                                                     |    <0.001 |
|                       adder                                                                  |    <0.001 |
|                         i_baseblox.i_baseblox_addsub                                         |    <0.001 |
|                           no_pipelining.the_addsub                                           |    <0.001 |
|                             i_lut6.i_lut6_addsub                                             |    <0.001 |
|                               i_q.i_simple.qreg                                              |    <0.001 |
|                     logic_bfly_byp.sub_i                                                     |    <0.001 |
|                       sub                                                                    |    <0.001 |
|                         i_baseblox.i_baseblox_addsub                                         |    <0.001 |
|                           no_pipelining.the_addsub                                           |    <0.001 |
|                             i_lut6.i_lut6_addsub                                             |    <0.001 |
|                               i_q.i_simple.qreg                                              |    <0.001 |
|                     logic_bfly_byp.sub_r                                                     |    <0.001 |
|                       sub                                                                    |    <0.001 |
|                         i_baseblox.i_baseblox_addsub                                         |    <0.001 |
|                           no_pipelining.the_addsub                                           |    <0.001 |
|                             i_lut6.i_lut6_addsub                                             |    <0.001 |
|                               i_q.i_simple.qreg                                              |    <0.001 |
|                   MEM                                                                        |    <0.001 |
|                     dist_ram.srlram.ram                                                      |    <0.001 |
|                       fixed_length.shift_ram                                                 |    <0.001 |
|                         i_bb_inst                                                            |    <0.001 |
|                   mem_mux_and_reg_upper_im                                                   |    <0.001 |
|                     slicel_slicem_implementation.delay_line                                  |    <0.001 |
|                     slicel_slicem_implementation.mux                                         |    <0.001 |
|                   mem_mux_and_reg_upper_re                                                   |    <0.001 |
|                     slicel_slicem_implementation.delay_line                                  |    <0.001 |
|                     slicel_slicem_implementation.mux                                         |    <0.001 |
|                   mux_sel_reg                                                                |    <0.001 |
|                   no_nfft.bypass_reg                                                         |    <0.001 |
|                     no_sclr_lut.real_shift_ram.use_baseblock.not_use_hlutnm_srls.i_shift_ram |    <0.001 |
|                       i_bb_inst                                                              |    <0.001 |
|                   twos_cmp.REG_lower_im                                                      |    <0.001 |
|                   twos_cmp.REG_lower_re                                                      |    <0.001 |
|                   twos_cmp.delay_fwdinv                                                      |    <0.001 |
|                   twos_cmp.im_cmp                                                            |    <0.001 |
|                   twos_cmp.re_cmp                                                            |    <0.001 |
|               pe_gen[1].natural_order_input.PE                                               |     0.014 |
|                 FB_1.BF_1                                                                    |     0.003 |
|                   BTFLY0                                                                     |     0.001 |
|                     logic_bfly_byp.add_i                                                     |    <0.001 |
|                       adder                                                                  |    <0.001 |
|                         i_baseblox.i_baseblox_addsub                                         |    <0.001 |
|                           no_pipelining.the_addsub                                           |    <0.001 |
|                             i_lut6.i_lut6_addsub                                             |    <0.001 |
|                               i_q.i_simple.qreg                                              |    <0.001 |
|                     logic_bfly_byp.add_r                                                     |    <0.001 |
|                       adder                                                                  |    <0.001 |
|                         i_baseblox.i_baseblox_addsub                                         |    <0.001 |
|                           no_pipelining.the_addsub                                           |    <0.001 |
|                             i_lut6.i_lut6_addsub                                             |    <0.001 |
|                               i_q.i_simple.qreg                                              |    <0.001 |
|                     logic_bfly_byp.sub_i                                                     |    <0.001 |
|                       sub                                                                    |    <0.001 |
|                         i_baseblox.i_baseblox_addsub                                         |    <0.001 |
|                           no_pipelining.the_addsub                                           |    <0.001 |
|                             i_lut6.i_lut6_addsub                                             |    <0.001 |
|                               i_q.i_simple.qreg                                              |    <0.001 |
|                     logic_bfly_byp.sub_r                                                     |    <0.001 |
|                       sub                                                                    |    <0.001 |
|                         i_baseblox.i_baseblox_addsub                                         |    <0.001 |
|                           no_pipelining.the_addsub                                           |    <0.001 |
|                             i_lut6.i_lut6_addsub                                             |    <0.001 |
|                               i_q.i_simple.qreg                                              |    <0.001 |
|                   MEM                                                                        |    <0.001 |
|                     dist_ram.srlram.ram                                                      |    <0.001 |
|                       fixed_length.shift_ram                                                 |    <0.001 |
|                         i_bb_inst                                                            |    <0.001 |
|                   mem_mux_and_reg_upper_im                                                   |    <0.001 |
|                     slicel_slicem_implementation.delay_line                                  |    <0.001 |
|                     slicel_slicem_implementation.mux                                         |    <0.001 |
|                   mem_mux_and_reg_upper_re                                                   |    <0.001 |
|                     slicel_slicem_implementation.delay_line                                  |    <0.001 |
|                     slicel_slicem_implementation.mux                                         |    <0.001 |
|                   mux_sel_reg                                                                |    <0.001 |
|                   no_nfft.bypass_reg                                                         |    <0.001 |
|                     no_sclr_lut.real_shift_ram.use_baseblock.not_use_hlutnm_srls.i_shift_ram |    <0.001 |
|                       i_bb_inst                                                              |    <0.001 |
|                   no_twos_cmp.REG_lower_im                                                   |    <0.001 |
|                   no_twos_cmp.REG_lower_re                                                   |    <0.001 |
|                 delay_addr_bf2                                                               |    <0.001 |
|                 has_TW_mult.MULT                                                             |     0.006 |
|                   i_cmpy                                                                     |     0.006 |
|                     three_mult_structure.use_dsp.i_dsp48                                     |     0.006 |
|                       dsp_preadder_1.reg_mult1_preadd_d                                      |    <0.001 |
|                       mult1_preadder_d_plus_a.mult1                                          |     0.002 |
|                         mult                                                                 |     0.002 |
|                           use_prim.iAdelx[0].iAdely[0].use_delay_line.Adelay                 |    <0.001 |
|                           use_prim.iBdelx[0].iBdely[0].need_delay_line.Bdelay                |    <0.001 |
|                       mult2_preadder_d_plus_b.mult2                                          |     0.001 |
|                         mult                                                                 |     0.001 |
|                       mult3_preadder_d_minus_a.mult3                                         |     0.002 |
|                         mult                                                                 |     0.002 |
|                           use_prim.iBdelx[0].iBdely[0].need_delay_line.Bdelay                |    <0.001 |
|                       optionally_negate_inputs                                               |    <0.001 |
|                 has_TW_mult.TW                                                               |     0.001 |
|                   ADD0                                                                       |    <0.001 |
|                     adder                                                                    |    <0.001 |
|                       i_baseblox.i_baseblox_addsub                                           |    <0.001 |
|                         no_pipelining.the_addsub                                             |    <0.001 |
|                           i_lut6.i_lut6_addsub                                               |    <0.001 |
|                             i_q.i_simple.qreg                                                |    <0.001 |
|                   MUX0                                                                       |    <0.001 |
|                   delay_tw_addr_msb                                                          |    <0.001 |
|                     no_sclr_lut.real_shift_ram.use_baseblock.not_use_hlutnm_srls.i_shift_ram |    <0.001 |
|                       i_bb_inst                                                              |    <0.001 |
|                   twiddle_generator                                                          |    <0.001 |
|                     tw2.twgen2                                                               |    <0.001 |
|                 has_TW_mult.delay_fwd_inv                                                    |    <0.001 |
|                   no_sclr_lut.real_shift_ram.use_baseblock.not_use_hlutnm_srls.i_shift_ram   |    <0.001 |
|                     i_bb_inst                                                                |    <0.001 |
|                 has_TW_mult.sync_tw_addr                                                     |    <0.001 |
|                   no_sclr_lut.real_shift_ram.use_baseblock.not_use_hlutnm_srls.i_shift_ram   |    <0.001 |
|                     i_bb_inst                                                                |    <0.001 |
|                 has_addr_gen.bf2_addr_gen                                                    |    <0.001 |
|                   cnt                                                                        |    <0.001 |
|                     cnt_addsub                                                               |    <0.001 |
|                       i_baseblox.i_baseblox_addsub                                           |    <0.001 |
|                         no_pipelining.the_addsub                                             |    <0.001 |
|                           i_lut6.i_lut6_addsub                                               |    <0.001 |
|                             i_q.i_simple.qreg                                                |    <0.001 |
|                     i_tc_compare_new                                                         |    <0.001 |
|                   output_cnt.next_start_int_equ                                              |    <0.001 |
|                 has_addr_gen.next_bf1_addr_delay                                             |    <0.001 |
|                   no_sclr_lut.real_shift_ram.use_baseblock.not_use_hlutnm_srls.i_shift_ram   |    <0.001 |
|                     i_bb_inst                                                                |    <0.001 |
|                 has_addr_gen.next_bf2_start_delay                                            |    <0.001 |
|                   need_sclr_lut.real_shift_ram.d3plus.not_use_hlutnm_srls.i_shift_ram        |    <0.001 |
|                     i_bb_inst                                                                |    <0.001 |
|                 has_addr_gen.tw_addr_gen                                                     |    <0.001 |
|                   cnt                                                                        |    <0.001 |
|                     cnt_addsub                                                               |    <0.001 |
|                       i_baseblox.i_baseblox_addsub                                           |    <0.001 |
|                         no_pipelining.the_addsub                                             |    <0.001 |
|                           i_lut6.i_lut6_addsub                                               |    <0.001 |
|                             i_q.i_simple.qreg                                                |    <0.001 |
|                     i_tc_compare_new                                                         |    <0.001 |
|                   output_cnt.next_start_int_equ                                              |    <0.001 |
|                 has_bf2_fwd_inv.bf2_fwd_inv_delay                                            |    <0.001 |
|                   no_sclr_lut.real_shift_ram.use_baseblock.not_use_hlutnm_srls.i_shift_ram   |    <0.001 |
|                     i_bb_inst                                                                |    <0.001 |
|                 has_tw_out_fwd_inv_gen.fwd_inv_out_delay                                     |    <0.001 |
|                   no_sclr_lut.real_shift_ram.use_baseblock.not_use_hlutnm_srls.i_shift_ram   |    <0.001 |
|                     i_bb_inst                                                                |    <0.001 |
|                 hasbf2.FW_2.BF_2                                                             |     0.004 |
|                   add_subs.add_i                                                             |    <0.001 |
|                     adder                                                                    |    <0.001 |
|                       i_baseblox.i_baseblox_addsub                                           |    <0.001 |
|                         no_pipelining.the_addsub                                             |    <0.001 |
|                           i_lut6.i_lut6_addsub                                               |    <0.001 |
|                             i_q.i_simple.qreg                                                |    <0.001 |
|                   add_subs.add_r                                                             |    <0.001 |
|                     adder                                                                    |    <0.001 |
|                       i_baseblox.i_baseblox_addsub                                           |    <0.001 |
|                         no_pipelining.the_addsub                                             |    <0.001 |
|                           i_lut6.i_lut6_addsub                                               |    <0.001 |
|                             i_q.i_simple.qreg                                                |    <0.001 |
|                   in_comm_ctr_del                                                            |    <0.001 |
|                     no_sclr_lut.real_shift_ram.use_baseblock.not_use_hlutnm_srls.i_shift_ram |    <0.001 |
|                       i_bb_inst                                                              |    <0.001 |
|                   in_commutator_A                                                            |    <0.001 |
|                   in_commutator_B                                                            |    <0.001 |
|                   logic_twoscomp.im_cmp                                                      |    <0.001 |
|                   logic_twoscomp.re_cmp                                                      |    <0.001 |
|                   mux_in_A                                                                   |    <0.001 |
|                   mux_in_B                                                                   |    <0.001 |
|                   mux_out_A                                                                  |    <0.001 |
|                   mux_out_B                                                                  |    <0.001 |
|                   out_comm_ctr_del_1_srl_only.out_comm_ctr_del_1                             |    <0.001 |
|                     no_sclr_lut.real_shift_ram.use_baseblock.not_use_hlutnm_srls.i_shift_ram |    <0.001 |
|                       i_bb_inst                                                              |    <0.001 |
|                   out_comm_ctr_del_2                                                         |    <0.001 |
|                     no_sclr_lut.real_shift_ram.use_baseblock.not_use_hlutnm_srls.i_shift_ram |    <0.001 |
|                       i_bb_inst                                                              |    <0.001 |
|                   out_commutator_A                                                           |    <0.001 |
|                   out_commutator_B                                                           |    <0.001 |
|                   sign_sel_gen.fwd_inv_reg                                                   |    <0.001 |
|               pe_gen[2].natural_order_input.PE                                               |     0.013 |
|                 FW_1.BF_1                                                                    |     0.003 |
|                   add_subs.add_i                                                             |    <0.001 |
|                     adder                                                                    |    <0.001 |
|                       i_baseblox.i_baseblox_addsub                                           |    <0.001 |
|                         no_pipelining.the_addsub                                             |    <0.001 |
|                           i_lut6.i_lut6_addsub                                               |    <0.001 |
|                             i_q.i_simple.qreg                                                |    <0.001 |
|                   add_subs.add_r                                                             |    <0.001 |
|                     adder                                                                    |    <0.001 |
|                       i_baseblox.i_baseblox_addsub                                           |    <0.001 |
|                         no_pipelining.the_addsub                                             |    <0.001 |
|                           i_lut6.i_lut6_addsub                                               |    <0.001 |
|                             i_q.i_simple.qreg                                                |    <0.001 |
|                   in_commutator_A                                                            |    <0.001 |
|                   in_commutator_B                                                            |    <0.001 |
|                   mux_in_A                                                                   |    <0.001 |
|                   mux_in_B                                                                   |    <0.001 |
|                   mux_out_A                                                                  |    <0.001 |
|                   mux_out_B                                                                  |    <0.001 |
|                   out_comm_ctr_del_1_fde_and_srl.out_comm_ctr_del_1                          |    <0.001 |
|                   out_comm_ctr_del_2                                                         |    <0.001 |
|                     no_sclr_lut.real_shift_ram.use_baseblock.not_use_hlutnm_srls.i_shift_ram |    <0.001 |
|                       i_bb_inst                                                              |    <0.001 |
|                   out_commutator_A                                                           |    <0.001 |
|                   out_commutator_B                                                           |    <0.001 |
|                 delay_addr_bf2                                                               |    <0.001 |
|                 has_TW_mult.MULT                                                             |     0.006 |
|                   i_cmpy                                                                     |     0.006 |
|                     three_mult_structure.use_dsp.i_dsp48                                     |     0.006 |
|                       dsp_preadder_1.reg_mult1_preadd_d                                      |    <0.001 |
|                       mult1_preadder_d_plus_a.mult1                                          |     0.002 |
|                         mult                                                                 |     0.002 |
|                           use_prim.iAdelx[0].iAdely[0].use_delay_line.Adelay                 |    <0.001 |
|                           use_prim.iBdelx[0].iBdely[0].need_delay_line.Bdelay                |    <0.001 |
|                       mult2_preadder_d_plus_b.mult2                                          |     0.001 |
|                         mult                                                                 |     0.001 |
|                       mult3_preadder_d_minus_a.mult3                                         |     0.002 |
|                         mult                                                                 |     0.002 |
|                           use_prim.iBdelx[0].iBdely[0].need_delay_line.Bdelay                |    <0.001 |
|                       optionally_negate_inputs                                               |    <0.001 |
|                 has_TW_mult.TW                                                               |    <0.001 |
|                   ADD0                                                                       |    <0.001 |
|                     adder                                                                    |    <0.001 |
|                       i_baseblox.i_baseblox_addsub                                           |    <0.001 |
|                         no_pipelining.the_addsub                                             |    <0.001 |
|                           i_lut6.i_lut6_addsub                                               |    <0.001 |
|                             i_q.i_simple.qreg                                                |    <0.001 |
|                   MUX0                                                                       |    <0.001 |
|                   delay_tw_addr_msb                                                          |    <0.001 |
|                     no_sclr_lut.real_shift_ram.use_baseblock.not_use_hlutnm_srls.i_shift_ram |    <0.001 |
|                       i_bb_inst                                                              |    <0.001 |
|                   twiddle_generator                                                          |    <0.001 |
|                     tw2.twgen2                                                               |    <0.001 |
|                 has_TW_mult.delay_fwd_inv                                                    |    <0.001 |
|                   no_sclr_lut.real_shift_ram.use_baseblock.not_use_hlutnm_srls.i_shift_ram   |    <0.001 |
|                     i_bb_inst                                                                |    <0.001 |
|                 has_TW_mult.sync_tw_addr                                                     |    <0.001 |
|                 has_addr_gen.bf2_addr_gen                                                    |    <0.001 |
|                   cnt                                                                        |    <0.001 |
|                     cnt_addsub                                                               |    <0.001 |
|                       i_baseblox.i_baseblox_addsub                                           |    <0.001 |
|                         no_pipelining.the_addsub                                             |    <0.001 |
|                           i_lut6.i_lut6_addsub                                               |    <0.001 |
|                             i_q.i_simple.qreg                                                |    <0.001 |
|                     i_tc_compare_new                                                         |    <0.001 |
|                   output_cnt.next_start_int_equ                                              |    <0.001 |
|                 has_addr_gen.next_bf1_addr_delay                                             |    <0.001 |
|                   no_sclr_lut.real_shift_ram.use_baseblock.not_use_hlutnm_srls.i_shift_ram   |    <0.001 |
|                     i_bb_inst                                                                |    <0.001 |
|                 has_addr_gen.next_bf2_start_delay                                            |    <0.001 |
|                   need_sclr_lut.real_shift_ram.d3plus.not_use_hlutnm_srls.i_shift_ram        |    <0.001 |
|                     i_bb_inst                                                                |    <0.001 |
|                 has_addr_gen.tw_addr_gen                                                     |    <0.001 |
|                   cnt                                                                        |    <0.001 |
|                     cnt_addsub                                                               |    <0.001 |
|                       i_baseblox.i_baseblox_addsub                                           |    <0.001 |
|                         no_pipelining.the_addsub                                             |    <0.001 |
|                           i_lut6.i_lut6_addsub                                               |    <0.001 |
|                             i_q.i_simple.qreg                                                |    <0.001 |
|                     i_tc_compare_new                                                         |    <0.001 |
|                   output_cnt.next_start_int_equ                                              |    <0.001 |
|                 has_bf2_fwd_inv.bf2_fwd_inv_delay                                            |    <0.001 |
|                   no_sclr_lut.real_shift_ram.use_baseblock.not_use_hlutnm_srls.i_shift_ram   |    <0.001 |
|                     i_bb_inst                                                                |    <0.001 |
|                 has_tw_out_fwd_inv_gen.fwd_inv_out_delay                                     |    <0.001 |
|                   no_sclr_lut.real_shift_ram.use_baseblock.not_use_hlutnm_srls.i_shift_ram   |    <0.001 |
|                     i_bb_inst                                                                |    <0.001 |
|                 hasbf2.FW_2.BF_2                                                             |     0.004 |
|                   add_subs.add_i                                                             |    <0.001 |
|                     adder                                                                    |    <0.001 |
|                       i_baseblox.i_baseblox_addsub                                           |    <0.001 |
|                         no_pipelining.the_addsub                                             |    <0.001 |
|                           i_lut6.i_lut6_addsub                                               |    <0.001 |
|                             i_q.i_simple.qreg                                                |    <0.001 |
|                   add_subs.add_r                                                             |    <0.001 |
|                     adder                                                                    |    <0.001 |
|                       i_baseblox.i_baseblox_addsub                                           |    <0.001 |
|                         no_pipelining.the_addsub                                             |    <0.001 |
|                           i_lut6.i_lut6_addsub                                               |    <0.001 |
|                             i_q.i_simple.qreg                                                |    <0.001 |
|                   in_comm_ctr_del                                                            |    <0.001 |
|                     no_sclr_lut.real_shift_ram.use_baseblock.not_use_hlutnm_srls.i_shift_ram |    <0.001 |
|                       i_bb_inst                                                              |    <0.001 |
|                   in_commutator_A                                                            |    <0.001 |
|                   in_commutator_B                                                            |    <0.001 |
|                   logic_twoscomp.im_cmp                                                      |    <0.001 |
|                   logic_twoscomp.re_cmp                                                      |    <0.001 |
|                   mux_in_A                                                                   |    <0.001 |
|                   mux_in_B                                                                   |    <0.001 |
|                   mux_out_A                                                                  |    <0.001 |
|                   mux_out_B                                                                  |    <0.001 |
|                   out_comm_ctr_del_1_srl_only.out_comm_ctr_del_1                             |    <0.001 |
|                     no_sclr_lut.real_shift_ram.use_baseblock.not_use_hlutnm_srls.i_shift_ram |    <0.001 |
|                       i_bb_inst                                                              |    <0.001 |
|                   out_comm_ctr_del_2                                                         |    <0.001 |
|                     no_sclr_lut.real_shift_ram.use_baseblock.not_use_hlutnm_srls.i_shift_ram |    <0.001 |
|                       i_bb_inst                                                              |    <0.001 |
|                   out_commutator_A                                                           |    <0.001 |
|                   out_commutator_B                                                           |    <0.001 |
|                   sign_sel_gen.fwd_inv_reg                                                   |    <0.001 |
|               pe_gen[3].natural_order_input.PE                                               |     0.007 |
|                 FW_1.BF_1                                                                    |     0.003 |
|                   add_subs.add_i                                                             |    <0.001 |
|                     adder                                                                    |    <0.001 |
|                       i_baseblox.i_baseblox_addsub                                           |    <0.001 |
|                         no_pipelining.the_addsub                                             |    <0.001 |
|                           i_lut6.i_lut6_addsub                                               |    <0.001 |
|                             i_q.i_simple.qreg                                                |    <0.001 |
|                   add_subs.add_r                                                             |    <0.001 |
|                     adder                                                                    |    <0.001 |
|                       i_baseblox.i_baseblox_addsub                                           |    <0.001 |
|                         no_pipelining.the_addsub                                             |    <0.001 |
|                           i_lut6.i_lut6_addsub                                               |    <0.001 |
|                             i_q.i_simple.qreg                                                |    <0.001 |
|                   in_commutator_A                                                            |    <0.001 |
|                   in_commutator_B                                                            |    <0.001 |
|                   mux_in_A                                                                   |    <0.001 |
|                   mux_in_B                                                                   |    <0.001 |
|                   mux_out_A                                                                  |    <0.001 |
|                   mux_out_B                                                                  |    <0.001 |
|                   out_comm_ctr_del_1_fde_and_srl.out_comm_ctr_del_1                          |    <0.001 |
|                   out_comm_ctr_del_2                                                         |    <0.001 |
|                     no_sclr_lut.real_shift_ram.use_baseblock.not_use_hlutnm_srls.i_shift_ram |    <0.001 |
|                       i_bb_inst                                                              |    <0.001 |
|                   out_commutator_A                                                           |    <0.001 |
|                   out_commutator_B                                                           |    <0.001 |
|                 delay_addr_bf2                                                               |    <0.001 |
|                 has_bf2_fwd_inv.bf2_fwd_inv_delay                                            |    <0.001 |
|                   no_sclr_lut.real_shift_ram.use_baseblock.not_use_hlutnm_srls.i_shift_ram   |    <0.001 |
|                     i_bb_inst                                                                |    <0.001 |
|                 hasbf2.FW_2.BF_2                                                             |     0.003 |
|                   add_subs.add_i                                                             |    <0.001 |
|                     adder                                                                    |    <0.001 |
|                       i_baseblox.i_baseblox_addsub                                           |    <0.001 |
|                         no_pipelining.the_addsub                                             |    <0.001 |
|                           i_lut6.i_lut6_addsub                                               |    <0.001 |
|                             i_q.i_simple.qreg                                                |    <0.001 |
|                   add_subs.add_r                                                             |    <0.001 |
|                     adder                                                                    |    <0.001 |
|                       i_baseblox.i_baseblox_addsub                                           |    <0.001 |
|                         no_pipelining.the_addsub                                             |    <0.001 |
|                           i_lut6.i_lut6_addsub                                               |    <0.001 |
|                             i_q.i_simple.qreg                                                |    <0.001 |
|                   in_comm_ctr_del                                                            |    <0.001 |
|                     no_sclr_lut.real_shift_ram.use_baseblock.not_use_hlutnm_srls.i_shift_ram |    <0.001 |
|                       i_bb_inst                                                              |    <0.001 |
|                   in_commutator_A                                                            |    <0.001 |
|                   in_commutator_B                                                            |    <0.001 |
|                   logic_twoscomp.im_cmp                                                      |    <0.001 |
|                   logic_twoscomp.re_cmp                                                      |    <0.001 |
|                   mux_in_A                                                                   |    <0.001 |
|                   mux_in_B                                                                   |    <0.001 |
|                   mux_out_A                                                                  |    <0.001 |
|                   mux_out_B                                                                  |    <0.001 |
|                   out_comm_ctr_del_1_srl_only.out_comm_ctr_del_1                             |    <0.001 |
|                     no_sclr_lut.real_shift_ram.use_baseblock.not_use_hlutnm_srls.i_shift_ram |    <0.001 |
|                       i_bb_inst                                                              |    <0.001 |
|                   out_comm_ctr_del_2                                                         |    <0.001 |
|                   out_commutator_A                                                           |    <0.001 |
|                   out_commutator_B                                                           |    <0.001 |
|                   sign_sel_gen.fwd_inv_reg                                                   |    <0.001 |
|                 no_addr_gen.final_next_bf2_start_delay                                       |    <0.001 |
|                   need_sclr_lut.real_shift_ram.d3plus.not_use_hlutnm_srls.i_shift_ram        |    <0.001 |
|                     i_bb_inst                                                                |    <0.001 |
|                 no_addr_gen.fixed_bf2_start_delay.bf2_start_delay                            |    <0.001 |
|                   no_sclr_lut.real_shift_ram.use_baseblock.not_use_hlutnm_srls.i_shift_ram   |    <0.001 |
|                     i_bb_inst                                                                |    <0.001 |
|     inverse_fft                                                                              |     0.054 |
|       U0                                                                                     |     0.054 |
|         i_synth                                                                              |     0.054 |
|           axi_wrapper                                                                        |     0.001 |
|             config_channel_fifo                                                              |    <0.001 |
|               gen_non_real_time.data_in_fifo_pt1                                             |    <0.001 |
|                 fifo0                                                                        |    <0.001 |
|             data_in_channel_fifo                                                             |    <0.001 |
|               gen_non_real_time.data_in_fifo_pt1                                             |    <0.001 |
|                 fifo0                                                                        |    <0.001 |
|             data_out_channel                                                                 |    <0.001 |
|               gen_non_real_time.fifo                                                         |    <0.001 |
|                 fifo0                                                                        |    <0.001 |
|           xfft_inst                                                                          |     0.053 |
|             non_floating_point.arch_d.xfft_inst                                              |     0.053 |
|               DOUT_CNT_CTRL_0                                                                |    <0.001 |
|                 cnt                                                                          |    <0.001 |
|                   cnt_addsub                                                                 |    <0.001 |
|                     i_baseblox.i_baseblox_addsub                                             |    <0.001 |
|                       no_pipelining.the_addsub                                               |    <0.001 |
|                         i_lut6.i_lut6_addsub                                                 |    <0.001 |
|                           i_q.i_simple.qreg                                                  |    <0.001 |
|                   i_tc_compare_new                                                           |    <0.001 |
|               FLOW                                                                           |    <0.001 |
|                 proc0_counter                                                                |    <0.001 |
|                   cnt_addsub                                                                 |    <0.001 |
|                     i_baseblox.i_baseblox_addsub                                             |    <0.001 |
|                       no_pipelining.the_addsub                                               |    <0.001 |
|                         i_lut6.i_lut6_addsub                                                 |    <0.001 |
|                           i_q.i_simple.qreg                                                  |    <0.001 |
|                   i_tc_compare_new                                                           |    <0.001 |
|                 proc_cnt_start                                                               |    <0.001 |
|                 reset_sustain.delay_reset_3                                                  |    <0.001 |
|                   counter_addsub                                                             |    <0.001 |
|                     i_baseblox.i_baseblox_addsub                                             |    <0.001 |
|                       no_pipelining.the_addsub                                               |    <0.001 |
|                         i_lut6.i_lut6_addsub                                                 |    <0.001 |
|                 reset_sustain.delay_reset_7                                                  |    <0.001 |
|                   counter_addsub                                                             |    <0.001 |
|                     i_baseblox.i_baseblox_addsub                                             |    <0.001 |
|                       no_pipelining.the_addsub                                               |    <0.001 |
|                         i_lut6.i_lut6_addsub                                                 |    <0.001 |
|                 reset_sustain.resets_4_pes[0].delay_reset_pe                                 |    <0.001 |
|                   counter_addsub                                                             |    <0.001 |
|                     i_baseblox.i_baseblox_addsub                                             |    <0.001 |
|                       no_pipelining.the_addsub                                               |    <0.001 |
|                         i_lut6.i_lut6_addsub                                                 |    <0.001 |
|                 reset_sustain.resets_4_pes[1].delay_reset_pe                                 |    <0.001 |
|                   counter_addsub                                                             |    <0.001 |
|                     i_baseblox.i_baseblox_addsub                                             |    <0.001 |
|                       no_pipelining.the_addsub                                               |    <0.001 |
|                         i_lut6.i_lut6_addsub                                                 |    <0.001 |
|                   tc_compare                                                                 |    <0.001 |
|                 reset_sustain.resets_4_pes[2].delay_reset_pe                                 |    <0.001 |
|                   counter_addsub                                                             |    <0.001 |
|                     i_baseblox.i_baseblox_addsub                                             |    <0.001 |
|                       no_pipelining.the_addsub                                               |    <0.001 |
|                         i_lut6.i_lut6_addsub                                                 |    <0.001 |
|                 reset_sustain.resets_4_pes[3].delay_reset_pe                                 |    <0.001 |
|                   counter_addsub                                                             |    <0.001 |
|                     i_baseblox.i_baseblox_addsub                                             |    <0.001 |
|                       no_pipelining.the_addsub                                               |    <0.001 |
|                         i_lut6.i_lut6_addsub                                                 |    <0.001 |
|                   tc_compare                                                                 |    <0.001 |
|                 start_reg_delay                                                              |    <0.001 |
|                   no_sclr_lut.real_shift_ram.use_baseblock.not_use_hlutnm_srls.i_shift_ram   |    <0.001 |
|                     i_bb_inst                                                                |    <0.001 |
|               has_bit_reverse.delay_DV                                                       |    <0.001 |
|                 need_sclr_lut.real_shift_ram.d3plus.not_use_hlutnm_srls.i_shift_ram          |    <0.001 |
|                   i_bb_inst                                                                  |    <0.001 |
|               has_bit_reverse.delay_addr_r_MSB                                               |    <0.001 |
|               has_bit_reverse.delay_addr_w_MSB                                               |    <0.001 |
|               has_bit_reverse.delay_done_int                                                 |    <0.001 |
|                 need_sclr_lut.real_shift_ram.d3plus.not_use_hlutnm_srls.i_shift_ram          |    <0.001 |
|                   i_bb_inst                                                                  |    <0.001 |
|               has_bit_reverse.delay_reorder_write_addr                                       |    <0.001 |
|               has_bit_reverse.dig_rev_mem                                                    |     0.003 |
|                 blk_ram.use_bram_only.mem                                                    |     0.003 |
|               has_bit_reverse.dout_rev_we_delay                                              |    <0.001 |
|                 no_sclr_lut.real_shift_ram.use_baseblock.not_use_hlutnm_srls.i_shift_ram     |    <0.001 |
|                   i_bb_inst                                                                  |    <0.001 |
|               has_bit_reverse.fixed_pt_size_muxed_addresses.read_addr_fixed_nfft_delay       |    <0.001 |
|               has_bit_reverse.no_cyclic_prefix_xk_counter.DOUT_CNT_CTRL_1                    |    <0.001 |
|                 cnt                                                                          |    <0.001 |
|                   cnt_addsub                                                                 |    <0.001 |
|                     i_baseblox.i_baseblox_addsub                                             |    <0.001 |
|                       no_pipelining.the_addsub                                               |    <0.001 |
|                         i_lut6.i_lut6_addsub                                                 |    <0.001 |
|                           i_q.i_simple.qreg                                                  |    <0.001 |
|                   i_tc_compare_new                                                           |    <0.001 |
|               has_bit_reverse.pe_out_reg                                                     |    <0.001 |
|               has_bit_reverse.unshifted_read_addr.read_addr_delay                            |    <0.001 |
|               input_delay_im                                                                 |    <0.001 |
|               input_delay_re                                                                 |    <0.001 |
|               pe0_bf1_addr_gen                                                               |    <0.001 |
|               pe0_bf2_start_gen                                                              |    <0.001 |
|               pe_gen[0].natural_order_input.PE                                               |     0.014 |
|                 FB_1.BF_1                                                                    |     0.004 |
|                   BTFLY0                                                                     |    <0.001 |
|                     logic_bfly_byp.add_i                                                     |    <0.001 |
|                       adder                                                                  |    <0.001 |
|                         i_baseblox.i_baseblox_addsub                                         |    <0.001 |
|                           no_pipelining.the_addsub                                           |    <0.001 |
|                             i_lut6.i_lut6_addsub                                             |    <0.001 |
|                               i_q.i_simple.qreg                                              |    <0.001 |
|                     logic_bfly_byp.add_r                                                     |    <0.001 |
|                       adder                                                                  |    <0.001 |
|                         i_baseblox.i_baseblox_addsub                                         |    <0.001 |
|                           no_pipelining.the_addsub                                           |    <0.001 |
|                             i_lut6.i_lut6_addsub                                             |    <0.001 |
|                               i_q.i_simple.qreg                                              |    <0.001 |
|                     logic_bfly_byp.sub_i                                                     |    <0.001 |
|                       sub                                                                    |    <0.001 |
|                         i_baseblox.i_baseblox_addsub                                         |    <0.001 |
|                           no_pipelining.the_addsub                                           |    <0.001 |
|                             i_lut6.i_lut6_addsub                                             |    <0.001 |
|                               i_q.i_simple.qreg                                              |    <0.001 |
|                     logic_bfly_byp.sub_r                                                     |    <0.001 |
|                       sub                                                                    |    <0.001 |
|                         i_baseblox.i_baseblox_addsub                                         |    <0.001 |
|                           no_pipelining.the_addsub                                           |    <0.001 |
|                             i_lut6.i_lut6_addsub                                             |    <0.001 |
|                               i_q.i_simple.qreg                                              |    <0.001 |
|                   MEM                                                                        |     0.002 |
|                     blk_ram.use_bram_only.mem                                                |     0.002 |
|                   mem_mux_and_reg_upper_im                                                   |    <0.001 |
|                     slicel_slicem_implementation.delay_line                                  |    <0.001 |
|                     slicel_slicem_implementation.mux                                         |    <0.001 |
|                   mem_mux_and_reg_upper_re                                                   |    <0.001 |
|                     slicel_slicem_implementation.delay_line                                  |    <0.001 |
|                     slicel_slicem_implementation.mux                                         |    <0.001 |
|                   mux_sel_reg                                                                |    <0.001 |
|                   no_nfft.bypass_reg                                                         |    <0.001 |
|                     no_sclr_lut.real_shift_ram.use_baseblock.not_use_hlutnm_srls.i_shift_ram |    <0.001 |
|                       i_bb_inst                                                              |    <0.001 |
|                   no_twos_cmp.REG_lower_im                                                   |    <0.001 |
|                   no_twos_cmp.REG_lower_re                                                   |    <0.001 |
|                   wr_addr_del                                                                |    <0.001 |
|                 delay_addr_bf2                                                               |    <0.001 |
|                 has_TW_mult.MULT                                                             |     0.006 |
|                   i_cmpy                                                                     |     0.006 |
|                     three_mult_structure.use_dsp.i_dsp48                                     |     0.006 |
|                       dsp_preadder_1.reg_mult1_preadd_d                                      |    <0.001 |
|                       mult1_preadder_d_plus_a.mult1                                          |     0.002 |
|                         mult                                                                 |     0.002 |
|                           use_prim.iAdelx[0].iAdely[0].use_delay_line.Adelay                 |    <0.001 |
|                           use_prim.iBdelx[0].iBdely[0].need_delay_line.Bdelay                |    <0.001 |
|                       mult2_preadder_d_plus_a.mult2                                          |     0.001 |
|                         mult                                                                 |     0.001 |
|                       mult3_preadder_d_minus_a.mult3                                         |     0.002 |
|                         mult                                                                 |     0.002 |
|                           use_prim.iBdelx[0].iBdely[0].need_delay_line.Bdelay                |    <0.001 |
|                       optionally_negate_inputs                                               |    <0.001 |
|                 has_TW_mult.TW                                                               |    <0.001 |
|                   ADD0                                                                       |    <0.001 |
|                     adder                                                                    |    <0.001 |
|                       i_baseblox.i_baseblox_addsub                                           |    <0.001 |
|                         no_pipelining.the_addsub                                             |    <0.001 |
|                           i_lut6.i_lut6_addsub                                               |    <0.001 |
|                             i_q.i_simple.qreg                                                |    <0.001 |
|                   MUX0                                                                       |    <0.001 |
|                   delay_tw_addr_msb                                                          |    <0.001 |
|                     no_sclr_lut.real_shift_ram.use_baseblock.not_use_hlutnm_srls.i_shift_ram |    <0.001 |
|                       i_bb_inst                                                              |    <0.001 |
|                   twiddle_generator                                                          |    <0.001 |
|                     tw2.twgen2                                                               |    <0.001 |
|                       dist_ram.first_quarter_table_reg_0_63_0_0                              |    <0.001 |
|                       dist_ram.first_quarter_table_reg_0_63_10_10                            |    <0.001 |
|                       dist_ram.first_quarter_table_reg_0_63_11_11                            |    <0.001 |
|                       dist_ram.first_quarter_table_reg_0_63_12_12                            |    <0.001 |
|                       dist_ram.first_quarter_table_reg_0_63_13_13                            |    <0.001 |
|                       dist_ram.first_quarter_table_reg_0_63_14_14                            |    <0.001 |
|                       dist_ram.first_quarter_table_reg_0_63_15_15                            |    <0.001 |
|                       dist_ram.first_quarter_table_reg_0_63_1_1                              |    <0.001 |
|                       dist_ram.first_quarter_table_reg_0_63_2_2                              |    <0.001 |
|                       dist_ram.first_quarter_table_reg_0_63_3_3                              |    <0.001 |
|                       dist_ram.first_quarter_table_reg_0_63_4_4                              |    <0.001 |
|                       dist_ram.first_quarter_table_reg_0_63_5_5                              |    <0.001 |
|                       dist_ram.first_quarter_table_reg_0_63_6_6                              |    <0.001 |
|                       dist_ram.first_quarter_table_reg_0_63_7_7                              |    <0.001 |
|                       dist_ram.first_quarter_table_reg_0_63_8_8                              |    <0.001 |
|                       dist_ram.first_quarter_table_reg_0_63_9_9                              |    <0.001 |
|                       dist_ram.second_quarter_table_reg_0_63_0_0                             |    <0.001 |
|                       dist_ram.second_quarter_table_reg_0_63_10_10                           |    <0.001 |
|                       dist_ram.second_quarter_table_reg_0_63_11_11                           |    <0.001 |
|                       dist_ram.second_quarter_table_reg_0_63_12_12                           |    <0.001 |
|                       dist_ram.second_quarter_table_reg_0_63_13_13                           |    <0.001 |
|                       dist_ram.second_quarter_table_reg_0_63_14_14                           |    <0.001 |
|                       dist_ram.second_quarter_table_reg_0_63_15_15                           |    <0.001 |
|                       dist_ram.second_quarter_table_reg_0_63_1_1                             |    <0.001 |
|                       dist_ram.second_quarter_table_reg_0_63_2_2                             |    <0.001 |
|                       dist_ram.second_quarter_table_reg_0_63_3_3                             |    <0.001 |
|                       dist_ram.second_quarter_table_reg_0_63_4_4                             |    <0.001 |
|                       dist_ram.second_quarter_table_reg_0_63_5_5                             |    <0.001 |
|                       dist_ram.second_quarter_table_reg_0_63_6_6                             |    <0.001 |
|                       dist_ram.second_quarter_table_reg_0_63_7_7                             |    <0.001 |
|                       dist_ram.second_quarter_table_reg_0_63_8_8                             |    <0.001 |
|                       dist_ram.second_quarter_table_reg_0_63_9_9                             |    <0.001 |
|                 has_TW_mult.delay_fwd_inv                                                    |    <0.001 |
|                   no_sclr_lut.real_shift_ram.use_baseblock.not_use_hlutnm_srls.i_shift_ram   |    <0.001 |
|                     i_bb_inst                                                                |    <0.001 |
|                 has_TW_mult.sync_tw_addr                                                     |    <0.001 |
|                 has_addr_gen.bf2_addr_gen                                                    |    <0.001 |
|                   cnt                                                                        |    <0.001 |
|                     cnt_addsub                                                               |    <0.001 |
|                       i_baseblox.i_baseblox_addsub                                           |    <0.001 |
|                         no_pipelining.the_addsub                                             |    <0.001 |
|                           i_lut6.i_lut6_addsub                                               |    <0.001 |
|                             i_q.i_simple.qreg                                                |    <0.001 |
|                     i_tc_compare_new                                                         |    <0.001 |
|                   output_cnt.next_start_int_equ                                              |    <0.001 |
|                 has_addr_gen.next_bf1_addr_delay                                             |    <0.001 |
|                 has_addr_gen.next_bf2_start_delay                                            |    <0.001 |
|                   need_sclr_lut.real_shift_ram.d3plus.not_use_hlutnm_srls.i_shift_ram        |    <0.001 |
|                     i_bb_inst                                                                |    <0.001 |
|                 has_addr_gen.tw_addr_gen                                                     |    <0.001 |
|                   cnt                                                                        |    <0.001 |
|                     cnt_addsub                                                               |    <0.001 |
|                       i_baseblox.i_baseblox_addsub                                           |    <0.001 |
|                         no_pipelining.the_addsub                                             |    <0.001 |
|                           i_lut6.i_lut6_addsub                                               |    <0.001 |
|                             i_q.i_simple.qreg                                                |    <0.001 |
|                     i_tc_compare_new                                                         |    <0.001 |
|                   output_cnt.next_start_int_equ                                              |    <0.001 |
|                 has_bf2_fwd_inv.bf2_fwd_inv_delay                                            |    <0.001 |
|                   no_sclr_lut.real_shift_ram.use_baseblock.not_use_hlutnm_srls.i_shift_ram   |    <0.001 |
|                     i_bb_inst                                                                |    <0.001 |
|                 has_tw_out_fwd_inv_gen.fwd_inv_out_delay                                     |    <0.001 |
|                   no_sclr_lut.real_shift_ram.use_baseblock.not_use_hlutnm_srls.i_shift_ram   |    <0.001 |
|                     i_bb_inst                                                                |    <0.001 |
|                 hasbf2.FB_2.BF_2                                                             |     0.003 |
|                   BTFLY0                                                                     |     0.001 |
|                     logic_bfly_byp.add_i                                                     |    <0.001 |
|                       adder                                                                  |    <0.001 |
|                         i_baseblox.i_baseblox_addsub                                         |    <0.001 |
|                           no_pipelining.the_addsub                                           |    <0.001 |
|                             i_lut6.i_lut6_addsub                                             |    <0.001 |
|                               i_q.i_simple.qreg                                              |    <0.001 |
|                     logic_bfly_byp.add_r                                                     |    <0.001 |
|                       adder                                                                  |    <0.001 |
|                         i_baseblox.i_baseblox_addsub                                         |    <0.001 |
|                           no_pipelining.the_addsub                                           |    <0.001 |
|                             i_lut6.i_lut6_addsub                                             |    <0.001 |
|                               i_q.i_simple.qreg                                              |    <0.001 |
|                     logic_bfly_byp.sub_i                                                     |    <0.001 |
|                       sub                                                                    |    <0.001 |
|                         i_baseblox.i_baseblox_addsub                                         |    <0.001 |
|                           no_pipelining.the_addsub                                           |    <0.001 |
|                             i_lut6.i_lut6_addsub                                             |    <0.001 |
|                               i_q.i_simple.qreg                                              |    <0.001 |
|                     logic_bfly_byp.sub_r                                                     |    <0.001 |
|                       sub                                                                    |    <0.001 |
|                         i_baseblox.i_baseblox_addsub                                         |    <0.001 |
|                           no_pipelining.the_addsub                                           |    <0.001 |
|                             i_lut6.i_lut6_addsub                                             |    <0.001 |
|                               i_q.i_simple.qreg                                              |    <0.001 |
|                   MEM                                                                        |    <0.001 |
|                     dist_ram.srlram.ram                                                      |    <0.001 |
|                       fixed_length.shift_ram                                                 |    <0.001 |
|                         i_bb_inst                                                            |    <0.001 |
|                   mem_mux_and_reg_upper_im                                                   |    <0.001 |
|                     slicel_slicem_implementation.delay_line                                  |    <0.001 |
|                     slicel_slicem_implementation.mux                                         |    <0.001 |
|                   mem_mux_and_reg_upper_re                                                   |    <0.001 |
|                     slicel_slicem_implementation.delay_line                                  |    <0.001 |
|                     slicel_slicem_implementation.mux                                         |    <0.001 |
|                   mux_sel_reg                                                                |    <0.001 |
|                   no_nfft.bypass_reg                                                         |    <0.001 |
|                     no_sclr_lut.real_shift_ram.use_baseblock.not_use_hlutnm_srls.i_shift_ram |    <0.001 |
|                       i_bb_inst                                                              |    <0.001 |
|                   twos_cmp.REG_lower_im                                                      |    <0.001 |
|                   twos_cmp.REG_lower_re                                                      |    <0.001 |
|                   twos_cmp.delay_fwdinv                                                      |    <0.001 |
|                   twos_cmp.im_cmp                                                            |    <0.001 |
|                   twos_cmp.re_cmp                                                            |    <0.001 |
|               pe_gen[1].natural_order_input.PE                                               |     0.014 |
|                 FB_1.BF_1                                                                    |     0.003 |
|                   BTFLY0                                                                     |     0.001 |
|                     logic_bfly_byp.add_i                                                     |    <0.001 |
|                       adder                                                                  |    <0.001 |
|                         i_baseblox.i_baseblox_addsub                                         |    <0.001 |
|                           no_pipelining.the_addsub                                           |    <0.001 |
|                             i_lut6.i_lut6_addsub                                             |    <0.001 |
|                               i_q.i_simple.qreg                                              |    <0.001 |
|                     logic_bfly_byp.add_r                                                     |    <0.001 |
|                       adder                                                                  |    <0.001 |
|                         i_baseblox.i_baseblox_addsub                                         |    <0.001 |
|                           no_pipelining.the_addsub                                           |    <0.001 |
|                             i_lut6.i_lut6_addsub                                             |    <0.001 |
|                               i_q.i_simple.qreg                                              |    <0.001 |
|                     logic_bfly_byp.sub_i                                                     |    <0.001 |
|                       sub                                                                    |    <0.001 |
|                         i_baseblox.i_baseblox_addsub                                         |    <0.001 |
|                           no_pipelining.the_addsub                                           |    <0.001 |
|                             i_lut6.i_lut6_addsub                                             |    <0.001 |
|                               i_q.i_simple.qreg                                              |    <0.001 |
|                     logic_bfly_byp.sub_r                                                     |    <0.001 |
|                       sub                                                                    |    <0.001 |
|                         i_baseblox.i_baseblox_addsub                                         |    <0.001 |
|                           no_pipelining.the_addsub                                           |    <0.001 |
|                             i_lut6.i_lut6_addsub                                             |    <0.001 |
|                               i_q.i_simple.qreg                                              |    <0.001 |
|                   MEM                                                                        |    <0.001 |
|                     dist_ram.srlram.ram                                                      |    <0.001 |
|                       fixed_length.shift_ram                                                 |    <0.001 |
|                         i_bb_inst                                                            |    <0.001 |
|                   mem_mux_and_reg_upper_im                                                   |    <0.001 |
|                     slicel_slicem_implementation.delay_line                                  |    <0.001 |
|                     slicel_slicem_implementation.mux                                         |    <0.001 |
|                   mem_mux_and_reg_upper_re                                                   |    <0.001 |
|                     slicel_slicem_implementation.delay_line                                  |    <0.001 |
|                     slicel_slicem_implementation.mux                                         |    <0.001 |
|                   mux_sel_reg                                                                |    <0.001 |
|                   no_nfft.bypass_reg                                                         |    <0.001 |
|                     no_sclr_lut.real_shift_ram.use_baseblock.not_use_hlutnm_srls.i_shift_ram |    <0.001 |
|                       i_bb_inst                                                              |    <0.001 |
|                   no_twos_cmp.REG_lower_im                                                   |    <0.001 |
|                   no_twos_cmp.REG_lower_re                                                   |    <0.001 |
|                 delay_addr_bf2                                                               |    <0.001 |
|                 has_TW_mult.MULT                                                             |     0.006 |
|                   i_cmpy                                                                     |     0.006 |
|                     three_mult_structure.use_dsp.i_dsp48                                     |     0.006 |
|                       dsp_preadder_1.reg_mult1_preadd_d                                      |    <0.001 |
|                       mult1_preadder_d_plus_a.mult1                                          |     0.002 |
|                         mult                                                                 |     0.002 |
|                           use_prim.iAdelx[0].iAdely[0].use_delay_line.Adelay                 |    <0.001 |
|                           use_prim.iBdelx[0].iBdely[0].need_delay_line.Bdelay                |    <0.001 |
|                       mult2_preadder_d_plus_b.mult2                                          |     0.001 |
|                         mult                                                                 |     0.001 |
|                       mult3_preadder_d_minus_a.mult3                                         |     0.001 |
|                         mult                                                                 |     0.001 |
|                           use_prim.iBdelx[0].iBdely[0].need_delay_line.Bdelay                |    <0.001 |
|                       optionally_negate_inputs                                               |    <0.001 |
|                 has_TW_mult.TW                                                               |     0.001 |
|                   ADD0                                                                       |    <0.001 |
|                     adder                                                                    |    <0.001 |
|                       i_baseblox.i_baseblox_addsub                                           |    <0.001 |
|                         no_pipelining.the_addsub                                             |    <0.001 |
|                           i_lut6.i_lut6_addsub                                               |    <0.001 |
|                             i_q.i_simple.qreg                                                |    <0.001 |
|                   MUX0                                                                       |    <0.001 |
|                   delay_tw_addr_msb                                                          |    <0.001 |
|                     no_sclr_lut.real_shift_ram.use_baseblock.not_use_hlutnm_srls.i_shift_ram |    <0.001 |
|                       i_bb_inst                                                              |    <0.001 |
|                   twiddle_generator                                                          |    <0.001 |
|                     tw2.twgen2                                                               |    <0.001 |
|                 has_TW_mult.delay_fwd_inv                                                    |    <0.001 |
|                   no_sclr_lut.real_shift_ram.use_baseblock.not_use_hlutnm_srls.i_shift_ram   |    <0.001 |
|                     i_bb_inst                                                                |    <0.001 |
|                 has_TW_mult.sync_tw_addr                                                     |    <0.001 |
|                   no_sclr_lut.real_shift_ram.use_baseblock.not_use_hlutnm_srls.i_shift_ram   |    <0.001 |
|                     i_bb_inst                                                                |    <0.001 |
|                 has_addr_gen.bf2_addr_gen                                                    |    <0.001 |
|                   cnt                                                                        |    <0.001 |
|                     cnt_addsub                                                               |    <0.001 |
|                       i_baseblox.i_baseblox_addsub                                           |    <0.001 |
|                         no_pipelining.the_addsub                                             |    <0.001 |
|                           i_lut6.i_lut6_addsub                                               |    <0.001 |
|                             i_q.i_simple.qreg                                                |    <0.001 |
|                     i_tc_compare_new                                                         |    <0.001 |
|                   output_cnt.next_start_int_equ                                              |    <0.001 |
|                 has_addr_gen.next_bf1_addr_delay                                             |    <0.001 |
|                   no_sclr_lut.real_shift_ram.use_baseblock.not_use_hlutnm_srls.i_shift_ram   |    <0.001 |
|                     i_bb_inst                                                                |    <0.001 |
|                 has_addr_gen.next_bf2_start_delay                                            |    <0.001 |
|                   need_sclr_lut.real_shift_ram.d3plus.not_use_hlutnm_srls.i_shift_ram        |    <0.001 |
|                     i_bb_inst                                                                |    <0.001 |
|                 has_addr_gen.tw_addr_gen                                                     |    <0.001 |
|                   cnt                                                                        |    <0.001 |
|                     cnt_addsub                                                               |    <0.001 |
|                       i_baseblox.i_baseblox_addsub                                           |    <0.001 |
|                         no_pipelining.the_addsub                                             |    <0.001 |
|                           i_lut6.i_lut6_addsub                                               |    <0.001 |
|                             i_q.i_simple.qreg                                                |    <0.001 |
|                     i_tc_compare_new                                                         |    <0.001 |
|                   output_cnt.next_start_int_equ                                              |    <0.001 |
|                 has_bf2_fwd_inv.bf2_fwd_inv_delay                                            |    <0.001 |
|                   no_sclr_lut.real_shift_ram.use_baseblock.not_use_hlutnm_srls.i_shift_ram   |    <0.001 |
|                     i_bb_inst                                                                |    <0.001 |
|                 has_tw_out_fwd_inv_gen.fwd_inv_out_delay                                     |    <0.001 |
|                   no_sclr_lut.real_shift_ram.use_baseblock.not_use_hlutnm_srls.i_shift_ram   |    <0.001 |
|                     i_bb_inst                                                                |    <0.001 |
|                 hasbf2.FW_2.BF_2                                                             |     0.004 |
|                   add_subs.add_i                                                             |    <0.001 |
|                     adder                                                                    |    <0.001 |
|                       i_baseblox.i_baseblox_addsub                                           |    <0.001 |
|                         no_pipelining.the_addsub                                             |    <0.001 |
|                           i_lut6.i_lut6_addsub                                               |    <0.001 |
|                             i_q.i_simple.qreg                                                |    <0.001 |
|                   add_subs.add_r                                                             |    <0.001 |
|                     adder                                                                    |    <0.001 |
|                       i_baseblox.i_baseblox_addsub                                           |    <0.001 |
|                         no_pipelining.the_addsub                                             |    <0.001 |
|                           i_lut6.i_lut6_addsub                                               |    <0.001 |
|                             i_q.i_simple.qreg                                                |    <0.001 |
|                   in_comm_ctr_del                                                            |    <0.001 |
|                     no_sclr_lut.real_shift_ram.use_baseblock.not_use_hlutnm_srls.i_shift_ram |    <0.001 |
|                       i_bb_inst                                                              |    <0.001 |
|                   in_commutator_A                                                            |    <0.001 |
|                   in_commutator_B                                                            |    <0.001 |
|                   logic_twoscomp.im_cmp                                                      |    <0.001 |
|                   logic_twoscomp.re_cmp                                                      |    <0.001 |
|                   mux_in_A                                                                   |    <0.001 |
|                   mux_in_B                                                                   |    <0.001 |
|                   mux_out_A                                                                  |    <0.001 |
|                   mux_out_B                                                                  |    <0.001 |
|                   out_comm_ctr_del_1_srl_only.out_comm_ctr_del_1                             |    <0.001 |
|                     no_sclr_lut.real_shift_ram.use_baseblock.not_use_hlutnm_srls.i_shift_ram |    <0.001 |
|                       i_bb_inst                                                              |    <0.001 |
|                   out_comm_ctr_del_2                                                         |    <0.001 |
|                     no_sclr_lut.real_shift_ram.use_baseblock.not_use_hlutnm_srls.i_shift_ram |    <0.001 |
|                       i_bb_inst                                                              |    <0.001 |
|                   out_commutator_A                                                           |    <0.001 |
|                   out_commutator_B                                                           |    <0.001 |
|                   sign_sel_gen.fwd_inv_reg                                                   |    <0.001 |
|               pe_gen[2].natural_order_input.PE                                               |     0.013 |
|                 FW_1.BF_1                                                                    |     0.003 |
|                   add_subs.add_i                                                             |    <0.001 |
|                     adder                                                                    |    <0.001 |
|                       i_baseblox.i_baseblox_addsub                                           |    <0.001 |
|                         no_pipelining.the_addsub                                             |    <0.001 |
|                           i_lut6.i_lut6_addsub                                               |    <0.001 |
|                             i_q.i_simple.qreg                                                |    <0.001 |
|                   add_subs.add_r                                                             |    <0.001 |
|                     adder                                                                    |    <0.001 |
|                       i_baseblox.i_baseblox_addsub                                           |    <0.001 |
|                         no_pipelining.the_addsub                                             |    <0.001 |
|                           i_lut6.i_lut6_addsub                                               |    <0.001 |
|                             i_q.i_simple.qreg                                                |    <0.001 |
|                   in_commutator_A                                                            |    <0.001 |
|                   in_commutator_B                                                            |    <0.001 |
|                   mux_in_A                                                                   |    <0.001 |
|                   mux_in_B                                                                   |    <0.001 |
|                   mux_out_A                                                                  |    <0.001 |
|                   mux_out_B                                                                  |    <0.001 |
|                   out_comm_ctr_del_1_fde_and_srl.out_comm_ctr_del_1                          |    <0.001 |
|                   out_comm_ctr_del_2                                                         |    <0.001 |
|                     no_sclr_lut.real_shift_ram.use_baseblock.not_use_hlutnm_srls.i_shift_ram |    <0.001 |
|                       i_bb_inst                                                              |    <0.001 |
|                   out_commutator_A                                                           |    <0.001 |
|                   out_commutator_B                                                           |    <0.001 |
|                 delay_addr_bf2                                                               |    <0.001 |
|                 has_TW_mult.MULT                                                             |     0.006 |
|                   i_cmpy                                                                     |     0.006 |
|                     three_mult_structure.use_dsp.i_dsp48                                     |     0.006 |
|                       dsp_preadder_1.reg_mult1_preadd_d                                      |    <0.001 |
|                       mult1_preadder_d_plus_a.mult1                                          |     0.002 |
|                         mult                                                                 |     0.002 |
|                           use_prim.iAdelx[0].iAdely[0].use_delay_line.Adelay                 |    <0.001 |
|                           use_prim.iBdelx[0].iBdely[0].need_delay_line.Bdelay                |    <0.001 |
|                       mult2_preadder_d_plus_b.mult2                                          |     0.001 |
|                         mult                                                                 |     0.001 |
|                       mult3_preadder_d_minus_a.mult3                                         |     0.001 |
|                         mult                                                                 |     0.001 |
|                           use_prim.iBdelx[0].iBdely[0].need_delay_line.Bdelay                |    <0.001 |
|                       optionally_negate_inputs                                               |    <0.001 |
|                 has_TW_mult.TW                                                               |    <0.001 |
|                   ADD0                                                                       |    <0.001 |
|                     adder                                                                    |    <0.001 |
|                       i_baseblox.i_baseblox_addsub                                           |    <0.001 |
|                         no_pipelining.the_addsub                                             |    <0.001 |
|                           i_lut6.i_lut6_addsub                                               |    <0.001 |
|                             i_q.i_simple.qreg                                                |    <0.001 |
|                   MUX0                                                                       |    <0.001 |
|                   delay_tw_addr_msb                                                          |    <0.001 |
|                     no_sclr_lut.real_shift_ram.use_baseblock.not_use_hlutnm_srls.i_shift_ram |    <0.001 |
|                       i_bb_inst                                                              |    <0.001 |
|                   twiddle_generator                                                          |    <0.001 |
|                     tw2.twgen2                                                               |    <0.001 |
|                 has_TW_mult.delay_fwd_inv                                                    |    <0.001 |
|                   no_sclr_lut.real_shift_ram.use_baseblock.not_use_hlutnm_srls.i_shift_ram   |    <0.001 |
|                     i_bb_inst                                                                |    <0.001 |
|                 has_TW_mult.sync_tw_addr                                                     |    <0.001 |
|                 has_addr_gen.bf2_addr_gen                                                    |    <0.001 |
|                   cnt                                                                        |    <0.001 |
|                     cnt_addsub                                                               |    <0.001 |
|                       i_baseblox.i_baseblox_addsub                                           |    <0.001 |
|                         no_pipelining.the_addsub                                             |    <0.001 |
|                           i_lut6.i_lut6_addsub                                               |    <0.001 |
|                             i_q.i_simple.qreg                                                |    <0.001 |
|                     i_tc_compare_new                                                         |    <0.001 |
|                   output_cnt.next_start_int_equ                                              |    <0.001 |
|                 has_addr_gen.next_bf1_addr_delay                                             |    <0.001 |
|                   no_sclr_lut.real_shift_ram.use_baseblock.not_use_hlutnm_srls.i_shift_ram   |    <0.001 |
|                     i_bb_inst                                                                |    <0.001 |
|                 has_addr_gen.next_bf2_start_delay                                            |    <0.001 |
|                   need_sclr_lut.real_shift_ram.d3plus.not_use_hlutnm_srls.i_shift_ram        |    <0.001 |
|                     i_bb_inst                                                                |    <0.001 |
|                 has_addr_gen.tw_addr_gen                                                     |    <0.001 |
|                   cnt                                                                        |    <0.001 |
|                     cnt_addsub                                                               |    <0.001 |
|                       i_baseblox.i_baseblox_addsub                                           |    <0.001 |
|                         no_pipelining.the_addsub                                             |    <0.001 |
|                           i_lut6.i_lut6_addsub                                               |    <0.001 |
|                             i_q.i_simple.qreg                                                |    <0.001 |
|                     i_tc_compare_new                                                         |    <0.001 |
|                   output_cnt.next_start_int_equ                                              |    <0.001 |
|                 has_bf2_fwd_inv.bf2_fwd_inv_delay                                            |    <0.001 |
|                   no_sclr_lut.real_shift_ram.use_baseblock.not_use_hlutnm_srls.i_shift_ram   |    <0.001 |
|                     i_bb_inst                                                                |    <0.001 |
|                 has_tw_out_fwd_inv_gen.fwd_inv_out_delay                                     |    <0.001 |
|                   no_sclr_lut.real_shift_ram.use_baseblock.not_use_hlutnm_srls.i_shift_ram   |    <0.001 |
|                     i_bb_inst                                                                |    <0.001 |
|                 hasbf2.FW_2.BF_2                                                             |     0.004 |
|                   add_subs.add_i                                                             |    <0.001 |
|                     adder                                                                    |    <0.001 |
|                       i_baseblox.i_baseblox_addsub                                           |    <0.001 |
|                         no_pipelining.the_addsub                                             |    <0.001 |
|                           i_lut6.i_lut6_addsub                                               |    <0.001 |
|                             i_q.i_simple.qreg                                                |    <0.001 |
|                   add_subs.add_r                                                             |    <0.001 |
|                     adder                                                                    |    <0.001 |
|                       i_baseblox.i_baseblox_addsub                                           |    <0.001 |
|                         no_pipelining.the_addsub                                             |    <0.001 |
|                           i_lut6.i_lut6_addsub                                               |    <0.001 |
|                             i_q.i_simple.qreg                                                |    <0.001 |
|                   in_comm_ctr_del                                                            |    <0.001 |
|                     no_sclr_lut.real_shift_ram.use_baseblock.not_use_hlutnm_srls.i_shift_ram |    <0.001 |
|                       i_bb_inst                                                              |    <0.001 |
|                   in_commutator_A                                                            |    <0.001 |
|                   in_commutator_B                                                            |    <0.001 |
|                   logic_twoscomp.im_cmp                                                      |    <0.001 |
|                   logic_twoscomp.re_cmp                                                      |    <0.001 |
|                   mux_in_A                                                                   |    <0.001 |
|                   mux_in_B                                                                   |    <0.001 |
|                   mux_out_A                                                                  |    <0.001 |
|                   mux_out_B                                                                  |    <0.001 |
|                   out_comm_ctr_del_1_srl_only.out_comm_ctr_del_1                             |    <0.001 |
|                     no_sclr_lut.real_shift_ram.use_baseblock.not_use_hlutnm_srls.i_shift_ram |    <0.001 |
|                       i_bb_inst                                                              |    <0.001 |
|                   out_comm_ctr_del_2                                                         |    <0.001 |
|                     no_sclr_lut.real_shift_ram.use_baseblock.not_use_hlutnm_srls.i_shift_ram |    <0.001 |
|                       i_bb_inst                                                              |    <0.001 |
|                   out_commutator_A                                                           |    <0.001 |
|                   out_commutator_B                                                           |    <0.001 |
|                   sign_sel_gen.fwd_inv_reg                                                   |    <0.001 |
|               pe_gen[3].natural_order_input.PE                                               |     0.006 |
|                 FW_1.BF_1                                                                    |     0.003 |
|                   add_subs.add_i                                                             |    <0.001 |
|                     adder                                                                    |    <0.001 |
|                       i_baseblox.i_baseblox_addsub                                           |    <0.001 |
|                         no_pipelining.the_addsub                                             |    <0.001 |
|                           i_lut6.i_lut6_addsub                                               |    <0.001 |
|                             i_q.i_simple.qreg                                                |    <0.001 |
|                   add_subs.add_r                                                             |    <0.001 |
|                     adder                                                                    |    <0.001 |
|                       i_baseblox.i_baseblox_addsub                                           |    <0.001 |
|                         no_pipelining.the_addsub                                             |    <0.001 |
|                           i_lut6.i_lut6_addsub                                               |    <0.001 |
|                             i_q.i_simple.qreg                                                |    <0.001 |
|                   in_commutator_A                                                            |    <0.001 |
|                   in_commutator_B                                                            |    <0.001 |
|                   mux_in_A                                                                   |    <0.001 |
|                   mux_in_B                                                                   |    <0.001 |
|                   mux_out_A                                                                  |    <0.001 |
|                   mux_out_B                                                                  |    <0.001 |
|                   out_comm_ctr_del_1_fde_and_srl.out_comm_ctr_del_1                          |    <0.001 |
|                   out_comm_ctr_del_2                                                         |    <0.001 |
|                     no_sclr_lut.real_shift_ram.use_baseblock.not_use_hlutnm_srls.i_shift_ram |    <0.001 |
|                       i_bb_inst                                                              |    <0.001 |
|                   out_commutator_A                                                           |    <0.001 |
|                   out_commutator_B                                                           |    <0.001 |
|                 delay_addr_bf2                                                               |    <0.001 |
|                 has_bf2_fwd_inv.bf2_fwd_inv_delay                                            |    <0.001 |
|                   no_sclr_lut.real_shift_ram.use_baseblock.not_use_hlutnm_srls.i_shift_ram   |    <0.001 |
|                     i_bb_inst                                                                |    <0.001 |
|                 hasbf2.FW_2.BF_2                                                             |     0.003 |
|                   add_subs.add_i                                                             |    <0.001 |
|                     adder                                                                    |    <0.001 |
|                       i_baseblox.i_baseblox_addsub                                           |    <0.001 |
|                         no_pipelining.the_addsub                                             |    <0.001 |
|                           i_lut6.i_lut6_addsub                                               |    <0.001 |
|                             i_q.i_simple.qreg                                                |    <0.001 |
|                   add_subs.add_r                                                             |    <0.001 |
|                     adder                                                                    |    <0.001 |
|                       i_baseblox.i_baseblox_addsub                                           |    <0.001 |
|                         no_pipelining.the_addsub                                             |    <0.001 |
|                           i_lut6.i_lut6_addsub                                               |    <0.001 |
|                             i_q.i_simple.qreg                                                |    <0.001 |
|                   in_comm_ctr_del                                                            |    <0.001 |
|                     no_sclr_lut.real_shift_ram.use_baseblock.not_use_hlutnm_srls.i_shift_ram |    <0.001 |
|                       i_bb_inst                                                              |    <0.001 |
|                   in_commutator_A                                                            |    <0.001 |
|                   in_commutator_B                                                            |    <0.001 |
|                   logic_twoscomp.im_cmp                                                      |    <0.001 |
|                   logic_twoscomp.re_cmp                                                      |    <0.001 |
|                   mux_in_A                                                                   |    <0.001 |
|                   mux_in_B                                                                   |    <0.001 |
|                   mux_out_A                                                                  |    <0.001 |
|                   mux_out_B                                                                  |    <0.001 |
|                   out_comm_ctr_del_1_srl_only.out_comm_ctr_del_1                             |    <0.001 |
|                     no_sclr_lut.real_shift_ram.use_baseblock.not_use_hlutnm_srls.i_shift_ram |    <0.001 |
|                       i_bb_inst                                                              |    <0.001 |
|                   out_comm_ctr_del_2                                                         |    <0.001 |
|                   out_commutator_A                                                           |    <0.001 |
|                   out_commutator_B                                                           |    <0.001 |
|                   sign_sel_gen.fwd_inv_reg                                                   |    <0.001 |
|                 no_addr_gen.final_next_bf2_start_delay                                       |    <0.001 |
|                   need_sclr_lut.real_shift_ram.d3plus.not_use_hlutnm_srls.i_shift_ram        |    <0.001 |
|                     i_bb_inst                                                                |    <0.001 |
|                 no_addr_gen.fixed_bf2_start_delay.bf2_start_delay                            |    <0.001 |
|                   no_sclr_lut.real_shift_ram.use_baseblock.not_use_hlutnm_srls.i_shift_ram   |    <0.001 |
|                     i_bb_inst                                                                |    <0.001 |
|     sample_buffer_reg_0_63_0_2                                                               |    <0.001 |
|     sample_buffer_reg_0_63_12_14                                                             |    <0.001 |
|     sample_buffer_reg_0_63_15_15                                                             |    <0.001 |
|     sample_buffer_reg_0_63_3_5                                                               |    <0.001 |
|     sample_buffer_reg_0_63_6_8                                                               |    <0.001 |
|     sample_buffer_reg_0_63_9_11                                                              |    <0.001 |
|     sample_buffer_reg_128_191_0_2                                                            |    <0.001 |
|     sample_buffer_reg_128_191_12_14                                                          |    <0.001 |
|     sample_buffer_reg_128_191_15_15                                                          |    <0.001 |
|     sample_buffer_reg_128_191_3_5                                                            |    <0.001 |
|     sample_buffer_reg_128_191_6_8                                                            |    <0.001 |
|     sample_buffer_reg_128_191_9_11                                                           |    <0.001 |
|     sample_buffer_reg_192_255_0_2                                                            |    <0.001 |
|     sample_buffer_reg_192_255_12_14                                                          |    <0.001 |
|     sample_buffer_reg_192_255_15_15                                                          |    <0.001 |
|     sample_buffer_reg_192_255_3_5                                                            |    <0.001 |
|     sample_buffer_reg_192_255_6_8                                                            |    <0.001 |
|     sample_buffer_reg_192_255_9_11                                                           |    <0.001 |
|     sample_buffer_reg_64_127_0_2                                                             |    <0.001 |
|     sample_buffer_reg_64_127_12_14                                                           |    <0.001 |
|     sample_buffer_reg_64_127_15_15                                                           |    <0.001 |
|     sample_buffer_reg_64_127_3_5                                                             |    <0.001 |
|     sample_buffer_reg_64_127_6_8                                                             |    <0.001 |
|     sample_buffer_reg_64_127_9_11                                                            |    <0.001 |
|   input_mic                                                                                  |     0.003 |
|     u_bram                                                                                   |     0.002 |
|     u_cap                                                                                    |    <0.001 |
|     u_cs                                                                                     |    <0.001 |
|     u_map                                                                                    |    <0.001 |
|     u_pack                                                                                   |    <0.001 |
|     u_peak                                                                                   |    <0.001 |
|     u_scan                                                                                   |    <0.001 |
|   output_dac                                                                                 |     0.007 |
|     u_bridge                                                                                 |     0.001 |
|       u_fifo                                                                                 |    <0.001 |
|         xpm_fifo_base_inst                                                                   |    <0.001 |
|           gen_sdpram.xpm_memory_base_inst                                                    |    <0.001 |
|           rdp_inst                                                                           |    <0.001 |
|           rdpp1_inst                                                                         |    <0.001 |
|           rst_d1_inst                                                                        |    <0.001 |
|           wrp_inst                                                                           |    <0.001 |
|           wrpp1_inst                                                                         |    <0.001 |
|           xpm_fifo_rst_inst                                                                  |    <0.001 |
|     u_da2                                                                                    |    <0.001 |
|       u_conv_l                                                                               |    <0.001 |
|       u_nco                                                                                  |    <0.001 |
|       u_spi                                                                                  |    <0.001 |
|     u_dc_l                                                                                   |     0.002 |
|     u_ramp_l                                                                                 |     0.003 |
+----------------------------------------------------------------------------------------------+-----------+


