Copyright 1986-2018 Xilinx, Inc. All Rights Reserved.
-----------------------------------------------------------------------------------------------------------------------------------------------
| Tool Version : Vivado v.2018.2 (win64) Build 2258646 Thu Jun 14 20:03:12 MDT 2018
| Date         : Thu Dec 18 20:25:24 2025
| Host         : Sid running 64-bit major release  (build 9200)
| Command      : report_methodology -file top_methodology_drc_routed.rpt -pb top_methodology_drc_routed.pb -rpx top_methodology_drc_routed.rpx
| Design       : top
| Device       : xc7a35tcpg236-1
| Speed File   : -1
| Design State : Routed
-----------------------------------------------------------------------------------------------------------------------------------------------

Report Methodology

Table of Contents
-----------------
1. REPORT SUMMARY
2. REPORT DETAILS

1. REPORT SUMMARY
-----------------
            Netlist: netlist
          Floorplan: design_1
      Design limits: <entire design considered>
             Max violations: <unlimited>
             Violations found: 1551
+-----------+----------+--------------------------------------------+------------+
| Rule      | Severity | Description                                | Violations |
+-----------+----------+--------------------------------------------+------------+
| SYNTH-6   | Warning  | Timing of a block RAM might be sub-optimal | 1          |
| SYNTH-11  | Warning  | DSP output not registered                  | 1          |
| SYNTH-13  | Warning  | combinational multiplier                   | 2          |
| TIMING-16 | Warning  | Large setup violation                      | 478        |
| TIMING-17 | Warning  | Non-clocked sequential cell                | 1000       |
| TIMING-18 | Warning  | Missing input or output delay              | 69         |
+-----------+----------+--------------------------------------------+------------+

2. REPORT DETAILS
-----------------
SYNTH-6#1 Warning
Timing of a block RAM might be sub-optimal  
The timing for the instance fft_engine/ifft_output_buffer_reg, implemented as a block RAM, might be sub-optimal as no output register was merged into the block
Related violations: <none>

SYNTH-11#1 Warning
DSP output not registered  
DSP instance output_dac/u_ramp_l/sample_out3 is not fully pipelined on the output side. MREG/PREG are not used.
Related violations: <none>

SYNTH-13#1 Warning
combinational multiplier  
Detected combinational multiplier in DSP instance input_mic/u_map/prod.
Related violations: <none>

SYNTH-13#2 Warning
combinational multiplier  
Detected combinational multiplier in DSP instance output_dac/u_dc_l/sample_out4.
Related violations: <none>

TIMING-16#1 Warning
Large setup violation  
There is a large setup violation of -1.000 ns between fft_engine/ifft_output_buffer_reg/CLKBWRCLK (clocked by sys_clk_pin) and display/wave_reader/flat_reg[2764]/D (clocked by sys_clk_pin). Large setup violations at the end of those stages might be difficult to fix during the post-placement implementation flow and could be the result of non-optimal XDC constraints or non-optimal design architecture
Related violations: <none>

TIMING-16#2 Warning
Large setup violation  
There is a large setup violation of -1.004 ns between fft_engine/ifft_output_buffer_reg/CLKBWRCLK (clocked by sys_clk_pin) and display/wave_reader/flat_reg[3357]/D (clocked by sys_clk_pin). Large setup violations at the end of those stages might be difficult to fix during the post-placement implementation flow and could be the result of non-optimal XDC constraints or non-optimal design architecture
Related violations: <none>

TIMING-16#3 Warning
Large setup violation  
There is a large setup violation of -1.008 ns between fft_engine/ifft_output_buffer_reg/CLKBWRCLK (clocked by sys_clk_pin) and display/wave_reader/flat_reg[2808]/D (clocked by sys_clk_pin). Large setup violations at the end of those stages might be difficult to fix during the post-placement implementation flow and could be the result of non-optimal XDC constraints or non-optimal design architecture
Related violations: <none>

TIMING-16#4 Warning
Large setup violation  
There is a large setup violation of -1.008 ns between fft_engine/ifft_output_buffer_reg/CLKBWRCLK (clocked by sys_clk_pin) and display/wave_reader/flat_reg[3091]/D (clocked by sys_clk_pin). Large setup violations at the end of those stages might be difficult to fix during the post-placement implementation flow and could be the result of non-optimal XDC constraints or non-optimal design architecture
Related violations: <none>

TIMING-16#5 Warning
Large setup violation  
There is a large setup violation of -1.008 ns between fft_engine/ifft_output_buffer_reg/CLKBWRCLK (clocked by sys_clk_pin) and display/wave_reader/flat_reg[691]/D (clocked by sys_clk_pin). Large setup violations at the end of those stages might be difficult to fix during the post-placement implementation flow and could be the result of non-optimal XDC constraints or non-optimal design architecture
Related violations: <none>

TIMING-16#6 Warning
Large setup violation  
There is a large setup violation of -1.009 ns between fft_engine/ifft_output_buffer_reg/CLKBWRCLK (clocked by sys_clk_pin) and display/wave_reader/flat_reg[1443]/D (clocked by sys_clk_pin). Large setup violations at the end of those stages might be difficult to fix during the post-placement implementation flow and could be the result of non-optimal XDC constraints or non-optimal design architecture
Related violations: <none>

TIMING-16#7 Warning
Large setup violation  
There is a large setup violation of -1.012 ns between fft_engine/ifft_output_buffer_reg/CLKBWRCLK (clocked by sys_clk_pin) and display/wave_reader/flat_reg[2910]/D (clocked by sys_clk_pin). Large setup violations at the end of those stages might be difficult to fix during the post-placement implementation flow and could be the result of non-optimal XDC constraints or non-optimal design architecture
Related violations: <none>

TIMING-16#8 Warning
Large setup violation  
There is a large setup violation of -1.013 ns between fft_engine/ifft_output_buffer_reg/CLKBWRCLK (clocked by sys_clk_pin) and display/wave_reader/flat_reg[3596]/D (clocked by sys_clk_pin). Large setup violations at the end of those stages might be difficult to fix during the post-placement implementation flow and could be the result of non-optimal XDC constraints or non-optimal design architecture
Related violations: <none>

TIMING-16#9 Warning
Large setup violation  
There is a large setup violation of -1.014 ns between display/wave_reader/i_reg[0]/C (clocked by sys_clk_pin) and display/wave_reader/flat_reg[8]/D (clocked by sys_clk_pin). Large setup violations at the end of those stages might be difficult to fix during the post-placement implementation flow and could be the result of non-optimal XDC constraints or non-optimal design architecture
Related violations: <none>

TIMING-16#10 Warning
Large setup violation  
There is a large setup violation of -1.015 ns between display/wave_reader/i_reg[2]_rep__1/C (clocked by sys_clk_pin) and display/wave_reader/flat_reg[740]/D (clocked by sys_clk_pin). Large setup violations at the end of those stages might be difficult to fix during the post-placement implementation flow and could be the result of non-optimal XDC constraints or non-optimal design architecture
Related violations: <none>

TIMING-16#11 Warning
Large setup violation  
There is a large setup violation of -1.015 ns between fft_engine/ifft_output_buffer_reg/CLKBWRCLK (clocked by sys_clk_pin) and display/wave_reader/flat_reg[2057]/D (clocked by sys_clk_pin). Large setup violations at the end of those stages might be difficult to fix during the post-placement implementation flow and could be the result of non-optimal XDC constraints or non-optimal design architecture
Related violations: <none>

TIMING-16#12 Warning
Large setup violation  
There is a large setup violation of -1.015 ns between fft_engine/ifft_output_buffer_reg/CLKBWRCLK (clocked by sys_clk_pin) and display/wave_reader/flat_reg[937]/D (clocked by sys_clk_pin). Large setup violations at the end of those stages might be difficult to fix during the post-placement implementation flow and could be the result of non-optimal XDC constraints or non-optimal design architecture
Related violations: <none>

TIMING-16#13 Warning
Large setup violation  
There is a large setup violation of -1.017 ns between fft_engine/ifft_output_buffer_reg/CLKBWRCLK (clocked by sys_clk_pin) and display/wave_reader/flat_reg[2773]/D (clocked by sys_clk_pin). Large setup violations at the end of those stages might be difficult to fix during the post-placement implementation flow and could be the result of non-optimal XDC constraints or non-optimal design architecture
Related violations: <none>

TIMING-16#14 Warning
Large setup violation  
There is a large setup violation of -1.018 ns between display/wave_reader/i_reg[6]_rep__9/C (clocked by sys_clk_pin) and display/wave_reader/flat_reg[3392]/CE (clocked by sys_clk_pin). Large setup violations at the end of those stages might be difficult to fix during the post-placement implementation flow and could be the result of non-optimal XDC constraints or non-optimal design architecture
Related violations: <none>

TIMING-16#15 Warning
Large setup violation  
There is a large setup violation of -1.018 ns between display/wave_reader/i_reg[6]_rep__9/C (clocked by sys_clk_pin) and display/wave_reader/flat_reg[3401]/CE (clocked by sys_clk_pin). Large setup violations at the end of those stages might be difficult to fix during the post-placement implementation flow and could be the result of non-optimal XDC constraints or non-optimal design architecture
Related violations: <none>

TIMING-16#16 Warning
Large setup violation  
There is a large setup violation of -1.018 ns between display/wave_reader/i_reg[6]_rep__9/C (clocked by sys_clk_pin) and display/wave_reader/flat_reg[3403]/CE (clocked by sys_clk_pin). Large setup violations at the end of those stages might be difficult to fix during the post-placement implementation flow and could be the result of non-optimal XDC constraints or non-optimal design architecture
Related violations: <none>

TIMING-16#17 Warning
Large setup violation  
There is a large setup violation of -1.018 ns between fft_engine/ifft_output_buffer_reg/CLKBWRCLK (clocked by sys_clk_pin) and display/wave_reader/flat_reg[1098]/D (clocked by sys_clk_pin). Large setup violations at the end of those stages might be difficult to fix during the post-placement implementation flow and could be the result of non-optimal XDC constraints or non-optimal design architecture
Related violations: <none>

TIMING-16#18 Warning
Large setup violation  
There is a large setup violation of -1.018 ns between fft_engine/ifft_output_buffer_reg/CLKBWRCLK (clocked by sys_clk_pin) and display/wave_reader/flat_reg[1593]/D (clocked by sys_clk_pin). Large setup violations at the end of those stages might be difficult to fix during the post-placement implementation flow and could be the result of non-optimal XDC constraints or non-optimal design architecture
Related violations: <none>

TIMING-16#19 Warning
Large setup violation  
There is a large setup violation of -1.018 ns between fft_engine/ifft_output_buffer_reg/CLKBWRCLK (clocked by sys_clk_pin) and display/wave_reader/flat_reg[266]/D (clocked by sys_clk_pin). Large setup violations at the end of those stages might be difficult to fix during the post-placement implementation flow and could be the result of non-optimal XDC constraints or non-optimal design architecture
Related violations: <none>

TIMING-16#20 Warning
Large setup violation  
There is a large setup violation of -1.018 ns between fft_engine/ifft_output_buffer_reg/CLKBWRCLK (clocked by sys_clk_pin) and display/wave_reader/flat_reg[360]/D (clocked by sys_clk_pin). Large setup violations at the end of those stages might be difficult to fix during the post-placement implementation flow and could be the result of non-optimal XDC constraints or non-optimal design architecture
Related violations: <none>

TIMING-16#21 Warning
Large setup violation  
There is a large setup violation of -1.019 ns between fft_engine/ifft_output_buffer_reg/CLKBWRCLK (clocked by sys_clk_pin) and display/wave_reader/flat_reg[278]/D (clocked by sys_clk_pin). Large setup violations at the end of those stages might be difficult to fix during the post-placement implementation flow and could be the result of non-optimal XDC constraints or non-optimal design architecture
Related violations: <none>

TIMING-16#22 Warning
Large setup violation  
There is a large setup violation of -1.021 ns between fft_engine/ifft_output_buffer_reg/CLKBWRCLK (clocked by sys_clk_pin) and display/wave_reader/flat_reg[1727]/D (clocked by sys_clk_pin). Large setup violations at the end of those stages might be difficult to fix during the post-placement implementation flow and could be the result of non-optimal XDC constraints or non-optimal design architecture
Related violations: <none>

TIMING-16#23 Warning
Large setup violation  
There is a large setup violation of -1.023 ns between fft_engine/ifft_output_buffer_reg/CLKBWRCLK (clocked by sys_clk_pin) and display/wave_reader/flat_reg[286]/D (clocked by sys_clk_pin). Large setup violations at the end of those stages might be difficult to fix during the post-placement implementation flow and could be the result of non-optimal XDC constraints or non-optimal design architecture
Related violations: <none>

TIMING-16#24 Warning
Large setup violation  
There is a large setup violation of -1.023 ns between fft_engine/ifft_output_buffer_reg/CLKBWRCLK (clocked by sys_clk_pin) and display/wave_reader/flat_reg[2941]/D (clocked by sys_clk_pin). Large setup violations at the end of those stages might be difficult to fix during the post-placement implementation flow and could be the result of non-optimal XDC constraints or non-optimal design architecture
Related violations: <none>

TIMING-16#25 Warning
Large setup violation  
There is a large setup violation of -1.024 ns between fft_engine/ifft_output_buffer_reg/CLKBWRCLK (clocked by sys_clk_pin) and display/wave_reader/flat_reg[3118]/D (clocked by sys_clk_pin). Large setup violations at the end of those stages might be difficult to fix during the post-placement implementation flow and could be the result of non-optimal XDC constraints or non-optimal design architecture
Related violations: <none>

TIMING-16#26 Warning
Large setup violation  
There is a large setup violation of -1.024 ns between fft_engine/ifft_output_buffer_reg/CLKBWRCLK (clocked by sys_clk_pin) and display/wave_reader/flat_reg[3615]/D (clocked by sys_clk_pin). Large setup violations at the end of those stages might be difficult to fix during the post-placement implementation flow and could be the result of non-optimal XDC constraints or non-optimal design architecture
Related violations: <none>

TIMING-16#27 Warning
Large setup violation  
There is a large setup violation of -1.024 ns between fft_engine/ifft_output_buffer_reg/CLKBWRCLK (clocked by sys_clk_pin) and display/wave_reader/flat_reg[939]/D (clocked by sys_clk_pin). Large setup violations at the end of those stages might be difficult to fix during the post-placement implementation flow and could be the result of non-optimal XDC constraints or non-optimal design architecture
Related violations: <none>

TIMING-16#28 Warning
Large setup violation  
There is a large setup violation of -1.025 ns between fft_engine/ifft_output_buffer_reg/CLKBWRCLK (clocked by sys_clk_pin) and display/wave_reader/flat_reg[2055]/D (clocked by sys_clk_pin). Large setup violations at the end of those stages might be difficult to fix during the post-placement implementation flow and could be the result of non-optimal XDC constraints or non-optimal design architecture
Related violations: <none>

TIMING-16#29 Warning
Large setup violation  
There is a large setup violation of -1.026 ns between fft_engine/ifft_output_buffer_reg/CLKBWRCLK (clocked by sys_clk_pin) and display/wave_reader/flat_reg[3645]/D (clocked by sys_clk_pin). Large setup violations at the end of those stages might be difficult to fix during the post-placement implementation flow and could be the result of non-optimal XDC constraints or non-optimal design architecture
Related violations: <none>

TIMING-16#30 Warning
Large setup violation  
There is a large setup violation of -1.026 ns between fft_engine/ifft_output_buffer_reg/CLKBWRCLK (clocked by sys_clk_pin) and display/wave_reader/flat_reg[3862]/D (clocked by sys_clk_pin). Large setup violations at the end of those stages might be difficult to fix during the post-placement implementation flow and could be the result of non-optimal XDC constraints or non-optimal design architecture
Related violations: <none>

TIMING-16#31 Warning
Large setup violation  
There is a large setup violation of -1.029 ns between fft_engine/ifft_output_buffer_reg/CLKBWRCLK (clocked by sys_clk_pin) and display/wave_reader/flat_reg[2070]/D (clocked by sys_clk_pin). Large setup violations at the end of those stages might be difficult to fix during the post-placement implementation flow and could be the result of non-optimal XDC constraints or non-optimal design architecture
Related violations: <none>

TIMING-16#32 Warning
Large setup violation  
There is a large setup violation of -1.032 ns between fft_engine/ifft_output_buffer_reg/CLKBWRCLK (clocked by sys_clk_pin) and display/wave_reader/flat_reg[1542]/D (clocked by sys_clk_pin). Large setup violations at the end of those stages might be difficult to fix during the post-placement implementation flow and could be the result of non-optimal XDC constraints or non-optimal design architecture
Related violations: <none>

TIMING-16#33 Warning
Large setup violation  
There is a large setup violation of -1.032 ns between fft_engine/ifft_output_buffer_reg/CLKBWRCLK (clocked by sys_clk_pin) and display/wave_reader/flat_reg[1575]/D (clocked by sys_clk_pin). Large setup violations at the end of those stages might be difficult to fix during the post-placement implementation flow and could be the result of non-optimal XDC constraints or non-optimal design architecture
Related violations: <none>

TIMING-16#34 Warning
Large setup violation  
There is a large setup violation of -1.033 ns between fft_engine/ifft_output_buffer_reg/CLKBWRCLK (clocked by sys_clk_pin) and display/wave_reader/flat_reg[1401]/D (clocked by sys_clk_pin). Large setup violations at the end of those stages might be difficult to fix during the post-placement implementation flow and could be the result of non-optimal XDC constraints or non-optimal design architecture
Related violations: <none>

TIMING-16#35 Warning
Large setup violation  
There is a large setup violation of -1.033 ns between fft_engine/ifft_output_buffer_reg/CLKBWRCLK (clocked by sys_clk_pin) and display/wave_reader/flat_reg[3927]/D (clocked by sys_clk_pin). Large setup violations at the end of those stages might be difficult to fix during the post-placement implementation flow and could be the result of non-optimal XDC constraints or non-optimal design architecture
Related violations: <none>

TIMING-16#36 Warning
Large setup violation  
There is a large setup violation of -1.035 ns between fft_engine/ifft_output_buffer_reg/CLKBWRCLK (clocked by sys_clk_pin) and display/wave_reader/flat_reg[3661]/D (clocked by sys_clk_pin). Large setup violations at the end of those stages might be difficult to fix during the post-placement implementation flow and could be the result of non-optimal XDC constraints or non-optimal design architecture
Related violations: <none>

TIMING-16#37 Warning
Large setup violation  
There is a large setup violation of -1.037 ns between fft_engine/ifft_output_buffer_reg/CLKBWRCLK (clocked by sys_clk_pin) and display/wave_reader/flat_reg[2587]/D (clocked by sys_clk_pin). Large setup violations at the end of those stages might be difficult to fix during the post-placement implementation flow and could be the result of non-optimal XDC constraints or non-optimal design architecture
Related violations: <none>

TIMING-16#38 Warning
Large setup violation  
There is a large setup violation of -1.039 ns between fft_engine/ifft_output_buffer_reg/CLKBWRCLK (clocked by sys_clk_pin) and display/wave_reader/flat_reg[3767]/D (clocked by sys_clk_pin). Large setup violations at the end of those stages might be difficult to fix during the post-placement implementation flow and could be the result of non-optimal XDC constraints or non-optimal design architecture
Related violations: <none>

TIMING-16#39 Warning
Large setup violation  
There is a large setup violation of -1.040 ns between fft_engine/ifft_output_buffer_reg/CLKBWRCLK (clocked by sys_clk_pin) and display/wave_reader/flat_reg[1056]/D (clocked by sys_clk_pin). Large setup violations at the end of those stages might be difficult to fix during the post-placement implementation flow and could be the result of non-optimal XDC constraints or non-optimal design architecture
Related violations: <none>

TIMING-16#40 Warning
Large setup violation  
There is a large setup violation of -1.040 ns between fft_engine/ifft_output_buffer_reg/CLKBWRCLK (clocked by sys_clk_pin) and display/wave_reader/flat_reg[4023]/D (clocked by sys_clk_pin). Large setup violations at the end of those stages might be difficult to fix during the post-placement implementation flow and could be the result of non-optimal XDC constraints or non-optimal design architecture
Related violations: <none>

TIMING-16#41 Warning
Large setup violation  
There is a large setup violation of -1.042 ns between fft_engine/ifft_output_buffer_reg/CLKBWRCLK (clocked by sys_clk_pin) and display/wave_reader/flat_reg[2861]/D (clocked by sys_clk_pin). Large setup violations at the end of those stages might be difficult to fix during the post-placement implementation flow and could be the result of non-optimal XDC constraints or non-optimal design architecture
Related violations: <none>

TIMING-16#42 Warning
Large setup violation  
There is a large setup violation of -1.044 ns between fft_engine/ifft_output_buffer_reg/CLKBWRCLK (clocked by sys_clk_pin) and display/wave_reader/flat_reg[3394]/D (clocked by sys_clk_pin). Large setup violations at the end of those stages might be difficult to fix during the post-placement implementation flow and could be the result of non-optimal XDC constraints or non-optimal design architecture
Related violations: <none>

TIMING-16#43 Warning
Large setup violation  
There is a large setup violation of -1.045 ns between fft_engine/ifft_output_buffer_reg/CLKBWRCLK (clocked by sys_clk_pin) and display/wave_reader/flat_reg[1891]/D (clocked by sys_clk_pin). Large setup violations at the end of those stages might be difficult to fix during the post-placement implementation flow and could be the result of non-optimal XDC constraints or non-optimal design architecture
Related violations: <none>

TIMING-16#44 Warning
Large setup violation  
There is a large setup violation of -1.047 ns between fft_engine/ifft_output_buffer_reg/CLKBWRCLK (clocked by sys_clk_pin) and display/wave_reader/flat_reg[1979]/D (clocked by sys_clk_pin). Large setup violations at the end of those stages might be difficult to fix during the post-placement implementation flow and could be the result of non-optimal XDC constraints or non-optimal design architecture
Related violations: <none>

TIMING-16#45 Warning
Large setup violation  
There is a large setup violation of -1.047 ns between fft_engine/ifft_output_buffer_reg/CLKBWRCLK (clocked by sys_clk_pin) and display/wave_reader/flat_reg[22]/D (clocked by sys_clk_pin). Large setup violations at the end of those stages might be difficult to fix during the post-placement implementation flow and could be the result of non-optimal XDC constraints or non-optimal design architecture
Related violations: <none>

TIMING-16#46 Warning
Large setup violation  
There is a large setup violation of -1.047 ns between fft_engine/ifft_output_buffer_reg/CLKBWRCLK (clocked by sys_clk_pin) and display/wave_reader/flat_reg[2990]/D (clocked by sys_clk_pin). Large setup violations at the end of those stages might be difficult to fix during the post-placement implementation flow and could be the result of non-optimal XDC constraints or non-optimal design architecture
Related violations: <none>

TIMING-16#47 Warning
Large setup violation  
There is a large setup violation of -1.050 ns between fft_engine/ifft_output_buffer_reg/CLKBWRCLK (clocked by sys_clk_pin) and display/wave_reader/flat_reg[1597]/D (clocked by sys_clk_pin). Large setup violations at the end of those stages might be difficult to fix during the post-placement implementation flow and could be the result of non-optimal XDC constraints or non-optimal design architecture
Related violations: <none>

TIMING-16#48 Warning
Large setup violation  
There is a large setup violation of -1.050 ns between fft_engine/ifft_output_buffer_reg/CLKBWRCLK (clocked by sys_clk_pin) and display/wave_reader/flat_reg[2577]/D (clocked by sys_clk_pin). Large setup violations at the end of those stages might be difficult to fix during the post-placement implementation flow and could be the result of non-optimal XDC constraints or non-optimal design architecture
Related violations: <none>

TIMING-16#49 Warning
Large setup violation  
There is a large setup violation of -1.051 ns between display/wave_reader/i_reg[6]_rep__9/C (clocked by sys_clk_pin) and display/wave_reader/flat_reg[3108]/CE (clocked by sys_clk_pin). Large setup violations at the end of those stages might be difficult to fix during the post-placement implementation flow and could be the result of non-optimal XDC constraints or non-optimal design architecture
Related violations: <none>

TIMING-16#50 Warning
Large setup violation  
There is a large setup violation of -1.051 ns between display/wave_reader/i_reg[6]_rep__9/C (clocked by sys_clk_pin) and display/wave_reader/flat_reg[3117]/CE (clocked by sys_clk_pin). Large setup violations at the end of those stages might be difficult to fix during the post-placement implementation flow and could be the result of non-optimal XDC constraints or non-optimal design architecture
Related violations: <none>

TIMING-16#51 Warning
Large setup violation  
There is a large setup violation of -1.051 ns between display/wave_reader/i_reg[6]_rep__9/C (clocked by sys_clk_pin) and display/wave_reader/flat_reg[3118]/CE (clocked by sys_clk_pin). Large setup violations at the end of those stages might be difficult to fix during the post-placement implementation flow and could be the result of non-optimal XDC constraints or non-optimal design architecture
Related violations: <none>

TIMING-16#52 Warning
Large setup violation  
There is a large setup violation of -1.051 ns between display/wave_reader/i_reg[6]_rep__9/C (clocked by sys_clk_pin) and display/wave_reader/flat_reg[3119]/CE (clocked by sys_clk_pin). Large setup violations at the end of those stages might be difficult to fix during the post-placement implementation flow and could be the result of non-optimal XDC constraints or non-optimal design architecture
Related violations: <none>

TIMING-16#53 Warning
Large setup violation  
There is a large setup violation of -1.051 ns between fft_engine/ifft_output_buffer_reg/CLKBWRCLK (clocked by sys_clk_pin) and display/wave_reader/flat_reg[185]/D (clocked by sys_clk_pin). Large setup violations at the end of those stages might be difficult to fix during the post-placement implementation flow and could be the result of non-optimal XDC constraints or non-optimal design architecture
Related violations: <none>

TIMING-16#54 Warning
Large setup violation  
There is a large setup violation of -1.051 ns between fft_engine/ifft_output_buffer_reg/CLKBWRCLK (clocked by sys_clk_pin) and display/wave_reader/flat_reg[2051]/D (clocked by sys_clk_pin). Large setup violations at the end of those stages might be difficult to fix during the post-placement implementation flow and could be the result of non-optimal XDC constraints or non-optimal design architecture
Related violations: <none>

TIMING-16#55 Warning
Large setup violation  
There is a large setup violation of -1.052 ns between fft_engine/ifft_output_buffer_reg/CLKBWRCLK (clocked by sys_clk_pin) and display/wave_reader/flat_reg[2233]/D (clocked by sys_clk_pin). Large setup violations at the end of those stages might be difficult to fix during the post-placement implementation flow and could be the result of non-optimal XDC constraints or non-optimal design architecture
Related violations: <none>

TIMING-16#56 Warning
Large setup violation  
There is a large setup violation of -1.053 ns between fft_engine/ifft_output_buffer_reg/CLKBWRCLK (clocked by sys_clk_pin) and display/wave_reader/flat_reg[1591]/D (clocked by sys_clk_pin). Large setup violations at the end of those stages might be difficult to fix during the post-placement implementation flow and could be the result of non-optimal XDC constraints or non-optimal design architecture
Related violations: <none>

TIMING-16#57 Warning
Large setup violation  
There is a large setup violation of -1.053 ns between fft_engine/ifft_output_buffer_reg/CLKBWRCLK (clocked by sys_clk_pin) and display/wave_reader/flat_reg[2493]/D (clocked by sys_clk_pin). Large setup violations at the end of those stages might be difficult to fix during the post-placement implementation flow and could be the result of non-optimal XDC constraints or non-optimal design architecture
Related violations: <none>

TIMING-16#58 Warning
Large setup violation  
There is a large setup violation of -1.053 ns between fft_engine/ifft_output_buffer_reg/CLKBWRCLK (clocked by sys_clk_pin) and display/wave_reader/flat_reg[2592]/D (clocked by sys_clk_pin). Large setup violations at the end of those stages might be difficult to fix during the post-placement implementation flow and could be the result of non-optimal XDC constraints or non-optimal design architecture
Related violations: <none>

TIMING-16#59 Warning
Large setup violation  
There is a large setup violation of -1.053 ns between fft_engine/ifft_output_buffer_reg/CLKBWRCLK (clocked by sys_clk_pin) and display/wave_reader/flat_reg[3846]/D (clocked by sys_clk_pin). Large setup violations at the end of those stages might be difficult to fix during the post-placement implementation flow and could be the result of non-optimal XDC constraints or non-optimal design architecture
Related violations: <none>

TIMING-16#60 Warning
Large setup violation  
There is a large setup violation of -1.054 ns between fft_engine/ifft_output_buffer_reg/CLKBWRCLK (clocked by sys_clk_pin) and display/wave_reader/flat_reg[526]/D (clocked by sys_clk_pin). Large setup violations at the end of those stages might be difficult to fix during the post-placement implementation flow and could be the result of non-optimal XDC constraints or non-optimal design architecture
Related violations: <none>

TIMING-16#61 Warning
Large setup violation  
There is a large setup violation of -1.055 ns between fft_engine/ifft_output_buffer_reg/CLKBWRCLK (clocked by sys_clk_pin) and display/wave_reader/flat_reg[1567]/D (clocked by sys_clk_pin). Large setup violations at the end of those stages might be difficult to fix during the post-placement implementation flow and could be the result of non-optimal XDC constraints or non-optimal design architecture
Related violations: <none>

TIMING-16#62 Warning
Large setup violation  
There is a large setup violation of -1.056 ns between fft_engine/ifft_output_buffer_reg/CLKBWRCLK (clocked by sys_clk_pin) and display/wave_reader/flat_reg[3453]/D (clocked by sys_clk_pin). Large setup violations at the end of those stages might be difficult to fix during the post-placement implementation flow and could be the result of non-optimal XDC constraints or non-optimal design architecture
Related violations: <none>

TIMING-16#63 Warning
Large setup violation  
There is a large setup violation of -1.056 ns between fft_engine/ifft_output_buffer_reg/CLKBWRCLK (clocked by sys_clk_pin) and display/wave_reader/flat_reg[3763]/D (clocked by sys_clk_pin). Large setup violations at the end of those stages might be difficult to fix during the post-placement implementation flow and could be the result of non-optimal XDC constraints or non-optimal design architecture
Related violations: <none>

TIMING-16#64 Warning
Large setup violation  
There is a large setup violation of -1.059 ns between display/wave_reader/i_reg[6]_rep__9/C (clocked by sys_clk_pin) and display/wave_reader/flat_reg[3368]/CE (clocked by sys_clk_pin). Large setup violations at the end of those stages might be difficult to fix during the post-placement implementation flow and could be the result of non-optimal XDC constraints or non-optimal design architecture
Related violations: <none>

TIMING-16#65 Warning
Large setup violation  
There is a large setup violation of -1.059 ns between display/wave_reader/i_reg[6]_rep__9/C (clocked by sys_clk_pin) and display/wave_reader/flat_reg[3373]/CE (clocked by sys_clk_pin). Large setup violations at the end of those stages might be difficult to fix during the post-placement implementation flow and could be the result of non-optimal XDC constraints or non-optimal design architecture
Related violations: <none>

TIMING-16#66 Warning
Large setup violation  
There is a large setup violation of -1.059 ns between fft_engine/ifft_output_buffer_reg/CLKBWRCLK (clocked by sys_clk_pin) and display/wave_reader/flat_reg[2398]/D (clocked by sys_clk_pin). Large setup violations at the end of those stages might be difficult to fix during the post-placement implementation flow and could be the result of non-optimal XDC constraints or non-optimal design architecture
Related violations: <none>

TIMING-16#67 Warning
Large setup violation  
There is a large setup violation of -1.059 ns between fft_engine/ifft_output_buffer_reg/CLKBWRCLK (clocked by sys_clk_pin) and display/wave_reader/flat_reg[2973]/D (clocked by sys_clk_pin). Large setup violations at the end of those stages might be difficult to fix during the post-placement implementation flow and could be the result of non-optimal XDC constraints or non-optimal design architecture
Related violations: <none>

TIMING-16#68 Warning
Large setup violation  
There is a large setup violation of -1.060 ns between fft_engine/ifft_output_buffer_reg/CLKBWRCLK (clocked by sys_clk_pin) and display/wave_reader/flat_reg[1975]/D (clocked by sys_clk_pin). Large setup violations at the end of those stages might be difficult to fix during the post-placement implementation flow and could be the result of non-optimal XDC constraints or non-optimal design architecture
Related violations: <none>

TIMING-16#69 Warning
Large setup violation  
There is a large setup violation of -1.061 ns between fft_engine/ifft_output_buffer_reg/CLKBWRCLK (clocked by sys_clk_pin) and display/wave_reader/flat_reg[701]/D (clocked by sys_clk_pin). Large setup violations at the end of those stages might be difficult to fix during the post-placement implementation flow and could be the result of non-optimal XDC constraints or non-optimal design architecture
Related violations: <none>

TIMING-16#70 Warning
Large setup violation  
There is a large setup violation of -1.063 ns between fft_engine/ifft_output_buffer_reg/CLKBWRCLK (clocked by sys_clk_pin) and display/wave_reader/flat_reg[3646]/D (clocked by sys_clk_pin). Large setup violations at the end of those stages might be difficult to fix during the post-placement implementation flow and could be the result of non-optimal XDC constraints or non-optimal design architecture
Related violations: <none>

TIMING-16#71 Warning
Large setup violation  
There is a large setup violation of -1.064 ns between display/wave_reader/i_reg[1]/C (clocked by sys_clk_pin) and display/wave_reader/flat_reg[3624]/D (clocked by sys_clk_pin). Large setup violations at the end of those stages might be difficult to fix during the post-placement implementation flow and could be the result of non-optimal XDC constraints or non-optimal design architecture
Related violations: <none>

TIMING-16#72 Warning
Large setup violation  
There is a large setup violation of -1.064 ns between fft_engine/ifft_output_buffer_reg/CLKBWRCLK (clocked by sys_clk_pin) and display/wave_reader/flat_reg[1613]/D (clocked by sys_clk_pin). Large setup violations at the end of those stages might be difficult to fix during the post-placement implementation flow and could be the result of non-optimal XDC constraints or non-optimal design architecture
Related violations: <none>

TIMING-16#73 Warning
Large setup violation  
There is a large setup violation of -1.065 ns between fft_engine/ifft_output_buffer_reg/CLKBWRCLK (clocked by sys_clk_pin) and display/wave_reader/flat_reg[177]/D (clocked by sys_clk_pin). Large setup violations at the end of those stages might be difficult to fix during the post-placement implementation flow and could be the result of non-optimal XDC constraints or non-optimal design architecture
Related violations: <none>

TIMING-16#74 Warning
Large setup violation  
There is a large setup violation of -1.066 ns between fft_engine/ifft_output_buffer_reg/CLKBWRCLK (clocked by sys_clk_pin) and display/wave_reader/flat_reg[1799]/D (clocked by sys_clk_pin). Large setup violations at the end of those stages might be difficult to fix during the post-placement implementation flow and could be the result of non-optimal XDC constraints or non-optimal design architecture
Related violations: <none>

TIMING-16#75 Warning
Large setup violation  
There is a large setup violation of -1.066 ns between fft_engine/ifft_output_buffer_reg/CLKBWRCLK (clocked by sys_clk_pin) and display/wave_reader/flat_reg[189]/D (clocked by sys_clk_pin). Large setup violations at the end of those stages might be difficult to fix during the post-placement implementation flow and could be the result of non-optimal XDC constraints or non-optimal design architecture
Related violations: <none>

TIMING-16#76 Warning
Large setup violation  
There is a large setup violation of -1.069 ns between fft_engine/ifft_output_buffer_reg/CLKBWRCLK (clocked by sys_clk_pin) and display/wave_reader/flat_reg[2491]/D (clocked by sys_clk_pin). Large setup violations at the end of those stages might be difficult to fix during the post-placement implementation flow and could be the result of non-optimal XDC constraints or non-optimal design architecture
Related violations: <none>

TIMING-16#77 Warning
Large setup violation  
There is a large setup violation of -1.069 ns between output_dac/u_dc_l/y_prev_reg[15]/C (clocked by sys_clk_pin) and output_dac/u_dc_l/sample_out_reg[6]/D (clocked by sys_clk_pin). Large setup violations at the end of those stages might be difficult to fix during the post-placement implementation flow and could be the result of non-optimal XDC constraints or non-optimal design architecture
Related violations: <none>

TIMING-16#78 Warning
Large setup violation  
There is a large setup violation of -1.071 ns between fft_engine/ifft_output_buffer_reg/CLKBWRCLK (clocked by sys_clk_pin) and display/wave_reader/flat_reg[1858]/D (clocked by sys_clk_pin). Large setup violations at the end of those stages might be difficult to fix during the post-placement implementation flow and could be the result of non-optimal XDC constraints or non-optimal design architecture
Related violations: <none>

TIMING-16#79 Warning
Large setup violation  
There is a large setup violation of -1.071 ns between fft_engine/ifft_output_buffer_reg/CLKBWRCLK (clocked by sys_clk_pin) and display/wave_reader/flat_reg[3126]/D (clocked by sys_clk_pin). Large setup violations at the end of those stages might be difficult to fix during the post-placement implementation flow and could be the result of non-optimal XDC constraints or non-optimal design architecture
Related violations: <none>

TIMING-16#80 Warning
Large setup violation  
There is a large setup violation of -1.071 ns between fft_engine/ifft_output_buffer_reg/CLKBWRCLK (clocked by sys_clk_pin) and display/wave_reader/flat_reg[4027]/D (clocked by sys_clk_pin). Large setup violations at the end of those stages might be difficult to fix during the post-placement implementation flow and could be the result of non-optimal XDC constraints or non-optimal design architecture
Related violations: <none>

TIMING-16#81 Warning
Large setup violation  
There is a large setup violation of -1.072 ns between fft_engine/ifft_output_buffer_reg/CLKBWRCLK (clocked by sys_clk_pin) and display/wave_reader/flat_reg[1025]/D (clocked by sys_clk_pin). Large setup violations at the end of those stages might be difficult to fix during the post-placement implementation flow and could be the result of non-optimal XDC constraints or non-optimal design architecture
Related violations: <none>

TIMING-16#82 Warning
Large setup violation  
There is a large setup violation of -1.072 ns between fft_engine/ifft_output_buffer_reg/CLKBWRCLK (clocked by sys_clk_pin) and display/wave_reader/flat_reg[3451]/D (clocked by sys_clk_pin). Large setup violations at the end of those stages might be difficult to fix during the post-placement implementation flow and could be the result of non-optimal XDC constraints or non-optimal design architecture
Related violations: <none>

TIMING-16#83 Warning
Large setup violation  
There is a large setup violation of -1.072 ns between fft_engine/ifft_output_buffer_reg/CLKBWRCLK (clocked by sys_clk_pin) and display/wave_reader/flat_reg[3932]/D (clocked by sys_clk_pin). Large setup violations at the end of those stages might be difficult to fix during the post-placement implementation flow and could be the result of non-optimal XDC constraints or non-optimal design architecture
Related violations: <none>

TIMING-16#84 Warning
Large setup violation  
There is a large setup violation of -1.073 ns between display/wave_reader/i_reg[1]/C (clocked by sys_clk_pin) and display/wave_reader/flat_reg[40]/D (clocked by sys_clk_pin). Large setup violations at the end of those stages might be difficult to fix during the post-placement implementation flow and could be the result of non-optimal XDC constraints or non-optimal design architecture
Related violations: <none>

TIMING-16#85 Warning
Large setup violation  
There is a large setup violation of -1.074 ns between fft_engine/ifft_output_buffer_reg/CLKBWRCLK (clocked by sys_clk_pin) and display/wave_reader/flat_reg[1809]/D (clocked by sys_clk_pin). Large setup violations at the end of those stages might be difficult to fix during the post-placement implementation flow and could be the result of non-optimal XDC constraints or non-optimal design architecture
Related violations: <none>

TIMING-16#86 Warning
Large setup violation  
There is a large setup violation of -1.074 ns between fft_engine/ifft_output_buffer_reg/CLKBWRCLK (clocked by sys_clk_pin) and display/wave_reader/flat_reg[282]/D (clocked by sys_clk_pin). Large setup violations at the end of those stages might be difficult to fix during the post-placement implementation flow and could be the result of non-optimal XDC constraints or non-optimal design architecture
Related violations: <none>

TIMING-16#87 Warning
Large setup violation  
There is a large setup violation of -1.074 ns between fft_engine/ifft_output_buffer_reg/CLKBWRCLK (clocked by sys_clk_pin) and display/wave_reader/flat_reg[445]/D (clocked by sys_clk_pin). Large setup violations at the end of those stages might be difficult to fix during the post-placement implementation flow and could be the result of non-optimal XDC constraints or non-optimal design architecture
Related violations: <none>

TIMING-16#88 Warning
Large setup violation  
There is a large setup violation of -1.077 ns between output_dac/u_dc_l/y_prev_reg[15]/C (clocked by sys_clk_pin) and output_dac/u_dc_l/sample_out_reg[3]/D (clocked by sys_clk_pin). Large setup violations at the end of those stages might be difficult to fix during the post-placement implementation flow and could be the result of non-optimal XDC constraints or non-optimal design architecture
Related violations: <none>

TIMING-16#89 Warning
Large setup violation  
There is a large setup violation of -1.079 ns between fft_engine/ifft_output_buffer_reg/CLKBWRCLK (clocked by sys_clk_pin) and display/wave_reader/flat_reg[3114]/D (clocked by sys_clk_pin). Large setup violations at the end of those stages might be difficult to fix during the post-placement implementation flow and could be the result of non-optimal XDC constraints or non-optimal design architecture
Related violations: <none>

TIMING-16#90 Warning
Large setup violation  
There is a large setup violation of -1.080 ns between fft_engine/ifft_output_buffer_reg/CLKBWRCLK (clocked by sys_clk_pin) and display/wave_reader/flat_reg[1559]/D (clocked by sys_clk_pin). Large setup violations at the end of those stages might be difficult to fix during the post-placement implementation flow and could be the result of non-optimal XDC constraints or non-optimal design architecture
Related violations: <none>

TIMING-16#91 Warning
Large setup violation  
There is a large setup violation of -1.082 ns between fft_engine/ifft_output_buffer_reg/CLKBWRCLK (clocked by sys_clk_pin) and display/wave_reader/flat_reg[3387]/D (clocked by sys_clk_pin). Large setup violations at the end of those stages might be difficult to fix during the post-placement implementation flow and could be the result of non-optimal XDC constraints or non-optimal design architecture
Related violations: <none>

TIMING-16#92 Warning
Large setup violation  
There is a large setup violation of -1.083 ns between fft_engine/ifft_output_buffer_reg/CLKBWRCLK (clocked by sys_clk_pin) and display/wave_reader/flat_reg[3395]/D (clocked by sys_clk_pin). Large setup violations at the end of those stages might be difficult to fix during the post-placement implementation flow and could be the result of non-optimal XDC constraints or non-optimal design architecture
Related violations: <none>

TIMING-16#93 Warning
Large setup violation  
There is a large setup violation of -1.084 ns between fft_engine/ifft_output_buffer_reg/CLKBWRCLK (clocked by sys_clk_pin) and display/wave_reader/flat_reg[2367]/D (clocked by sys_clk_pin). Large setup violations at the end of those stages might be difficult to fix during the post-placement implementation flow and could be the result of non-optimal XDC constraints or non-optimal design architecture
Related violations: <none>

TIMING-16#94 Warning
Large setup violation  
There is a large setup violation of -1.084 ns between fft_engine/ifft_output_buffer_reg/CLKBWRCLK (clocked by sys_clk_pin) and display/wave_reader/flat_reg[3590]/D (clocked by sys_clk_pin). Large setup violations at the end of those stages might be difficult to fix during the post-placement implementation flow and could be the result of non-optimal XDC constraints or non-optimal design architecture
Related violations: <none>

TIMING-16#95 Warning
Large setup violation  
There is a large setup violation of -1.086 ns between fft_engine/ifft_output_buffer_reg/CLKBWRCLK (clocked by sys_clk_pin) and display/wave_reader/flat_reg[3149]/D (clocked by sys_clk_pin). Large setup violations at the end of those stages might be difficult to fix during the post-placement implementation flow and could be the result of non-optimal XDC constraints or non-optimal design architecture
Related violations: <none>

TIMING-16#96 Warning
Large setup violation  
There is a large setup violation of -1.086 ns between fft_engine/ifft_output_buffer_reg/CLKBWRCLK (clocked by sys_clk_pin) and display/wave_reader/flat_reg[35]/D (clocked by sys_clk_pin). Large setup violations at the end of those stages might be difficult to fix during the post-placement implementation flow and could be the result of non-optimal XDC constraints or non-optimal design architecture
Related violations: <none>

TIMING-16#97 Warning
Large setup violation  
There is a large setup violation of -1.086 ns between fft_engine/ifft_output_buffer_reg/CLKBWRCLK (clocked by sys_clk_pin) and display/wave_reader/flat_reg[891]/D (clocked by sys_clk_pin). Large setup violations at the end of those stages might be difficult to fix during the post-placement implementation flow and could be the result of non-optimal XDC constraints or non-optimal design architecture
Related violations: <none>

TIMING-16#98 Warning
Large setup violation  
There is a large setup violation of -1.087 ns between fft_engine/ifft_output_buffer_reg/CLKBWRCLK (clocked by sys_clk_pin) and display/wave_reader/flat_reg[2443]/D (clocked by sys_clk_pin). Large setup violations at the end of those stages might be difficult to fix during the post-placement implementation flow and could be the result of non-optimal XDC constraints or non-optimal design architecture
Related violations: <none>

TIMING-16#99 Warning
Large setup violation  
There is a large setup violation of -1.089 ns between fft_engine/ifft_output_buffer_reg/CLKBWRCLK (clocked by sys_clk_pin) and display/wave_reader/flat_reg[874]/D (clocked by sys_clk_pin). Large setup violations at the end of those stages might be difficult to fix during the post-placement implementation flow and could be the result of non-optimal XDC constraints or non-optimal design architecture
Related violations: <none>

TIMING-16#100 Warning
Large setup violation  
There is a large setup violation of -1.090 ns between fft_engine/ifft_output_buffer_reg/CLKBWRCLK (clocked by sys_clk_pin) and display/wave_reader/flat_reg[1817]/D (clocked by sys_clk_pin). Large setup violations at the end of those stages might be difficult to fix during the post-placement implementation flow and could be the result of non-optimal XDC constraints or non-optimal design architecture
Related violations: <none>

TIMING-16#101 Warning
Large setup violation  
There is a large setup violation of -1.090 ns between fft_engine/ifft_output_buffer_reg/CLKBWRCLK (clocked by sys_clk_pin) and display/wave_reader/flat_reg[2109]/D (clocked by sys_clk_pin). Large setup violations at the end of those stages might be difficult to fix during the post-placement implementation flow and could be the result of non-optimal XDC constraints or non-optimal design architecture
Related violations: <none>

TIMING-16#102 Warning
Large setup violation  
There is a large setup violation of -1.090 ns between fft_engine/ifft_output_buffer_reg/CLKBWRCLK (clocked by sys_clk_pin) and display/wave_reader/flat_reg[2561]/D (clocked by sys_clk_pin). Large setup violations at the end of those stages might be difficult to fix during the post-placement implementation flow and could be the result of non-optimal XDC constraints or non-optimal design architecture
Related violations: <none>

TIMING-16#103 Warning
Large setup violation  
There is a large setup violation of -1.092 ns between fft_engine/ifft_output_buffer_reg/CLKBWRCLK (clocked by sys_clk_pin) and display/wave_reader/flat_reg[2978]/D (clocked by sys_clk_pin). Large setup violations at the end of those stages might be difficult to fix during the post-placement implementation flow and could be the result of non-optimal XDC constraints or non-optimal design architecture
Related violations: <none>

TIMING-16#104 Warning
Large setup violation  
There is a large setup violation of -1.092 ns between fft_engine/ifft_output_buffer_reg/CLKBWRCLK (clocked by sys_clk_pin) and display/wave_reader/flat_reg[569]/D (clocked by sys_clk_pin). Large setup violations at the end of those stages might be difficult to fix during the post-placement implementation flow and could be the result of non-optimal XDC constraints or non-optimal design architecture
Related violations: <none>

TIMING-16#105 Warning
Large setup violation  
There is a large setup violation of -1.093 ns between fft_engine/ifft_output_buffer_reg/CLKBWRCLK (clocked by sys_clk_pin) and display/wave_reader/flat_reg[3430]/D (clocked by sys_clk_pin). Large setup violations at the end of those stages might be difficult to fix during the post-placement implementation flow and could be the result of non-optimal XDC constraints or non-optimal design architecture
Related violations: <none>

TIMING-16#106 Warning
Large setup violation  
There is a large setup violation of -1.094 ns between fft_engine/ifft_output_buffer_reg/CLKBWRCLK (clocked by sys_clk_pin) and display/wave_reader/flat_reg[544]/D (clocked by sys_clk_pin). Large setup violations at the end of those stages might be difficult to fix during the post-placement implementation flow and could be the result of non-optimal XDC constraints or non-optimal design architecture
Related violations: <none>

TIMING-16#107 Warning
Large setup violation  
There is a large setup violation of -1.095 ns between fft_engine/ifft_output_buffer_reg/CLKBWRCLK (clocked by sys_clk_pin) and display/wave_reader/flat_reg[3094]/D (clocked by sys_clk_pin). Large setup violations at the end of those stages might be difficult to fix during the post-placement implementation flow and could be the result of non-optimal XDC constraints or non-optimal design architecture
Related violations: <none>

TIMING-16#108 Warning
Large setup violation  
There is a large setup violation of -1.096 ns between fft_engine/ifft_output_buffer_reg/CLKBWRCLK (clocked by sys_clk_pin) and display/wave_reader/flat_reg[1582]/D (clocked by sys_clk_pin). Large setup violations at the end of those stages might be difficult to fix during the post-placement implementation flow and could be the result of non-optimal XDC constraints or non-optimal design architecture
Related violations: <none>

TIMING-16#109 Warning
Large setup violation  
There is a large setup violation of -1.096 ns between fft_engine/ifft_output_buffer_reg/CLKBWRCLK (clocked by sys_clk_pin) and display/wave_reader/flat_reg[1849]/D (clocked by sys_clk_pin). Large setup violations at the end of those stages might be difficult to fix during the post-placement implementation flow and could be the result of non-optimal XDC constraints or non-optimal design architecture
Related violations: <none>

TIMING-16#110 Warning
Large setup violation  
There is a large setup violation of -1.096 ns between fft_engine/ifft_output_buffer_reg/CLKBWRCLK (clocked by sys_clk_pin) and display/wave_reader/flat_reg[3525]/D (clocked by sys_clk_pin). Large setup violations at the end of those stages might be difficult to fix during the post-placement implementation flow and could be the result of non-optimal XDC constraints or non-optimal design architecture
Related violations: <none>

TIMING-16#111 Warning
Large setup violation  
There is a large setup violation of -1.097 ns between fft_engine/ifft_output_buffer_reg/CLKBWRCLK (clocked by sys_clk_pin) and display/wave_reader/flat_reg[339]/D (clocked by sys_clk_pin). Large setup violations at the end of those stages might be difficult to fix during the post-placement implementation flow and could be the result of non-optimal XDC constraints or non-optimal design architecture
Related violations: <none>

TIMING-16#112 Warning
Large setup violation  
There is a large setup violation of -1.097 ns between fft_engine/ifft_output_buffer_reg/CLKBWRCLK (clocked by sys_clk_pin) and display/wave_reader/flat_reg[830]/D (clocked by sys_clk_pin). Large setup violations at the end of those stages might be difficult to fix during the post-placement implementation flow and could be the result of non-optimal XDC constraints or non-optimal design architecture
Related violations: <none>

TIMING-16#113 Warning
Large setup violation  
There is a large setup violation of -1.099 ns between fft_engine/ifft_output_buffer_reg/CLKBWRCLK (clocked by sys_clk_pin) and display/wave_reader/flat_reg[3073]/D (clocked by sys_clk_pin). Large setup violations at the end of those stages might be difficult to fix during the post-placement implementation flow and could be the result of non-optimal XDC constraints or non-optimal design architecture
Related violations: <none>

TIMING-16#114 Warning
Large setup violation  
There is a large setup violation of -1.100 ns between fft_engine/ifft_output_buffer_reg/CLKBWRCLK (clocked by sys_clk_pin) and display/wave_reader/flat_reg[300]/D (clocked by sys_clk_pin). Large setup violations at the end of those stages might be difficult to fix during the post-placement implementation flow and could be the result of non-optimal XDC constraints or non-optimal design architecture
Related violations: <none>

TIMING-16#115 Warning
Large setup violation  
There is a large setup violation of -1.101 ns between fft_engine/ifft_output_buffer_reg/CLKBWRCLK (clocked by sys_clk_pin) and display/wave_reader/flat_reg[1340]/D (clocked by sys_clk_pin). Large setup violations at the end of those stages might be difficult to fix during the post-placement implementation flow and could be the result of non-optimal XDC constraints or non-optimal design architecture
Related violations: <none>

TIMING-16#116 Warning
Large setup violation  
There is a large setup violation of -1.102 ns between display/wave_reader/i_reg[1]/C (clocked by sys_clk_pin) and display/wave_reader/flat_reg[3112]/D (clocked by sys_clk_pin). Large setup violations at the end of those stages might be difficult to fix during the post-placement implementation flow and could be the result of non-optimal XDC constraints or non-optimal design architecture
Related violations: <none>

TIMING-16#117 Warning
Large setup violation  
There is a large setup violation of -1.102 ns between fft_engine/ifft_output_buffer_reg/CLKBWRCLK (clocked by sys_clk_pin) and display/wave_reader/flat_reg[3368]/D (clocked by sys_clk_pin). Large setup violations at the end of those stages might be difficult to fix during the post-placement implementation flow and could be the result of non-optimal XDC constraints or non-optimal design architecture
Related violations: <none>

TIMING-16#118 Warning
Large setup violation  
There is a large setup violation of -1.103 ns between fft_engine/ifft_output_buffer_reg/CLKBWRCLK (clocked by sys_clk_pin) and display/wave_reader/flat_reg[1587]/D (clocked by sys_clk_pin). Large setup violations at the end of those stages might be difficult to fix during the post-placement implementation flow and could be the result of non-optimal XDC constraints or non-optimal design architecture
Related violations: <none>

TIMING-16#119 Warning
Large setup violation  
There is a large setup violation of -1.103 ns between fft_engine/ifft_output_buffer_reg/CLKBWRCLK (clocked by sys_clk_pin) and display/wave_reader/flat_reg[3902]/D (clocked by sys_clk_pin). Large setup violations at the end of those stages might be difficult to fix during the post-placement implementation flow and could be the result of non-optimal XDC constraints or non-optimal design architecture
Related violations: <none>

TIMING-16#120 Warning
Large setup violation  
There is a large setup violation of -1.104 ns between fft_engine/ifft_output_buffer_reg/CLKBWRCLK (clocked by sys_clk_pin) and display/wave_reader/flat_reg[1563]/D (clocked by sys_clk_pin). Large setup violations at the end of those stages might be difficult to fix during the post-placement implementation flow and could be the result of non-optimal XDC constraints or non-optimal design architecture
Related violations: <none>

TIMING-16#121 Warning
Large setup violation  
There is a large setup violation of -1.107 ns between fft_engine/ifft_output_buffer_reg/CLKBWRCLK (clocked by sys_clk_pin) and display/wave_reader/flat_reg[3513]/D (clocked by sys_clk_pin). Large setup violations at the end of those stages might be difficult to fix during the post-placement implementation flow and could be the result of non-optimal XDC constraints or non-optimal design architecture
Related violations: <none>

TIMING-16#122 Warning
Large setup violation  
There is a large setup violation of -1.108 ns between fft_engine/ifft_output_buffer_reg/CLKBWRCLK (clocked by sys_clk_pin) and display/wave_reader/flat_reg[1083]/D (clocked by sys_clk_pin). Large setup violations at the end of those stages might be difficult to fix during the post-placement implementation flow and could be the result of non-optimal XDC constraints or non-optimal design architecture
Related violations: <none>

TIMING-16#123 Warning
Large setup violation  
There is a large setup violation of -1.108 ns between fft_engine/ifft_output_buffer_reg/CLKBWRCLK (clocked by sys_clk_pin) and display/wave_reader/flat_reg[1329]/D (clocked by sys_clk_pin). Large setup violations at the end of those stages might be difficult to fix during the post-placement implementation flow and could be the result of non-optimal XDC constraints or non-optimal design architecture
Related violations: <none>

TIMING-16#124 Warning
Large setup violation  
There is a large setup violation of -1.108 ns between fft_engine/ifft_output_buffer_reg/CLKBWRCLK (clocked by sys_clk_pin) and display/wave_reader/flat_reg[3965]/D (clocked by sys_clk_pin). Large setup violations at the end of those stages might be difficult to fix during the post-placement implementation flow and could be the result of non-optimal XDC constraints or non-optimal design architecture
Related violations: <none>

TIMING-16#125 Warning
Large setup violation  
There is a large setup violation of -1.111 ns between fft_engine/ifft_output_buffer_reg/CLKBWRCLK (clocked by sys_clk_pin) and display/wave_reader/flat_reg[26]/D (clocked by sys_clk_pin). Large setup violations at the end of those stages might be difficult to fix during the post-placement implementation flow and could be the result of non-optimal XDC constraints or non-optimal design architecture
Related violations: <none>

TIMING-16#126 Warning
Large setup violation  
There is a large setup violation of -1.113 ns between fft_engine/ifft_output_buffer_reg/CLKBWRCLK (clocked by sys_clk_pin) and display/wave_reader/flat_reg[2338]/D (clocked by sys_clk_pin). Large setup violations at the end of those stages might be difficult to fix during the post-placement implementation flow and could be the result of non-optimal XDC constraints or non-optimal design architecture
Related violations: <none>

TIMING-16#127 Warning
Large setup violation  
There is a large setup violation of -1.114 ns between fft_engine/ifft_output_buffer_reg/CLKBWRCLK (clocked by sys_clk_pin) and display/wave_reader/flat_reg[3617]/D (clocked by sys_clk_pin). Large setup violations at the end of those stages might be difficult to fix during the post-placement implementation flow and could be the result of non-optimal XDC constraints or non-optimal design architecture
Related violations: <none>

TIMING-16#128 Warning
Large setup violation  
There is a large setup violation of -1.115 ns between fft_engine/ifft_output_buffer_reg/CLKBWRCLK (clocked by sys_clk_pin) and display/wave_reader/flat_reg[1469]/D (clocked by sys_clk_pin). Large setup violations at the end of those stages might be difficult to fix during the post-placement implementation flow and could be the result of non-optimal XDC constraints or non-optimal design architecture
Related violations: <none>

TIMING-16#129 Warning
Large setup violation  
There is a large setup violation of -1.115 ns between fft_engine/ifft_output_buffer_reg/CLKBWRCLK (clocked by sys_clk_pin) and display/wave_reader/flat_reg[1569]/D (clocked by sys_clk_pin). Large setup violations at the end of those stages might be difficult to fix during the post-placement implementation flow and could be the result of non-optimal XDC constraints or non-optimal design architecture
Related violations: <none>

TIMING-16#130 Warning
Large setup violation  
There is a large setup violation of -1.116 ns between fft_engine/ifft_output_buffer_reg/CLKBWRCLK (clocked by sys_clk_pin) and display/wave_reader/flat_reg[1075]/D (clocked by sys_clk_pin). Large setup violations at the end of those stages might be difficult to fix during the post-placement implementation flow and could be the result of non-optimal XDC constraints or non-optimal design architecture
Related violations: <none>

TIMING-16#131 Warning
Large setup violation  
There is a large setup violation of -1.116 ns between fft_engine/ifft_output_buffer_reg/CLKBWRCLK (clocked by sys_clk_pin) and display/wave_reader/flat_reg[313]/D (clocked by sys_clk_pin). Large setup violations at the end of those stages might be difficult to fix during the post-placement implementation flow and could be the result of non-optimal XDC constraints or non-optimal design architecture
Related violations: <none>

TIMING-16#132 Warning
Large setup violation  
There is a large setup violation of -1.118 ns between fft_engine/ifft_output_buffer_reg/CLKBWRCLK (clocked by sys_clk_pin) and display/wave_reader/flat_reg[3913]/D (clocked by sys_clk_pin). Large setup violations at the end of those stages might be difficult to fix during the post-placement implementation flow and could be the result of non-optimal XDC constraints or non-optimal design architecture
Related violations: <none>

TIMING-16#133 Warning
Large setup violation  
There is a large setup violation of -1.119 ns between fft_engine/ifft_output_buffer_reg/CLKBWRCLK (clocked by sys_clk_pin) and display/wave_reader/flat_reg[3359]/D (clocked by sys_clk_pin). Large setup violations at the end of those stages might be difficult to fix during the post-placement implementation flow and could be the result of non-optimal XDC constraints or non-optimal design architecture
Related violations: <none>

TIMING-16#134 Warning
Large setup violation  
There is a large setup violation of -1.119 ns between fft_engine/ifft_output_buffer_reg/CLKBWRCLK (clocked by sys_clk_pin) and display/wave_reader/flat_reg[385]/D (clocked by sys_clk_pin). Large setup violations at the end of those stages might be difficult to fix during the post-placement implementation flow and could be the result of non-optimal XDC constraints or non-optimal design architecture
Related violations: <none>

TIMING-16#135 Warning
Large setup violation  
There is a large setup violation of -1.123 ns between fft_engine/ifft_output_buffer_reg/CLKBWRCLK (clocked by sys_clk_pin) and display/wave_reader/flat_reg[566]/D (clocked by sys_clk_pin). Large setup violations at the end of those stages might be difficult to fix during the post-placement implementation flow and could be the result of non-optimal XDC constraints or non-optimal design architecture
Related violations: <none>

TIMING-16#136 Warning
Large setup violation  
There is a large setup violation of -1.125 ns between fft_engine/ifft_output_buffer_reg/CLKBWRCLK (clocked by sys_clk_pin) and display/wave_reader/flat_reg[279]/D (clocked by sys_clk_pin). Large setup violations at the end of those stages might be difficult to fix during the post-placement implementation flow and could be the result of non-optimal XDC constraints or non-optimal design architecture
Related violations: <none>

TIMING-16#137 Warning
Large setup violation  
There is a large setup violation of -1.126 ns between fft_engine/ifft_output_buffer_reg/CLKBWRCLK (clocked by sys_clk_pin) and display/wave_reader/flat_reg[2106]/D (clocked by sys_clk_pin). Large setup violations at the end of those stages might be difficult to fix during the post-placement implementation flow and could be the result of non-optimal XDC constraints or non-optimal design architecture
Related violations: <none>

TIMING-16#138 Warning
Large setup violation  
There is a large setup violation of -1.127 ns between fft_engine/ifft_output_buffer_reg/CLKBWRCLK (clocked by sys_clk_pin) and display/wave_reader/flat_reg[1562]/D (clocked by sys_clk_pin). Large setup violations at the end of those stages might be difficult to fix during the post-placement implementation flow and could be the result of non-optimal XDC constraints or non-optimal design architecture
Related violations: <none>

TIMING-16#139 Warning
Large setup violation  
There is a large setup violation of -1.127 ns between fft_engine/ifft_output_buffer_reg/CLKBWRCLK (clocked by sys_clk_pin) and display/wave_reader/flat_reg[3491]/D (clocked by sys_clk_pin). Large setup violations at the end of those stages might be difficult to fix during the post-placement implementation flow and could be the result of non-optimal XDC constraints or non-optimal design architecture
Related violations: <none>

TIMING-16#140 Warning
Large setup violation  
There is a large setup violation of -1.128 ns between fft_engine/ifft_output_buffer_reg/CLKBWRCLK (clocked by sys_clk_pin) and display/wave_reader/flat_reg[3929]/D (clocked by sys_clk_pin). Large setup violations at the end of those stages might be difficult to fix during the post-placement implementation flow and could be the result of non-optimal XDC constraints or non-optimal design architecture
Related violations: <none>

TIMING-16#141 Warning
Large setup violation  
There is a large setup violation of -1.130 ns between fft_engine/ifft_output_buffer_reg/CLKBWRCLK (clocked by sys_clk_pin) and display/wave_reader/flat_reg[284]/D (clocked by sys_clk_pin). Large setup violations at the end of those stages might be difficult to fix during the post-placement implementation flow and could be the result of non-optimal XDC constraints or non-optimal design architecture
Related violations: <none>

TIMING-16#142 Warning
Large setup violation  
There is a large setup violation of -1.130 ns between fft_engine/ifft_output_buffer_reg/CLKBWRCLK (clocked by sys_clk_pin) and display/wave_reader/flat_reg[58]/D (clocked by sys_clk_pin). Large setup violations at the end of those stages might be difficult to fix during the post-placement implementation flow and could be the result of non-optimal XDC constraints or non-optimal design architecture
Related violations: <none>

TIMING-16#143 Warning
Large setup violation  
There is a large setup violation of -1.131 ns between fft_engine/ifft_output_buffer_reg/CLKBWRCLK (clocked by sys_clk_pin) and display/wave_reader/flat_reg[846]/D (clocked by sys_clk_pin). Large setup violations at the end of those stages might be difficult to fix during the post-placement implementation flow and could be the result of non-optimal XDC constraints or non-optimal design architecture
Related violations: <none>

TIMING-16#144 Warning
Large setup violation  
There is a large setup violation of -1.132 ns between fft_engine/ifft_output_buffer_reg/CLKBWRCLK (clocked by sys_clk_pin) and display/wave_reader/flat_reg[2749]/D (clocked by sys_clk_pin). Large setup violations at the end of those stages might be difficult to fix during the post-placement implementation flow and could be the result of non-optimal XDC constraints or non-optimal design architecture
Related violations: <none>

TIMING-16#145 Warning
Large setup violation  
There is a large setup violation of -1.137 ns between fft_engine/ifft_output_buffer_reg/CLKBWRCLK (clocked by sys_clk_pin) and display/wave_reader/flat_reg[1403]/D (clocked by sys_clk_pin). Large setup violations at the end of those stages might be difficult to fix during the post-placement implementation flow and could be the result of non-optimal XDC constraints or non-optimal design architecture
Related violations: <none>

TIMING-16#146 Warning
Large setup violation  
There is a large setup violation of -1.137 ns between fft_engine/ifft_output_buffer_reg/CLKBWRCLK (clocked by sys_clk_pin) and display/wave_reader/flat_reg[3500]/D (clocked by sys_clk_pin). Large setup violations at the end of those stages might be difficult to fix during the post-placement implementation flow and could be the result of non-optimal XDC constraints or non-optimal design architecture
Related violations: <none>

TIMING-16#147 Warning
Large setup violation  
There is a large setup violation of -1.138 ns between fft_engine/ifft_output_buffer_reg/CLKBWRCLK (clocked by sys_clk_pin) and display/wave_reader/flat_reg[3884]/D (clocked by sys_clk_pin). Large setup violations at the end of those stages might be difficult to fix during the post-placement implementation flow and could be the result of non-optimal XDC constraints or non-optimal design architecture
Related violations: <none>

TIMING-16#148 Warning
Large setup violation  
There is a large setup violation of -1.140 ns between fft_engine/ifft_output_buffer_reg/CLKBWRCLK (clocked by sys_clk_pin) and display/wave_reader/flat_reg[395]/D (clocked by sys_clk_pin). Large setup violations at the end of those stages might be difficult to fix during the post-placement implementation flow and could be the result of non-optimal XDC constraints or non-optimal design architecture
Related violations: <none>

TIMING-16#149 Warning
Large setup violation  
There is a large setup violation of -1.141 ns between display/wave_reader/i_reg[1]/C (clocked by sys_clk_pin) and display/wave_reader/flat_reg[1572]/D (clocked by sys_clk_pin). Large setup violations at the end of those stages might be difficult to fix during the post-placement implementation flow and could be the result of non-optimal XDC constraints or non-optimal design architecture
Related violations: <none>

TIMING-16#150 Warning
Large setup violation  
There is a large setup violation of -1.146 ns between display/wave_reader/i_reg[6]_rep__9/C (clocked by sys_clk_pin) and display/wave_reader/flat_reg[3362]/CE (clocked by sys_clk_pin). Large setup violations at the end of those stages might be difficult to fix during the post-placement implementation flow and could be the result of non-optimal XDC constraints or non-optimal design architecture
Related violations: <none>

TIMING-16#151 Warning
Large setup violation  
There is a large setup violation of -1.146 ns between display/wave_reader/i_reg[6]_rep__9/C (clocked by sys_clk_pin) and display/wave_reader/flat_reg[3370]/CE (clocked by sys_clk_pin). Large setup violations at the end of those stages might be difficult to fix during the post-placement implementation flow and could be the result of non-optimal XDC constraints or non-optimal design architecture
Related violations: <none>

TIMING-16#152 Warning
Large setup violation  
There is a large setup violation of -1.146 ns between display/wave_reader/i_reg[6]_rep__9/C (clocked by sys_clk_pin) and display/wave_reader/flat_reg[3372]/CE (clocked by sys_clk_pin). Large setup violations at the end of those stages might be difficult to fix during the post-placement implementation flow and could be the result of non-optimal XDC constraints or non-optimal design architecture
Related violations: <none>

TIMING-16#153 Warning
Large setup violation  
There is a large setup violation of -1.146 ns between fft_engine/ifft_output_buffer_reg/CLKBWRCLK (clocked by sys_clk_pin) and display/wave_reader/flat_reg[3605]/D (clocked by sys_clk_pin). Large setup violations at the end of those stages might be difficult to fix during the post-placement implementation flow and could be the result of non-optimal XDC constraints or non-optimal design architecture
Related violations: <none>

TIMING-16#154 Warning
Large setup violation  
There is a large setup violation of -1.147 ns between fft_engine/ifft_output_buffer_reg/CLKBWRCLK (clocked by sys_clk_pin) and display/wave_reader/flat_reg[1981]/D (clocked by sys_clk_pin). Large setup violations at the end of those stages might be difficult to fix during the post-placement implementation flow and could be the result of non-optimal XDC constraints or non-optimal design architecture
Related violations: <none>

TIMING-16#155 Warning
Large setup violation  
There is a large setup violation of -1.148 ns between fft_engine/ifft_output_buffer_reg/CLKBWRCLK (clocked by sys_clk_pin) and display/wave_reader/flat_reg[2334]/D (clocked by sys_clk_pin). Large setup violations at the end of those stages might be difficult to fix during the post-placement implementation flow and could be the result of non-optimal XDC constraints or non-optimal design architecture
Related violations: <none>

TIMING-16#156 Warning
Large setup violation  
There is a large setup violation of -1.148 ns between fft_engine/ifft_output_buffer_reg/CLKBWRCLK (clocked by sys_clk_pin) and display/wave_reader/flat_reg[2985]/D (clocked by sys_clk_pin). Large setup violations at the end of those stages might be difficult to fix during the post-placement implementation flow and could be the result of non-optimal XDC constraints or non-optimal design architecture
Related violations: <none>

TIMING-16#157 Warning
Large setup violation  
There is a large setup violation of -1.149 ns between fft_engine/ifft_output_buffer_reg/CLKBWRCLK (clocked by sys_clk_pin) and display/wave_reader/flat_reg[2317]/D (clocked by sys_clk_pin). Large setup violations at the end of those stages might be difficult to fix during the post-placement implementation flow and could be the result of non-optimal XDC constraints or non-optimal design architecture
Related violations: <none>

TIMING-16#158 Warning
Large setup violation  
There is a large setup violation of -1.149 ns between fft_engine/ifft_output_buffer_reg/CLKBWRCLK (clocked by sys_clk_pin) and display/wave_reader/flat_reg[2734]/D (clocked by sys_clk_pin). Large setup violations at the end of those stages might be difficult to fix during the post-placement implementation flow and could be the result of non-optimal XDC constraints or non-optimal design architecture
Related violations: <none>

TIMING-16#159 Warning
Large setup violation  
There is a large setup violation of -1.149 ns between fft_engine/ifft_output_buffer_reg/CLKBWRCLK (clocked by sys_clk_pin) and display/wave_reader/flat_reg[329]/D (clocked by sys_clk_pin). Large setup violations at the end of those stages might be difficult to fix during the post-placement implementation flow and could be the result of non-optimal XDC constraints or non-optimal design architecture
Related violations: <none>

TIMING-16#160 Warning
Large setup violation  
There is a large setup violation of -1.150 ns between fft_engine/ifft_output_buffer_reg/CLKBWRCLK (clocked by sys_clk_pin) and display/wave_reader/flat_reg[355]/D (clocked by sys_clk_pin). Large setup violations at the end of those stages might be difficult to fix during the post-placement implementation flow and could be the result of non-optimal XDC constraints or non-optimal design architecture
Related violations: <none>

TIMING-16#161 Warning
Large setup violation  
There is a large setup violation of -1.150 ns between fft_engine/ifft_output_buffer_reg/CLKBWRCLK (clocked by sys_clk_pin) and display/wave_reader/flat_reg[3931]/D (clocked by sys_clk_pin). Large setup violations at the end of those stages might be difficult to fix during the post-placement implementation flow and could be the result of non-optimal XDC constraints or non-optimal design architecture
Related violations: <none>

TIMING-16#162 Warning
Large setup violation  
There is a large setup violation of -1.151 ns between fft_engine/ifft_output_buffer_reg/CLKBWRCLK (clocked by sys_clk_pin) and display/wave_reader/flat_reg[2075]/D (clocked by sys_clk_pin). Large setup violations at the end of those stages might be difficult to fix during the post-placement implementation flow and could be the result of non-optimal XDC constraints or non-optimal design architecture
Related violations: <none>

TIMING-16#163 Warning
Large setup violation  
There is a large setup violation of -1.153 ns between fft_engine/ifft_output_buffer_reg/CLKBWRCLK (clocked by sys_clk_pin) and display/wave_reader/flat_reg[589]/D (clocked by sys_clk_pin). Large setup violations at the end of those stages might be difficult to fix during the post-placement implementation flow and could be the result of non-optimal XDC constraints or non-optimal design architecture
Related violations: <none>

TIMING-16#164 Warning
Large setup violation  
There is a large setup violation of -1.154 ns between fft_engine/ifft_output_buffer_reg/CLKBWRCLK (clocked by sys_clk_pin) and display/wave_reader/flat_reg[1082]/D (clocked by sys_clk_pin). Large setup violations at the end of those stages might be difficult to fix during the post-placement implementation flow and could be the result of non-optimal XDC constraints or non-optimal design architecture
Related violations: <none>

TIMING-16#165 Warning
Large setup violation  
There is a large setup violation of -1.154 ns between fft_engine/ifft_output_buffer_reg/CLKBWRCLK (clocked by sys_clk_pin) and display/wave_reader/flat_reg[39]/D (clocked by sys_clk_pin). Large setup violations at the end of those stages might be difficult to fix during the post-placement implementation flow and could be the result of non-optimal XDC constraints or non-optimal design architecture
Related violations: <none>

TIMING-16#166 Warning
Large setup violation  
There is a large setup violation of -1.155 ns between fft_engine/ifft_output_buffer_reg/CLKBWRCLK (clocked by sys_clk_pin) and display/wave_reader/flat_reg[3772]/D (clocked by sys_clk_pin). Large setup violations at the end of those stages might be difficult to fix during the post-placement implementation flow and could be the result of non-optimal XDC constraints or non-optimal design architecture
Related violations: <none>

TIMING-16#167 Warning
Large setup violation  
There is a large setup violation of -1.156 ns between display/wave_reader/i_reg[1]/C (clocked by sys_clk_pin) and display/wave_reader/flat_reg[36]/D (clocked by sys_clk_pin). Large setup violations at the end of those stages might be difficult to fix during the post-placement implementation flow and could be the result of non-optimal XDC constraints or non-optimal design architecture
Related violations: <none>

TIMING-16#168 Warning
Large setup violation  
There is a large setup violation of -1.156 ns between fft_engine/ifft_output_buffer_reg/CLKBWRCLK (clocked by sys_clk_pin) and display/wave_reader/flat_reg[1433]/D (clocked by sys_clk_pin). Large setup violations at the end of those stages might be difficult to fix during the post-placement implementation flow and could be the result of non-optimal XDC constraints or non-optimal design architecture
Related violations: <none>

TIMING-16#169 Warning
Large setup violation  
There is a large setup violation of -1.158 ns between fft_engine/ifft_output_buffer_reg/CLKBWRCLK (clocked by sys_clk_pin) and display/wave_reader/flat_reg[2074]/D (clocked by sys_clk_pin). Large setup violations at the end of those stages might be difficult to fix during the post-placement implementation flow and could be the result of non-optimal XDC constraints or non-optimal design architecture
Related violations: <none>

TIMING-16#170 Warning
Large setup violation  
There is a large setup violation of -1.159 ns between fft_engine/ifft_output_buffer_reg/CLKBWRCLK (clocked by sys_clk_pin) and display/wave_reader/flat_reg[1548]/D (clocked by sys_clk_pin). Large setup violations at the end of those stages might be difficult to fix during the post-placement implementation flow and could be the result of non-optimal XDC constraints or non-optimal design architecture
Related violations: <none>

TIMING-16#171 Warning
Large setup violation  
There is a large setup violation of -1.159 ns between fft_engine/ifft_output_buffer_reg/CLKBWRCLK (clocked by sys_clk_pin) and display/wave_reader/flat_reg[49]/D (clocked by sys_clk_pin). Large setup violations at the end of those stages might be difficult to fix during the post-placement implementation flow and could be the result of non-optimal XDC constraints or non-optimal design architecture
Related violations: <none>

TIMING-16#172 Warning
Large setup violation  
There is a large setup violation of -1.162 ns between fft_engine/ifft_output_buffer_reg/CLKBWRCLK (clocked by sys_clk_pin) and display/wave_reader/flat_reg[1339]/D (clocked by sys_clk_pin). Large setup violations at the end of those stages might be difficult to fix during the post-placement implementation flow and could be the result of non-optimal XDC constraints or non-optimal design architecture
Related violations: <none>

TIMING-16#173 Warning
Large setup violation  
There is a large setup violation of -1.163 ns between fft_engine/ifft_output_buffer_reg/CLKBWRCLK (clocked by sys_clk_pin) and display/wave_reader/flat_reg[2313]/D (clocked by sys_clk_pin). Large setup violations at the end of those stages might be difficult to fix during the post-placement implementation flow and could be the result of non-optimal XDC constraints or non-optimal design architecture
Related violations: <none>

TIMING-16#174 Warning
Large setup violation  
There is a large setup violation of -1.163 ns between fft_engine/ifft_output_buffer_reg/CLKBWRCLK (clocked by sys_clk_pin) and display/wave_reader/flat_reg[3633]/D (clocked by sys_clk_pin). Large setup violations at the end of those stages might be difficult to fix during the post-placement implementation flow and could be the result of non-optimal XDC constraints or non-optimal design architecture
Related violations: <none>

TIMING-16#175 Warning
Large setup violation  
There is a large setup violation of -1.163 ns between fft_engine/ifft_output_buffer_reg/CLKBWRCLK (clocked by sys_clk_pin) and display/wave_reader/flat_reg[513]/D (clocked by sys_clk_pin). Large setup violations at the end of those stages might be difficult to fix during the post-placement implementation flow and could be the result of non-optimal XDC constraints or non-optimal design architecture
Related violations: <none>

TIMING-16#176 Warning
Large setup violation  
There is a large setup violation of -1.163 ns between output_dac/u_dc_l/y_prev_reg[15]/C (clocked by sys_clk_pin) and output_dac/u_dc_l/sample_out_reg[4]/D (clocked by sys_clk_pin). Large setup violations at the end of those stages might be difficult to fix during the post-placement implementation flow and could be the result of non-optimal XDC constraints or non-optimal design architecture
Related violations: <none>

TIMING-16#177 Warning
Large setup violation  
There is a large setup violation of -1.165 ns between fft_engine/ifft_output_buffer_reg/CLKBWRCLK (clocked by sys_clk_pin) and display/wave_reader/flat_reg[1854]/D (clocked by sys_clk_pin). Large setup violations at the end of those stages might be difficult to fix during the post-placement implementation flow and could be the result of non-optimal XDC constraints or non-optimal design architecture
Related violations: <none>

TIMING-16#178 Warning
Large setup violation  
There is a large setup violation of -1.165 ns between output_dac/u_dc_l/y_prev_reg[15]/C (clocked by sys_clk_pin) and output_dac/u_dc_l/sample_out_reg[5]/D (clocked by sys_clk_pin). Large setup violations at the end of those stages might be difficult to fix during the post-placement implementation flow and could be the result of non-optimal XDC constraints or non-optimal design architecture
Related violations: <none>

TIMING-16#179 Warning
Large setup violation  
There is a large setup violation of -1.166 ns between fft_engine/ifft_output_buffer_reg/CLKBWRCLK (clocked by sys_clk_pin) and display/wave_reader/flat_reg[3607]/D (clocked by sys_clk_pin). Large setup violations at the end of those stages might be difficult to fix during the post-placement implementation flow and could be the result of non-optimal XDC constraints or non-optimal design architecture
Related violations: <none>

TIMING-16#180 Warning
Large setup violation  
There is a large setup violation of -1.167 ns between display/wave_reader/i_reg[6]_rep__9/C (clocked by sys_clk_pin) and display/wave_reader/flat_reg[3360]/CE (clocked by sys_clk_pin). Large setup violations at the end of those stages might be difficult to fix during the post-placement implementation flow and could be the result of non-optimal XDC constraints or non-optimal design architecture
Related violations: <none>

TIMING-16#181 Warning
Large setup violation  
There is a large setup violation of -1.167 ns between display/wave_reader/i_reg[6]_rep__9/C (clocked by sys_clk_pin) and display/wave_reader/flat_reg[3361]/CE (clocked by sys_clk_pin). Large setup violations at the end of those stages might be difficult to fix during the post-placement implementation flow and could be the result of non-optimal XDC constraints or non-optimal design architecture
Related violations: <none>

TIMING-16#182 Warning
Large setup violation  
There is a large setup violation of -1.167 ns between display/wave_reader/i_reg[6]_rep__9/C (clocked by sys_clk_pin) and display/wave_reader/flat_reg[3363]/CE (clocked by sys_clk_pin). Large setup violations at the end of those stages might be difficult to fix during the post-placement implementation flow and could be the result of non-optimal XDC constraints or non-optimal design architecture
Related violations: <none>

TIMING-16#183 Warning
Large setup violation  
There is a large setup violation of -1.172 ns between fft_engine/ifft_output_buffer_reg/CLKBWRCLK (clocked by sys_clk_pin) and display/wave_reader/flat_reg[2894]/D (clocked by sys_clk_pin). Large setup violations at the end of those stages might be difficult to fix during the post-placement implementation flow and could be the result of non-optimal XDC constraints or non-optimal design architecture
Related violations: <none>

TIMING-16#184 Warning
Large setup violation  
There is a large setup violation of -1.173 ns between fft_engine/ifft_output_buffer_reg/CLKBWRCLK (clocked by sys_clk_pin) and display/wave_reader/flat_reg[3515]/D (clocked by sys_clk_pin). Large setup violations at the end of those stages might be difficult to fix during the post-placement implementation flow and could be the result of non-optimal XDC constraints or non-optimal design architecture
Related violations: <none>

TIMING-16#185 Warning
Large setup violation  
There is a large setup violation of -1.175 ns between fft_engine/ifft_output_buffer_reg/CLKBWRCLK (clocked by sys_clk_pin) and display/wave_reader/flat_reg[2634]/D (clocked by sys_clk_pin). Large setup violations at the end of those stages might be difficult to fix during the post-placement implementation flow and could be the result of non-optimal XDC constraints or non-optimal design architecture
Related violations: <none>

TIMING-16#186 Warning
Large setup violation  
There is a large setup violation of -1.177 ns between fft_engine/ifft_output_buffer_reg/CLKBWRCLK (clocked by sys_clk_pin) and display/wave_reader/flat_reg[3660]/D (clocked by sys_clk_pin). Large setup violations at the end of those stages might be difficult to fix during the post-placement implementation flow and could be the result of non-optimal XDC constraints or non-optimal design architecture
Related violations: <none>

TIMING-16#187 Warning
Large setup violation  
There is a large setup violation of -1.179 ns between fft_engine/ifft_output_buffer_reg/CLKBWRCLK (clocked by sys_clk_pin) and display/wave_reader/flat_reg[2857]/D (clocked by sys_clk_pin). Large setup violations at the end of those stages might be difficult to fix during the post-placement implementation flow and could be the result of non-optimal XDC constraints or non-optimal design architecture
Related violations: <none>

TIMING-16#188 Warning
Large setup violation  
There is a large setup violation of -1.179 ns between fft_engine/ifft_output_buffer_reg/CLKBWRCLK (clocked by sys_clk_pin) and display/wave_reader/flat_reg[290]/D (clocked by sys_clk_pin). Large setup violations at the end of those stages might be difficult to fix during the post-placement implementation flow and could be the result of non-optimal XDC constraints or non-optimal design architecture
Related violations: <none>

TIMING-16#189 Warning
Large setup violation  
There is a large setup violation of -1.180 ns between fft_engine/ifft_output_buffer_reg/CLKBWRCLK (clocked by sys_clk_pin) and display/wave_reader/flat_reg[1811]/D (clocked by sys_clk_pin). Large setup violations at the end of those stages might be difficult to fix during the post-placement implementation flow and could be the result of non-optimal XDC constraints or non-optimal design architecture
Related violations: <none>

TIMING-16#190 Warning
Large setup violation  
There is a large setup violation of -1.180 ns between fft_engine/ifft_output_buffer_reg/CLKBWRCLK (clocked by sys_clk_pin) and display/wave_reader/flat_reg[2379]/D (clocked by sys_clk_pin). Large setup violations at the end of those stages might be difficult to fix during the post-placement implementation flow and could be the result of non-optimal XDC constraints or non-optimal design architecture
Related violations: <none>

TIMING-16#191 Warning
Large setup violation  
There is a large setup violation of -1.181 ns between output_dac/u_dc_l/y_prev_reg[15]/C (clocked by sys_clk_pin) and output_dac/u_dc_l/sample_out_reg[1]/D (clocked by sys_clk_pin). Large setup violations at the end of those stages might be difficult to fix during the post-placement implementation flow and could be the result of non-optimal XDC constraints or non-optimal design architecture
Related violations: <none>

TIMING-16#192 Warning
Large setup violation  
There is a large setup violation of -1.182 ns between fft_engine/ifft_output_buffer_reg/CLKBWRCLK (clocked by sys_clk_pin) and display/wave_reader/flat_reg[3251]/D (clocked by sys_clk_pin). Large setup violations at the end of those stages might be difficult to fix during the post-placement implementation flow and could be the result of non-optimal XDC constraints or non-optimal design architecture
Related violations: <none>

TIMING-16#193 Warning
Large setup violation  
There is a large setup violation of -1.182 ns between fft_engine/ifft_output_buffer_reg/CLKBWRCLK (clocked by sys_clk_pin) and display/wave_reader/flat_reg[3642]/D (clocked by sys_clk_pin). Large setup violations at the end of those stages might be difficult to fix during the post-placement implementation flow and could be the result of non-optimal XDC constraints or non-optimal design architecture
Related violations: <none>

TIMING-16#194 Warning
Large setup violation  
There is a large setup violation of -1.183 ns between fft_engine/ifft_output_buffer_reg/CLKBWRCLK (clocked by sys_clk_pin) and display/wave_reader/flat_reg[1915]/D (clocked by sys_clk_pin). Large setup violations at the end of those stages might be difficult to fix during the post-placement implementation flow and could be the result of non-optimal XDC constraints or non-optimal design architecture
Related violations: <none>

TIMING-16#195 Warning
Large setup violation  
There is a large setup violation of -1.183 ns between fft_engine/ifft_output_buffer_reg/CLKBWRCLK (clocked by sys_clk_pin) and display/wave_reader/flat_reg[3468]/D (clocked by sys_clk_pin). Large setup violations at the end of those stages might be difficult to fix during the post-placement implementation flow and could be the result of non-optimal XDC constraints or non-optimal design architecture
Related violations: <none>

TIMING-16#196 Warning
Large setup violation  
There is a large setup violation of -1.183 ns between output_dac/u_dc_l/y_prev_reg[15]/C (clocked by sys_clk_pin) and output_dac/u_dc_l/sample_out_reg[2]/D (clocked by sys_clk_pin). Large setup violations at the end of those stages might be difficult to fix during the post-placement implementation flow and could be the result of non-optimal XDC constraints or non-optimal design architecture
Related violations: <none>

TIMING-16#197 Warning
Large setup violation  
There is a large setup violation of -1.184 ns between fft_engine/ifft_output_buffer_reg/CLKBWRCLK (clocked by sys_clk_pin) and display/wave_reader/flat_reg[536]/D (clocked by sys_clk_pin). Large setup violations at the end of those stages might be difficult to fix during the post-placement implementation flow and could be the result of non-optimal XDC constraints or non-optimal design architecture
Related violations: <none>

TIMING-16#198 Warning
Large setup violation  
There is a large setup violation of -1.184 ns between fft_engine/ifft_output_buffer_reg/CLKBWRCLK (clocked by sys_clk_pin) and display/wave_reader/flat_reg[950]/D (clocked by sys_clk_pin). Large setup violations at the end of those stages might be difficult to fix during the post-placement implementation flow and could be the result of non-optimal XDC constraints or non-optimal design architecture
Related violations: <none>

TIMING-16#199 Warning
Large setup violation  
There is a large setup violation of -1.185 ns between fft_engine/ifft_output_buffer_reg/CLKBWRCLK (clocked by sys_clk_pin) and display/wave_reader/flat_reg[1299]/D (clocked by sys_clk_pin). Large setup violations at the end of those stages might be difficult to fix during the post-placement implementation flow and could be the result of non-optimal XDC constraints or non-optimal design architecture
Related violations: <none>

TIMING-16#200 Warning
Large setup violation  
There is a large setup violation of -1.185 ns between fft_engine/ifft_output_buffer_reg/CLKBWRCLK (clocked by sys_clk_pin) and display/wave_reader/flat_reg[3939]/D (clocked by sys_clk_pin). Large setup violations at the end of those stages might be difficult to fix during the post-placement implementation flow and could be the result of non-optimal XDC constraints or non-optimal design architecture
Related violations: <none>

TIMING-16#201 Warning
Large setup violation  
There is a large setup violation of -1.187 ns between display/wave_reader/i_reg[1]/C (clocked by sys_clk_pin) and display/wave_reader/flat_reg[2084]/D (clocked by sys_clk_pin). Large setup violations at the end of those stages might be difficult to fix during the post-placement implementation flow and could be the result of non-optimal XDC constraints or non-optimal design architecture
Related violations: <none>

TIMING-16#202 Warning
Large setup violation  
There is a large setup violation of -1.189 ns between fft_engine/ifft_output_buffer_reg/CLKBWRCLK (clocked by sys_clk_pin) and display/wave_reader/flat_reg[3363]/D (clocked by sys_clk_pin). Large setup violations at the end of those stages might be difficult to fix during the post-placement implementation flow and could be the result of non-optimal XDC constraints or non-optimal design architecture
Related violations: <none>

TIMING-16#203 Warning
Large setup violation  
There is a large setup violation of -1.190 ns between fft_engine/ifft_output_buffer_reg/CLKBWRCLK (clocked by sys_clk_pin) and display/wave_reader/flat_reg[3250]/D (clocked by sys_clk_pin). Large setup violations at the end of those stages might be difficult to fix during the post-placement implementation flow and could be the result of non-optimal XDC constraints or non-optimal design architecture
Related violations: <none>

TIMING-16#204 Warning
Large setup violation  
There is a large setup violation of -1.193 ns between fft_engine/ifft_output_buffer_reg/CLKBWRCLK (clocked by sys_clk_pin) and display/wave_reader/flat_reg[30]/D (clocked by sys_clk_pin). Large setup violations at the end of those stages might be difficult to fix during the post-placement implementation flow and could be the result of non-optimal XDC constraints or non-optimal design architecture
Related violations: <none>

TIMING-16#205 Warning
Large setup violation  
There is a large setup violation of -1.195 ns between fft_engine/ifft_output_buffer_reg/CLKBWRCLK (clocked by sys_clk_pin) and display/wave_reader/flat_reg[1467]/D (clocked by sys_clk_pin). Large setup violations at the end of those stages might be difficult to fix during the post-placement implementation flow and could be the result of non-optimal XDC constraints or non-optimal design architecture
Related violations: <none>

TIMING-16#206 Warning
Large setup violation  
There is a large setup violation of -1.195 ns between fft_engine/ifft_output_buffer_reg/CLKBWRCLK (clocked by sys_clk_pin) and display/wave_reader/flat_reg[1]/D (clocked by sys_clk_pin). Large setup violations at the end of those stages might be difficult to fix during the post-placement implementation flow and could be the result of non-optimal XDC constraints or non-optimal design architecture
Related violations: <none>

TIMING-16#207 Warning
Large setup violation  
There is a large setup violation of -1.195 ns between fft_engine/ifft_output_buffer_reg/CLKBWRCLK (clocked by sys_clk_pin) and display/wave_reader/flat_reg[3875]/D (clocked by sys_clk_pin). Large setup violations at the end of those stages might be difficult to fix during the post-placement implementation flow and could be the result of non-optimal XDC constraints or non-optimal design architecture
Related violations: <none>

TIMING-16#208 Warning
Large setup violation  
There is a large setup violation of -1.196 ns between fft_engine/ifft_output_buffer_reg/CLKBWRCLK (clocked by sys_clk_pin) and display/wave_reader/flat_reg[1465]/D (clocked by sys_clk_pin). Large setup violations at the end of those stages might be difficult to fix during the post-placement implementation flow and could be the result of non-optimal XDC constraints or non-optimal design architecture
Related violations: <none>

TIMING-16#209 Warning
Large setup violation  
There is a large setup violation of -1.196 ns between fft_engine/ifft_output_buffer_reg/CLKBWRCLK (clocked by sys_clk_pin) and display/wave_reader/flat_reg[1594]/D (clocked by sys_clk_pin). Large setup violations at the end of those stages might be difficult to fix during the post-placement implementation flow and could be the result of non-optimal XDC constraints or non-optimal design architecture
Related violations: <none>

TIMING-16#210 Warning
Large setup violation  
There is a large setup violation of -1.196 ns between fft_engine/ifft_output_buffer_reg/CLKBWRCLK (clocked by sys_clk_pin) and display/wave_reader/flat_reg[2110]/D (clocked by sys_clk_pin). Large setup violations at the end of those stages might be difficult to fix during the post-placement implementation flow and could be the result of non-optimal XDC constraints or non-optimal design architecture
Related violations: <none>

TIMING-16#211 Warning
Large setup violation  
There is a large setup violation of -1.198 ns between fft_engine/ifft_output_buffer_reg/CLKBWRCLK (clocked by sys_clk_pin) and display/wave_reader/flat_reg[2488]/D (clocked by sys_clk_pin). Large setup violations at the end of those stages might be difficult to fix during the post-placement implementation flow and could be the result of non-optimal XDC constraints or non-optimal design architecture
Related violations: <none>

TIMING-16#212 Warning
Large setup violation  
There is a large setup violation of -1.202 ns between fft_engine/ifft_output_buffer_reg/CLKBWRCLK (clocked by sys_clk_pin) and display/wave_reader/flat_reg[257]/D (clocked by sys_clk_pin). Large setup violations at the end of those stages might be difficult to fix during the post-placement implementation flow and could be the result of non-optimal XDC constraints or non-optimal design architecture
Related violations: <none>

TIMING-16#213 Warning
Large setup violation  
There is a large setup violation of -1.203 ns between fft_engine/ifft_output_buffer_reg/CLKBWRCLK (clocked by sys_clk_pin) and display/wave_reader/flat_reg[1598]/D (clocked by sys_clk_pin). Large setup violations at the end of those stages might be difficult to fix during the post-placement implementation flow and could be the result of non-optimal XDC constraints or non-optimal design architecture
Related violations: <none>

TIMING-16#214 Warning
Large setup violation  
There is a large setup violation of -1.205 ns between display/wave_reader/i_reg[1]/C (clocked by sys_clk_pin) and display/wave_reader/flat_reg[548]/D (clocked by sys_clk_pin). Large setup violations at the end of those stages might be difficult to fix during the post-placement implementation flow and could be the result of non-optimal XDC constraints or non-optimal design architecture
Related violations: <none>

TIMING-16#215 Warning
Large setup violation  
There is a large setup violation of -1.205 ns between fft_engine/ifft_output_buffer_reg/CLKBWRCLK (clocked by sys_clk_pin) and display/wave_reader/flat_reg[1612]/D (clocked by sys_clk_pin). Large setup violations at the end of those stages might be difficult to fix during the post-placement implementation flow and could be the result of non-optimal XDC constraints or non-optimal design architecture
Related violations: <none>

TIMING-16#216 Warning
Large setup violation  
There is a large setup violation of -1.205 ns between fft_engine/ifft_output_buffer_reg/CLKBWRCLK (clocked by sys_clk_pin) and display/wave_reader/flat_reg[1644]/D (clocked by sys_clk_pin). Large setup violations at the end of those stages might be difficult to fix during the post-placement implementation flow and could be the result of non-optimal XDC constraints or non-optimal design architecture
Related violations: <none>

TIMING-16#217 Warning
Large setup violation  
There is a large setup violation of -1.205 ns between fft_engine/ifft_output_buffer_reg/CLKBWRCLK (clocked by sys_clk_pin) and display/wave_reader/flat_reg[571]/D (clocked by sys_clk_pin). Large setup violations at the end of those stages might be difficult to fix during the post-placement implementation flow and could be the result of non-optimal XDC constraints or non-optimal design architecture
Related violations: <none>

TIMING-16#218 Warning
Large setup violation  
There is a large setup violation of -1.206 ns between fft_engine/ifft_output_buffer_reg/CLKBWRCLK (clocked by sys_clk_pin) and display/wave_reader/flat_reg[3899]/D (clocked by sys_clk_pin). Large setup violations at the end of those stages might be difficult to fix during the post-placement implementation flow and could be the result of non-optimal XDC constraints or non-optimal design architecture
Related violations: <none>

TIMING-16#219 Warning
Large setup violation  
There is a large setup violation of -1.207 ns between fft_engine/ifft_output_buffer_reg/CLKBWRCLK (clocked by sys_clk_pin) and display/wave_reader/flat_reg[3962]/D (clocked by sys_clk_pin). Large setup violations at the end of those stages might be difficult to fix during the post-placement implementation flow and could be the result of non-optimal XDC constraints or non-optimal design architecture
Related violations: <none>

TIMING-16#220 Warning
Large setup violation  
There is a large setup violation of -1.209 ns between display/wave_reader/i_reg[1]/C (clocked by sys_clk_pin) and display/wave_reader/flat_reg[1060]/D (clocked by sys_clk_pin). Large setup violations at the end of those stages might be difficult to fix during the post-placement implementation flow and could be the result of non-optimal XDC constraints or non-optimal design architecture
Related violations: <none>

TIMING-16#221 Warning
Large setup violation  
There is a large setup violation of -1.211 ns between fft_engine/ifft_output_buffer_reg/CLKBWRCLK (clocked by sys_clk_pin) and display/wave_reader/flat_reg[2104]/D (clocked by sys_clk_pin). Large setup violations at the end of those stages might be difficult to fix during the post-placement implementation flow and could be the result of non-optimal XDC constraints or non-optimal design architecture
Related violations: <none>

TIMING-16#222 Warning
Large setup violation  
There is a large setup violation of -1.211 ns between fft_engine/ifft_output_buffer_reg/CLKBWRCLK (clocked by sys_clk_pin) and display/wave_reader/flat_reg[57]/D (clocked by sys_clk_pin). Large setup violations at the end of those stages might be difficult to fix during the post-placement implementation flow and could be the result of non-optimal XDC constraints or non-optimal design architecture
Related violations: <none>

TIMING-16#223 Warning
Large setup violation  
There is a large setup violation of -1.213 ns between display/wave_reader/i_reg[1]/C (clocked by sys_clk_pin) and display/wave_reader/flat_reg[1576]/D (clocked by sys_clk_pin). Large setup violations at the end of those stages might be difficult to fix during the post-placement implementation flow and could be the result of non-optimal XDC constraints or non-optimal design architecture
Related violations: <none>

TIMING-16#224 Warning
Large setup violation  
There is a large setup violation of -1.214 ns between fft_engine/ifft_output_buffer_reg/CLKBWRCLK (clocked by sys_clk_pin) and display/wave_reader/flat_reg[2237]/D (clocked by sys_clk_pin). Large setup violations at the end of those stages might be difficult to fix during the post-placement implementation flow and could be the result of non-optimal XDC constraints or non-optimal design architecture
Related violations: <none>

TIMING-16#225 Warning
Large setup violation  
There is a large setup violation of -1.215 ns between fft_engine/ifft_output_buffer_reg/CLKBWRCLK (clocked by sys_clk_pin) and display/wave_reader/flat_reg[2739]/D (clocked by sys_clk_pin). Large setup violations at the end of those stages might be difficult to fix during the post-placement implementation flow and could be the result of non-optimal XDC constraints or non-optimal design architecture
Related violations: <none>

TIMING-16#226 Warning
Large setup violation  
There is a large setup violation of -1.216 ns between fft_engine/ifft_output_buffer_reg/CLKBWRCLK (clocked by sys_clk_pin) and display/wave_reader/flat_reg[559]/D (clocked by sys_clk_pin). Large setup violations at the end of those stages might be difficult to fix during the post-placement implementation flow and could be the result of non-optimal XDC constraints or non-optimal design architecture
Related violations: <none>

TIMING-16#227 Warning
Large setup violation  
There is a large setup violation of -1.216 ns between fft_engine/ifft_output_buffer_reg/CLKBWRCLK (clocked by sys_clk_pin) and display/wave_reader/flat_reg[686]/D (clocked by sys_clk_pin). Large setup violations at the end of those stages might be difficult to fix during the post-placement implementation flow and could be the result of non-optimal XDC constraints or non-optimal design architecture
Related violations: <none>

TIMING-16#228 Warning
Large setup violation  
There is a large setup violation of -1.217 ns between fft_engine/ifft_output_buffer_reg/CLKBWRCLK (clocked by sys_clk_pin) and display/wave_reader/flat_reg[226]/D (clocked by sys_clk_pin). Large setup violations at the end of those stages might be difficult to fix during the post-placement implementation flow and could be the result of non-optimal XDC constraints or non-optimal design architecture
Related violations: <none>

TIMING-16#229 Warning
Large setup violation  
There is a large setup violation of -1.218 ns between display/wave_reader/i_reg[1]/C (clocked by sys_clk_pin) and display/wave_reader/flat_reg[2088]/D (clocked by sys_clk_pin). Large setup violations at the end of those stages might be difficult to fix during the post-placement implementation flow and could be the result of non-optimal XDC constraints or non-optimal design architecture
Related violations: <none>

TIMING-16#230 Warning
Large setup violation  
There is a large setup violation of -1.222 ns between fft_engine/ifft_output_buffer_reg/CLKBWRCLK (clocked by sys_clk_pin) and display/wave_reader/flat_reg[1874]/D (clocked by sys_clk_pin). Large setup violations at the end of those stages might be difficult to fix during the post-placement implementation flow and could be the result of non-optimal XDC constraints or non-optimal design architecture
Related violations: <none>

TIMING-16#231 Warning
Large setup violation  
There is a large setup violation of -1.222 ns between fft_engine/ifft_output_buffer_reg/CLKBWRCLK (clocked by sys_clk_pin) and display/wave_reader/flat_reg[3847]/D (clocked by sys_clk_pin). Large setup violations at the end of those stages might be difficult to fix during the post-placement implementation flow and could be the result of non-optimal XDC constraints or non-optimal design architecture
Related violations: <none>

TIMING-16#232 Warning
Large setup violation  
There is a large setup violation of -1.223 ns between fft_engine/ifft_output_buffer_reg/CLKBWRCLK (clocked by sys_clk_pin) and display/wave_reader/flat_reg[301]/D (clocked by sys_clk_pin). Large setup violations at the end of those stages might be difficult to fix during the post-placement implementation flow and could be the result of non-optimal XDC constraints or non-optimal design architecture
Related violations: <none>

TIMING-16#233 Warning
Large setup violation  
There is a large setup violation of -1.224 ns between fft_engine/ifft_output_buffer_reg/CLKBWRCLK (clocked by sys_clk_pin) and display/wave_reader/flat_reg[1215]/D (clocked by sys_clk_pin). Large setup violations at the end of those stages might be difficult to fix during the post-placement implementation flow and could be the result of non-optimal XDC constraints or non-optimal design architecture
Related violations: <none>

TIMING-16#234 Warning
Large setup violation  
There is a large setup violation of -1.224 ns between fft_engine/ifft_output_buffer_reg/CLKBWRCLK (clocked by sys_clk_pin) and display/wave_reader/flat_reg[798]/D (clocked by sys_clk_pin). Large setup violations at the end of those stages might be difficult to fix during the post-placement implementation flow and could be the result of non-optimal XDC constraints or non-optimal design architecture
Related violations: <none>

TIMING-16#235 Warning
Large setup violation  
There is a large setup violation of -1.225 ns between fft_engine/ifft_output_buffer_reg/CLKBWRCLK (clocked by sys_clk_pin) and display/wave_reader/flat_reg[2922]/D (clocked by sys_clk_pin). Large setup violations at the end of those stages might be difficult to fix during the post-placement implementation flow and could be the result of non-optimal XDC constraints or non-optimal design architecture
Related violations: <none>

TIMING-16#236 Warning
Large setup violation  
There is a large setup violation of -1.225 ns between fft_engine/ifft_output_buffer_reg/CLKBWRCLK (clocked by sys_clk_pin) and display/wave_reader/flat_reg[413]/D (clocked by sys_clk_pin). Large setup violations at the end of those stages might be difficult to fix during the post-placement implementation flow and could be the result of non-optimal XDC constraints or non-optimal design architecture
Related violations: <none>

TIMING-16#237 Warning
Large setup violation  
There is a large setup violation of -1.226 ns between fft_engine/ifft_output_buffer_reg/CLKBWRCLK (clocked by sys_clk_pin) and display/wave_reader/flat_reg[27]/D (clocked by sys_clk_pin). Large setup violations at the end of those stages might be difficult to fix during the post-placement implementation flow and could be the result of non-optimal XDC constraints or non-optimal design architecture
Related violations: <none>

TIMING-16#238 Warning
Large setup violation  
There is a large setup violation of -1.227 ns between fft_engine/ifft_output_buffer_reg/CLKBWRCLK (clocked by sys_clk_pin) and display/wave_reader/flat_reg[2402]/D (clocked by sys_clk_pin). Large setup violations at the end of those stages might be difficult to fix during the post-placement implementation flow and could be the result of non-optimal XDC constraints or non-optimal design architecture
Related violations: <none>

TIMING-16#239 Warning
Large setup violation  
There is a large setup violation of -1.228 ns between fft_engine/ifft_output_buffer_reg/CLKBWRCLK (clocked by sys_clk_pin) and display/wave_reader/flat_reg[2326]/D (clocked by sys_clk_pin). Large setup violations at the end of those stages might be difficult to fix during the post-placement implementation flow and could be the result of non-optimal XDC constraints or non-optimal design architecture
Related violations: <none>

TIMING-16#240 Warning
Large setup violation  
There is a large setup violation of -1.228 ns between fft_engine/ifft_output_buffer_reg/CLKBWRCLK (clocked by sys_clk_pin) and display/wave_reader/flat_reg[2862]/D (clocked by sys_clk_pin). Large setup violations at the end of those stages might be difficult to fix during the post-placement implementation flow and could be the result of non-optimal XDC constraints or non-optimal design architecture
Related violations: <none>

TIMING-16#241 Warning
Large setup violation  
There is a large setup violation of -1.229 ns between fft_engine/ifft_output_buffer_reg/CLKBWRCLK (clocked by sys_clk_pin) and display/wave_reader/flat_reg[2492]/D (clocked by sys_clk_pin). Large setup violations at the end of those stages might be difficult to fix during the post-placement implementation flow and could be the result of non-optimal XDC constraints or non-optimal design architecture
Related violations: <none>

TIMING-16#242 Warning
Large setup violation  
There is a large setup violation of -1.230 ns between fft_engine/ifft_output_buffer_reg/CLKBWRCLK (clocked by sys_clk_pin) and display/wave_reader/flat_reg[354]/D (clocked by sys_clk_pin). Large setup violations at the end of those stages might be difficult to fix during the post-placement implementation flow and could be the result of non-optimal XDC constraints or non-optimal design architecture
Related violations: <none>

TIMING-16#243 Warning
Large setup violation  
There is a large setup violation of -1.233 ns between fft_engine/ifft_output_buffer_reg/CLKBWRCLK (clocked by sys_clk_pin) and display/wave_reader/flat_reg[835]/D (clocked by sys_clk_pin). Large setup violations at the end of those stages might be difficult to fix during the post-placement implementation flow and could be the result of non-optimal XDC constraints or non-optimal design architecture
Related violations: <none>

TIMING-16#244 Warning
Large setup violation  
There is a large setup violation of -1.235 ns between fft_engine/ifft_output_buffer_reg/CLKBWRCLK (clocked by sys_clk_pin) and display/wave_reader/flat_reg[1347]/D (clocked by sys_clk_pin). Large setup violations at the end of those stages might be difficult to fix during the post-placement implementation flow and could be the result of non-optimal XDC constraints or non-optimal design architecture
Related violations: <none>

TIMING-16#245 Warning
Large setup violation  
There is a large setup violation of -1.238 ns between fft_engine/ifft_output_buffer_reg/CLKBWRCLK (clocked by sys_clk_pin) and display/wave_reader/flat_reg[210]/D (clocked by sys_clk_pin). Large setup violations at the end of those stages might be difficult to fix during the post-placement implementation flow and could be the result of non-optimal XDC constraints or non-optimal design architecture
Related violations: <none>

TIMING-16#246 Warning
Large setup violation  
There is a large setup violation of -1.239 ns between display/wave_reader/i_reg[1]/C (clocked by sys_clk_pin) and display/wave_reader/flat_reg[3108]/D (clocked by sys_clk_pin). Large setup violations at the end of those stages might be difficult to fix during the post-placement implementation flow and could be the result of non-optimal XDC constraints or non-optimal design architecture
Related violations: <none>

TIMING-16#247 Warning
Large setup violation  
There is a large setup violation of -1.240 ns between fft_engine/ifft_output_buffer_reg/CLKBWRCLK (clocked by sys_clk_pin) and display/wave_reader/flat_reg[2083]/D (clocked by sys_clk_pin). Large setup violations at the end of those stages might be difficult to fix during the post-placement implementation flow and could be the result of non-optimal XDC constraints or non-optimal design architecture
Related violations: <none>

TIMING-16#248 Warning
Large setup violation  
There is a large setup violation of -1.242 ns between fft_engine/ifft_output_buffer_reg/CLKBWRCLK (clocked by sys_clk_pin) and display/wave_reader/flat_reg[1793]/D (clocked by sys_clk_pin). Large setup violations at the end of those stages might be difficult to fix during the post-placement implementation flow and could be the result of non-optimal XDC constraints or non-optimal design architecture
Related violations: <none>

TIMING-16#249 Warning
Large setup violation  
There is a large setup violation of -1.243 ns between fft_engine/ifft_output_buffer_reg/CLKBWRCLK (clocked by sys_clk_pin) and display/wave_reader/flat_reg[2305]/D (clocked by sys_clk_pin). Large setup violations at the end of those stages might be difficult to fix during the post-placement implementation flow and could be the result of non-optimal XDC constraints or non-optimal design architecture
Related violations: <none>

TIMING-16#250 Warning
Large setup violation  
There is a large setup violation of -1.244 ns between fft_engine/ifft_output_buffer_reg/CLKBWRCLK (clocked by sys_clk_pin) and display/wave_reader/flat_reg[2574]/D (clocked by sys_clk_pin). Large setup violations at the end of those stages might be difficult to fix during the post-placement implementation flow and could be the result of non-optimal XDC constraints or non-optimal design architecture
Related violations: <none>

TIMING-16#251 Warning
Large setup violation  
There is a large setup violation of -1.246 ns between fft_engine/ifft_output_buffer_reg/CLKBWRCLK (clocked by sys_clk_pin) and display/wave_reader/flat_reg[1853]/D (clocked by sys_clk_pin). Large setup violations at the end of those stages might be difficult to fix during the post-placement implementation flow and could be the result of non-optimal XDC constraints or non-optimal design architecture
Related violations: <none>

TIMING-16#252 Warning
Large setup violation  
There is a large setup violation of -1.246 ns between fft_engine/ifft_output_buffer_reg/CLKBWRCLK (clocked by sys_clk_pin) and display/wave_reader/flat_reg[3640]/D (clocked by sys_clk_pin). Large setup violations at the end of those stages might be difficult to fix during the post-placement implementation flow and could be the result of non-optimal XDC constraints or non-optimal design architecture
Related violations: <none>

TIMING-16#253 Warning
Large setup violation  
There is a large setup violation of -1.247 ns between fft_engine/ifft_output_buffer_reg/CLKBWRCLK (clocked by sys_clk_pin) and display/wave_reader/flat_reg[3626]/D (clocked by sys_clk_pin). Large setup violations at the end of those stages might be difficult to fix during the post-placement implementation flow and could be the result of non-optimal XDC constraints or non-optimal design architecture
Related violations: <none>

TIMING-16#254 Warning
Large setup violation  
There is a large setup violation of -1.248 ns between fft_engine/ifft_output_buffer_reg/CLKBWRCLK (clocked by sys_clk_pin) and display/wave_reader/flat_reg[1725]/D (clocked by sys_clk_pin). Large setup violations at the end of those stages might be difficult to fix during the post-placement implementation flow and could be the result of non-optimal XDC constraints or non-optimal design architecture
Related violations: <none>

TIMING-16#255 Warning
Large setup violation  
There is a large setup violation of -1.249 ns between fft_engine/ifft_output_buffer_reg/CLKBWRCLK (clocked by sys_clk_pin) and display/wave_reader/flat_reg[2385]/D (clocked by sys_clk_pin). Large setup violations at the end of those stages might be difficult to fix during the post-placement implementation flow and could be the result of non-optimal XDC constraints or non-optimal design architecture
Related violations: <none>

TIMING-16#256 Warning
Large setup violation  
There is a large setup violation of -1.249 ns between fft_engine/ifft_output_buffer_reg/CLKBWRCLK (clocked by sys_clk_pin) and display/wave_reader/flat_reg[3127]/D (clocked by sys_clk_pin). Large setup violations at the end of those stages might be difficult to fix during the post-placement implementation flow and could be the result of non-optimal XDC constraints or non-optimal design architecture
Related violations: <none>

TIMING-16#257 Warning
Large setup violation  
There is a large setup violation of -1.250 ns between fft_engine/ifft_output_buffer_reg/CLKBWRCLK (clocked by sys_clk_pin) and display/wave_reader/flat_reg[2619]/D (clocked by sys_clk_pin). Large setup violations at the end of those stages might be difficult to fix during the post-placement implementation flow and could be the result of non-optimal XDC constraints or non-optimal design architecture
Related violations: <none>

TIMING-16#258 Warning
Large setup violation  
There is a large setup violation of -1.250 ns between fft_engine/ifft_output_buffer_reg/CLKBWRCLK (clocked by sys_clk_pin) and display/wave_reader/flat_reg[3134]/D (clocked by sys_clk_pin). Large setup violations at the end of those stages might be difficult to fix during the post-placement implementation flow and could be the result of non-optimal XDC constraints or non-optimal design architecture
Related violations: <none>

TIMING-16#259 Warning
Large setup violation  
There is a large setup violation of -1.251 ns between fft_engine/ifft_output_buffer_reg/CLKBWRCLK (clocked by sys_clk_pin) and display/wave_reader/flat_reg[1914]/D (clocked by sys_clk_pin). Large setup violations at the end of those stages might be difficult to fix during the post-placement implementation flow and could be the result of non-optimal XDC constraints or non-optimal design architecture
Related violations: <none>

TIMING-16#260 Warning
Large setup violation  
There is a large setup violation of -1.251 ns between fft_engine/ifft_output_buffer_reg/CLKBWRCLK (clocked by sys_clk_pin) and display/wave_reader/flat_reg[4028]/D (clocked by sys_clk_pin). Large setup violations at the end of those stages might be difficult to fix during the post-placement implementation flow and could be the result of non-optimal XDC constraints or non-optimal design architecture
Related violations: <none>

TIMING-16#261 Warning
Large setup violation  
There is a large setup violation of -1.253 ns between fft_engine/ifft_output_buffer_reg/CLKBWRCLK (clocked by sys_clk_pin) and display/wave_reader/flat_reg[439]/D (clocked by sys_clk_pin). Large setup violations at the end of those stages might be difficult to fix during the post-placement implementation flow and could be the result of non-optimal XDC constraints or non-optimal design architecture
Related violations: <none>

TIMING-16#262 Warning
Large setup violation  
There is a large setup violation of -1.254 ns between fft_engine/ifft_output_buffer_reg/CLKBWRCLK (clocked by sys_clk_pin) and display/wave_reader/flat_reg[2108]/D (clocked by sys_clk_pin). Large setup violations at the end of those stages might be difficult to fix during the post-placement implementation flow and could be the result of non-optimal XDC constraints or non-optimal design architecture
Related violations: <none>

TIMING-16#263 Warning
Large setup violation  
There is a large setup violation of -1.255 ns between fft_engine/ifft_output_buffer_reg/CLKBWRCLK (clocked by sys_clk_pin) and display/wave_reader/flat_reg[3123]/D (clocked by sys_clk_pin). Large setup violations at the end of those stages might be difficult to fix during the post-placement implementation flow and could be the result of non-optimal XDC constraints or non-optimal design architecture
Related violations: <none>

TIMING-16#264 Warning
Large setup violation  
There is a large setup violation of -1.257 ns between fft_engine/ifft_output_buffer_reg/CLKBWRCLK (clocked by sys_clk_pin) and display/wave_reader/flat_reg[2609]/D (clocked by sys_clk_pin). Large setup violations at the end of those stages might be difficult to fix during the post-placement implementation flow and could be the result of non-optimal XDC constraints or non-optimal design architecture
Related violations: <none>

TIMING-16#265 Warning
Large setup violation  
There is a large setup violation of -1.258 ns between fft_engine/ifft_output_buffer_reg/CLKBWRCLK (clocked by sys_clk_pin) and display/wave_reader/flat_reg[2327]/D (clocked by sys_clk_pin). Large setup violations at the end of those stages might be difficult to fix during the post-placement implementation flow and could be the result of non-optimal XDC constraints or non-optimal design architecture
Related violations: <none>

TIMING-16#266 Warning
Large setup violation  
There is a large setup violation of -1.258 ns between fft_engine/ifft_output_buffer_reg/CLKBWRCLK (clocked by sys_clk_pin) and display/wave_reader/flat_reg[3606]/D (clocked by sys_clk_pin). Large setup violations at the end of those stages might be difficult to fix during the post-placement implementation flow and could be the result of non-optimal XDC constraints or non-optimal design architecture
Related violations: <none>

TIMING-16#267 Warning
Large setup violation  
There is a large setup violation of -1.263 ns between fft_engine/ifft_output_buffer_reg/CLKBWRCLK (clocked by sys_clk_pin) and display/wave_reader/flat_reg[2616]/D (clocked by sys_clk_pin). Large setup violations at the end of those stages might be difficult to fix during the post-placement implementation flow and could be the result of non-optimal XDC constraints or non-optimal design architecture
Related violations: <none>

TIMING-16#268 Warning
Large setup violation  
There is a large setup violation of -1.263 ns between fft_engine/ifft_output_buffer_reg/CLKBWRCLK (clocked by sys_clk_pin) and display/wave_reader/flat_reg[2846]/D (clocked by sys_clk_pin). Large setup violations at the end of those stages might be difficult to fix during the post-placement implementation flow and could be the result of non-optimal XDC constraints or non-optimal design architecture
Related violations: <none>

TIMING-16#269 Warning
Large setup violation  
There is a large setup violation of -1.264 ns between fft_engine/ifft_output_buffer_reg/CLKBWRCLK (clocked by sys_clk_pin) and display/wave_reader/flat_reg[1303]/D (clocked by sys_clk_pin). Large setup violations at the end of those stages might be difficult to fix during the post-placement implementation flow and could be the result of non-optimal XDC constraints or non-optimal design architecture
Related violations: <none>

TIMING-16#270 Warning
Large setup violation  
There is a large setup violation of -1.266 ns between fft_engine/ifft_output_buffer_reg/CLKBWRCLK (clocked by sys_clk_pin) and display/wave_reader/flat_reg[2087]/D (clocked by sys_clk_pin). Large setup violations at the end of those stages might be difficult to fix during the post-placement implementation flow and could be the result of non-optimal XDC constraints or non-optimal design architecture
Related violations: <none>

TIMING-16#271 Warning
Large setup violation  
There is a large setup violation of -1.267 ns between fft_engine/ifft_output_buffer_reg/CLKBWRCLK (clocked by sys_clk_pin) and display/wave_reader/flat_reg[2364]/D (clocked by sys_clk_pin). Large setup violations at the end of those stages might be difficult to fix during the post-placement implementation flow and could be the result of non-optimal XDC constraints or non-optimal design architecture
Related violations: <none>

TIMING-16#272 Warning
Large setup violation  
There is a large setup violation of -1.269 ns between fft_engine/ifft_output_buffer_reg/CLKBWRCLK (clocked by sys_clk_pin) and display/wave_reader/flat_reg[2494]/D (clocked by sys_clk_pin). Large setup violations at the end of those stages might be difficult to fix during the post-placement implementation flow and could be the result of non-optimal XDC constraints or non-optimal design architecture
Related violations: <none>

TIMING-16#273 Warning
Large setup violation  
There is a large setup violation of -1.269 ns between fft_engine/ifft_output_buffer_reg/CLKBWRCLK (clocked by sys_clk_pin) and display/wave_reader/flat_reg[3926]/D (clocked by sys_clk_pin). Large setup violations at the end of those stages might be difficult to fix during the post-placement implementation flow and could be the result of non-optimal XDC constraints or non-optimal design architecture
Related violations: <none>

TIMING-16#274 Warning
Large setup violation  
There is a large setup violation of -1.270 ns between fft_engine/ifft_output_buffer_reg/CLKBWRCLK (clocked by sys_clk_pin) and display/wave_reader/flat_reg[2322]/D (clocked by sys_clk_pin). Large setup violations at the end of those stages might be difficult to fix during the post-placement implementation flow and could be the result of non-optimal XDC constraints or non-optimal design architecture
Related violations: <none>

TIMING-16#275 Warning
Large setup violation  
There is a large setup violation of -1.272 ns between fft_engine/ifft_output_buffer_reg/CLKBWRCLK (clocked by sys_clk_pin) and display/wave_reader/flat_reg[813]/D (clocked by sys_clk_pin). Large setup violations at the end of those stages might be difficult to fix during the post-placement implementation flow and could be the result of non-optimal XDC constraints or non-optimal design architecture
Related violations: <none>

TIMING-16#276 Warning
Large setup violation  
There is a large setup violation of -1.275 ns between fft_engine/ifft_output_buffer_reg/CLKBWRCLK (clocked by sys_clk_pin) and display/wave_reader/flat_reg[690]/D (clocked by sys_clk_pin). Large setup violations at the end of those stages might be difficult to fix during the post-placement implementation flow and could be the result of non-optimal XDC constraints or non-optimal design architecture
Related violations: <none>

TIMING-16#277 Warning
Large setup violation  
There is a large setup violation of -1.277 ns between fft_engine/ifft_output_buffer_reg/CLKBWRCLK (clocked by sys_clk_pin) and display/wave_reader/flat_reg[1561]/D (clocked by sys_clk_pin). Large setup violations at the end of those stages might be difficult to fix during the post-placement implementation flow and could be the result of non-optimal XDC constraints or non-optimal design architecture
Related violations: <none>

TIMING-16#278 Warning
Large setup violation  
There is a large setup violation of -1.279 ns between fft_engine/ifft_output_buffer_reg/CLKBWRCLK (clocked by sys_clk_pin) and display/wave_reader/flat_reg[2258]/D (clocked by sys_clk_pin). Large setup violations at the end of those stages might be difficult to fix during the post-placement implementation flow and could be the result of non-optimal XDC constraints or non-optimal design architecture
Related violations: <none>

TIMING-16#279 Warning
Large setup violation  
There is a large setup violation of -1.285 ns between fft_engine/ifft_output_buffer_reg/CLKBWRCLK (clocked by sys_clk_pin) and display/wave_reader/flat_reg[1549]/D (clocked by sys_clk_pin). Large setup violations at the end of those stages might be difficult to fix during the post-placement implementation flow and could be the result of non-optimal XDC constraints or non-optimal design architecture
Related violations: <none>

TIMING-16#280 Warning
Large setup violation  
There is a large setup violation of -1.287 ns between display/wave_reader/i_reg[6]_rep__9/C (clocked by sys_clk_pin) and display/wave_reader/flat_reg[3364]/CE (clocked by sys_clk_pin). Large setup violations at the end of those stages might be difficult to fix during the post-placement implementation flow and could be the result of non-optimal XDC constraints or non-optimal design architecture
Related violations: <none>

TIMING-16#281 Warning
Large setup violation  
There is a large setup violation of -1.287 ns between display/wave_reader/i_reg[6]_rep__9/C (clocked by sys_clk_pin) and display/wave_reader/flat_reg[3366]/CE (clocked by sys_clk_pin). Large setup violations at the end of those stages might be difficult to fix during the post-placement implementation flow and could be the result of non-optimal XDC constraints or non-optimal design architecture
Related violations: <none>

TIMING-16#282 Warning
Large setup violation  
There is a large setup violation of -1.290 ns between fft_engine/ifft_output_buffer_reg/CLKBWRCLK (clocked by sys_clk_pin) and display/wave_reader/flat_reg[1819]/D (clocked by sys_clk_pin). Large setup violations at the end of those stages might be difficult to fix during the post-placement implementation flow and could be the result of non-optimal XDC constraints or non-optimal design architecture
Related violations: <none>

TIMING-16#283 Warning
Large setup violation  
There is a large setup violation of -1.290 ns between fft_engine/ifft_output_buffer_reg/CLKBWRCLK (clocked by sys_clk_pin) and display/wave_reader/flat_reg[2337]/D (clocked by sys_clk_pin). Large setup violations at the end of those stages might be difficult to fix during the post-placement implementation flow and could be the result of non-optimal XDC constraints or non-optimal design architecture
Related violations: <none>

TIMING-16#284 Warning
Large setup violation  
There is a large setup violation of -1.291 ns between fft_engine/ifft_output_buffer_reg/CLKBWRCLK (clocked by sys_clk_pin) and display/wave_reader/flat_reg[2738]/D (clocked by sys_clk_pin). Large setup violations at the end of those stages might be difficult to fix during the post-placement implementation flow and could be the result of non-optimal XDC constraints or non-optimal design architecture
Related violations: <none>

TIMING-16#285 Warning
Large setup violation  
There is a large setup violation of -1.293 ns between fft_engine/ifft_output_buffer_reg/CLKBWRCLK (clocked by sys_clk_pin) and display/wave_reader/flat_reg[365]/D (clocked by sys_clk_pin). Large setup violations at the end of those stages might be difficult to fix during the post-placement implementation flow and could be the result of non-optimal XDC constraints or non-optimal design architecture
Related violations: <none>

TIMING-16#286 Warning
Large setup violation  
There is a large setup violation of -1.294 ns between fft_engine/ifft_output_buffer_reg/CLKBWRCLK (clocked by sys_clk_pin) and display/wave_reader/flat_reg[1875]/D (clocked by sys_clk_pin). Large setup violations at the end of those stages might be difficult to fix during the post-placement implementation flow and could be the result of non-optimal XDC constraints or non-optimal design architecture
Related violations: <none>

TIMING-16#287 Warning
Large setup violation  
There is a large setup violation of -1.297 ns between fft_engine/ifft_output_buffer_reg/CLKBWRCLK (clocked by sys_clk_pin) and display/wave_reader/flat_reg[59]/D (clocked by sys_clk_pin). Large setup violations at the end of those stages might be difficult to fix during the post-placement implementation flow and could be the result of non-optimal XDC constraints or non-optimal design architecture
Related violations: <none>

TIMING-16#288 Warning
Large setup violation  
There is a large setup violation of -1.302 ns between fft_engine/ifft_output_buffer_reg/CLKBWRCLK (clocked by sys_clk_pin) and display/wave_reader/flat_reg[2349]/D (clocked by sys_clk_pin). Large setup violations at the end of those stages might be difficult to fix during the post-placement implementation flow and could be the result of non-optimal XDC constraints or non-optimal design architecture
Related violations: <none>

TIMING-16#289 Warning
Large setup violation  
There is a large setup violation of -1.302 ns between fft_engine/ifft_output_buffer_reg/CLKBWRCLK (clocked by sys_clk_pin) and display/wave_reader/flat_reg[3859]/D (clocked by sys_clk_pin). Large setup violations at the end of those stages might be difficult to fix during the post-placement implementation flow and could be the result of non-optimal XDC constraints or non-optimal design architecture
Related violations: <none>

TIMING-16#290 Warning
Large setup violation  
There is a large setup violation of -1.304 ns between fft_engine/ifft_output_buffer_reg/CLKBWRCLK (clocked by sys_clk_pin) and display/wave_reader/flat_reg[2410]/D (clocked by sys_clk_pin). Large setup violations at the end of those stages might be difficult to fix during the post-placement implementation flow and could be the result of non-optimal XDC constraints or non-optimal design architecture
Related violations: <none>

TIMING-16#291 Warning
Large setup violation  
There is a large setup violation of -1.305 ns between fft_engine/ifft_output_buffer_reg/CLKBWRCLK (clocked by sys_clk_pin) and display/wave_reader/flat_reg[1977]/D (clocked by sys_clk_pin). Large setup violations at the end of those stages might be difficult to fix during the post-placement implementation flow and could be the result of non-optimal XDC constraints or non-optimal design architecture
Related violations: <none>

TIMING-16#292 Warning
Large setup violation  
There is a large setup violation of -1.305 ns between fft_engine/ifft_output_buffer_reg/CLKBWRCLK (clocked by sys_clk_pin) and display/wave_reader/flat_reg[2105]/D (clocked by sys_clk_pin). Large setup violations at the end of those stages might be difficult to fix during the post-placement implementation flow and could be the result of non-optimal XDC constraints or non-optimal design architecture
Related violations: <none>

TIMING-16#293 Warning
Large setup violation  
There is a large setup violation of -1.307 ns between fft_engine/ifft_output_buffer_reg/CLKBWRCLK (clocked by sys_clk_pin) and display/wave_reader/flat_reg[2461]/D (clocked by sys_clk_pin). Large setup violations at the end of those stages might be difficult to fix during the post-placement implementation flow and could be the result of non-optimal XDC constraints or non-optimal design architecture
Related violations: <none>

TIMING-16#294 Warning
Large setup violation  
There is a large setup violation of -1.307 ns between fft_engine/ifft_output_buffer_reg/CLKBWRCLK (clocked by sys_clk_pin) and display/wave_reader/flat_reg[568]/D (clocked by sys_clk_pin). Large setup violations at the end of those stages might be difficult to fix during the post-placement implementation flow and could be the result of non-optimal XDC constraints or non-optimal design architecture
Related violations: <none>

TIMING-16#295 Warning
Large setup violation  
There is a large setup violation of -1.308 ns between display/wave_reader/i_reg[6]_rep__9/C (clocked by sys_clk_pin) and display/wave_reader/flat_reg[3375]/CE (clocked by sys_clk_pin). Large setup violations at the end of those stages might be difficult to fix during the post-placement implementation flow and could be the result of non-optimal XDC constraints or non-optimal design architecture
Related violations: <none>

TIMING-16#296 Warning
Large setup violation  
There is a large setup violation of -1.309 ns between fft_engine/ifft_output_buffer_reg/CLKBWRCLK (clocked by sys_clk_pin) and display/wave_reader/flat_reg[3610]/D (clocked by sys_clk_pin). Large setup violations at the end of those stages might be difficult to fix during the post-placement implementation flow and could be the result of non-optimal XDC constraints or non-optimal design architecture
Related violations: <none>

TIMING-16#297 Warning
Large setup violation  
There is a large setup violation of -1.310 ns between fft_engine/ifft_output_buffer_reg/CLKBWRCLK (clocked by sys_clk_pin) and display/wave_reader/flat_reg[558]/D (clocked by sys_clk_pin). Large setup violations at the end of those stages might be difficult to fix during the post-placement implementation flow and could be the result of non-optimal XDC constraints or non-optimal design architecture
Related violations: <none>

TIMING-16#298 Warning
Large setup violation  
There is a large setup violation of -1.312 ns between fft_engine/ifft_output_buffer_reg/CLKBWRCLK (clocked by sys_clk_pin) and display/wave_reader/flat_reg[2107]/D (clocked by sys_clk_pin). Large setup violations at the end of those stages might be difficult to fix during the post-placement implementation flow and could be the result of non-optimal XDC constraints or non-optimal design architecture
Related violations: <none>

TIMING-16#299 Warning
Large setup violation  
There is a large setup violation of -1.314 ns between fft_engine/ifft_output_buffer_reg/CLKBWRCLK (clocked by sys_clk_pin) and display/wave_reader/flat_reg[3886]/D (clocked by sys_clk_pin). Large setup violations at the end of those stages might be difficult to fix during the post-placement implementation flow and could be the result of non-optimal XDC constraints or non-optimal design architecture
Related violations: <none>

TIMING-16#300 Warning
Large setup violation  
There is a large setup violation of -1.316 ns between fft_engine/ifft_output_buffer_reg/CLKBWRCLK (clocked by sys_clk_pin) and display/wave_reader/flat_reg[2403]/D (clocked by sys_clk_pin). Large setup violations at the end of those stages might be difficult to fix during the post-placement implementation flow and could be the result of non-optimal XDC constraints or non-optimal design architecture
Related violations: <none>

TIMING-16#301 Warning
Large setup violation  
There is a large setup violation of -1.319 ns between fft_engine/ifft_output_buffer_reg/CLKBWRCLK (clocked by sys_clk_pin) and display/wave_reader/flat_reg[2395]/D (clocked by sys_clk_pin). Large setup violations at the end of those stages might be difficult to fix during the post-placement implementation flow and could be the result of non-optimal XDC constraints or non-optimal design architecture
Related violations: <none>

TIMING-16#302 Warning
Large setup violation  
There is a large setup violation of -1.320 ns between fft_engine/ifft_output_buffer_reg/CLKBWRCLK (clocked by sys_clk_pin) and display/wave_reader/flat_reg[3870]/D (clocked by sys_clk_pin). Large setup violations at the end of those stages might be difficult to fix during the post-placement implementation flow and could be the result of non-optimal XDC constraints or non-optimal design architecture
Related violations: <none>

TIMING-16#303 Warning
Large setup violation  
There is a large setup violation of -1.321 ns between fft_engine/ifft_output_buffer_reg/CLKBWRCLK (clocked by sys_clk_pin) and display/wave_reader/flat_reg[1038]/D (clocked by sys_clk_pin). Large setup violations at the end of those stages might be difficult to fix during the post-placement implementation flow and could be the result of non-optimal XDC constraints or non-optimal design architecture
Related violations: <none>

TIMING-16#304 Warning
Large setup violation  
There is a large setup violation of -1.321 ns between fft_engine/ifft_output_buffer_reg/CLKBWRCLK (clocked by sys_clk_pin) and display/wave_reader/flat_reg[2882]/D (clocked by sys_clk_pin). Large setup violations at the end of those stages might be difficult to fix during the post-placement implementation flow and could be the result of non-optimal XDC constraints or non-optimal design architecture
Related violations: <none>

TIMING-16#305 Warning
Large setup violation  
There is a large setup violation of -1.322 ns between fft_engine/ifft_output_buffer_reg/CLKBWRCLK (clocked by sys_clk_pin) and display/wave_reader/flat_reg[799]/D (clocked by sys_clk_pin). Large setup violations at the end of those stages might be difficult to fix during the post-placement implementation flow and could be the result of non-optimal XDC constraints or non-optimal design architecture
Related violations: <none>

TIMING-16#306 Warning
Large setup violation  
There is a large setup violation of -1.324 ns between display/wave_reader/i_reg[1]/C (clocked by sys_clk_pin) and display/wave_reader/flat_reg[2596]/D (clocked by sys_clk_pin). Large setup violations at the end of those stages might be difficult to fix during the post-placement implementation flow and could be the result of non-optimal XDC constraints or non-optimal design architecture
Related violations: <none>

TIMING-16#307 Warning
Large setup violation  
There is a large setup violation of -1.324 ns between fft_engine/ifft_output_buffer_reg/CLKBWRCLK (clocked by sys_clk_pin) and display/wave_reader/flat_reg[1420]/D (clocked by sys_clk_pin). Large setup violations at the end of those stages might be difficult to fix during the post-placement implementation flow and could be the result of non-optimal XDC constraints or non-optimal design architecture
Related violations: <none>

TIMING-16#308 Warning
Large setup violation  
There is a large setup violation of -1.326 ns between fft_engine/ifft_output_buffer_reg/CLKBWRCLK (clocked by sys_clk_pin) and display/wave_reader/flat_reg[2406]/D (clocked by sys_clk_pin). Large setup violations at the end of those stages might be difficult to fix during the post-placement implementation flow and could be the result of non-optimal XDC constraints or non-optimal design architecture
Related violations: <none>

TIMING-16#309 Warning
Large setup violation  
There is a large setup violation of -1.326 ns between fft_engine/ifft_output_buffer_reg/CLKBWRCLK (clocked by sys_clk_pin) and display/wave_reader/flat_reg[3257]/D (clocked by sys_clk_pin). Large setup violations at the end of those stages might be difficult to fix during the post-placement implementation flow and could be the result of non-optimal XDC constraints or non-optimal design architecture
Related violations: <none>

TIMING-16#310 Warning
Large setup violation  
There is a large setup violation of -1.326 ns between fft_engine/ifft_output_buffer_reg/CLKBWRCLK (clocked by sys_clk_pin) and display/wave_reader/flat_reg[3630]/D (clocked by sys_clk_pin). Large setup violations at the end of those stages might be difficult to fix during the post-placement implementation flow and could be the result of non-optimal XDC constraints or non-optimal design architecture
Related violations: <none>

TIMING-16#311 Warning
Large setup violation  
There is a large setup violation of -1.328 ns between fft_engine/ifft_output_buffer_reg/CLKBWRCLK (clocked by sys_clk_pin) and display/wave_reader/flat_reg[3963]/D (clocked by sys_clk_pin). Large setup violations at the end of those stages might be difficult to fix during the post-placement implementation flow and could be the result of non-optimal XDC constraints or non-optimal design architecture
Related violations: <none>

TIMING-16#312 Warning
Large setup violation  
There is a large setup violation of -1.329 ns between fft_engine/ifft_output_buffer_reg/CLKBWRCLK (clocked by sys_clk_pin) and display/wave_reader/flat_reg[302]/D (clocked by sys_clk_pin). Large setup violations at the end of those stages might be difficult to fix during the post-placement implementation flow and could be the result of non-optimal XDC constraints or non-optimal design architecture
Related violations: <none>

TIMING-16#313 Warning
Large setup violation  
There is a large setup violation of -1.330 ns between fft_engine/ifft_output_buffer_reg/CLKBWRCLK (clocked by sys_clk_pin) and display/wave_reader/flat_reg[2883]/D (clocked by sys_clk_pin). Large setup violations at the end of those stages might be difficult to fix during the post-placement implementation flow and could be the result of non-optimal XDC constraints or non-optimal design architecture
Related violations: <none>

TIMING-16#314 Warning
Large setup violation  
There is a large setup violation of -1.333 ns between fft_engine/ifft_output_buffer_reg/CLKBWRCLK (clocked by sys_clk_pin) and display/wave_reader/flat_reg[315]/D (clocked by sys_clk_pin). Large setup violations at the end of those stages might be difficult to fix during the post-placement implementation flow and could be the result of non-optimal XDC constraints or non-optimal design architecture
Related violations: <none>

TIMING-16#315 Warning
Large setup violation  
There is a large setup violation of -1.334 ns between fft_engine/ifft_output_buffer_reg/CLKBWRCLK (clocked by sys_clk_pin) and display/wave_reader/flat_reg[1282]/D (clocked by sys_clk_pin). Large setup violations at the end of those stages might be difficult to fix during the post-placement implementation flow and could be the result of non-optimal XDC constraints or non-optimal design architecture
Related violations: <none>

TIMING-16#316 Warning
Large setup violation  
There is a large setup violation of -1.340 ns between fft_engine/ifft_output_buffer_reg/CLKBWRCLK (clocked by sys_clk_pin) and display/wave_reader/flat_reg[440]/D (clocked by sys_clk_pin). Large setup violations at the end of those stages might be difficult to fix during the post-placement implementation flow and could be the result of non-optimal XDC constraints or non-optimal design architecture
Related violations: <none>

TIMING-16#317 Warning
Large setup violation  
There is a large setup violation of -1.342 ns between fft_engine/ifft_output_buffer_reg/CLKBWRCLK (clocked by sys_clk_pin) and display/wave_reader/flat_reg[56]/D (clocked by sys_clk_pin). Large setup violations at the end of those stages might be difficult to fix during the post-placement implementation flow and could be the result of non-optimal XDC constraints or non-optimal design architecture
Related violations: <none>

TIMING-16#318 Warning
Large setup violation  
There is a large setup violation of -1.345 ns between fft_engine/ifft_output_buffer_reg/CLKBWRCLK (clocked by sys_clk_pin) and display/wave_reader/flat_reg[1583]/D (clocked by sys_clk_pin). Large setup violations at the end of those stages might be difficult to fix during the post-placement implementation flow and could be the result of non-optimal XDC constraints or non-optimal design architecture
Related violations: <none>

TIMING-16#319 Warning
Large setup violation  
There is a large setup violation of -1.345 ns between fft_engine/ifft_output_buffer_reg/CLKBWRCLK (clocked by sys_clk_pin) and display/wave_reader/flat_reg[2078]/D (clocked by sys_clk_pin). Large setup violations at the end of those stages might be difficult to fix during the post-placement implementation flow and could be the result of non-optimal XDC constraints or non-optimal design architecture
Related violations: <none>

TIMING-16#320 Warning
Large setup violation  
There is a large setup violation of -1.350 ns between fft_engine/ifft_output_buffer_reg/CLKBWRCLK (clocked by sys_clk_pin) and display/wave_reader/flat_reg[573]/D (clocked by sys_clk_pin). Large setup violations at the end of those stages might be difficult to fix during the post-placement implementation flow and could be the result of non-optimal XDC constraints or non-optimal design architecture
Related violations: <none>

TIMING-16#321 Warning
Large setup violation  
There is a large setup violation of -1.354 ns between fft_engine/ifft_output_buffer_reg/CLKBWRCLK (clocked by sys_clk_pin) and display/wave_reader/flat_reg[606]/D (clocked by sys_clk_pin). Large setup violations at the end of those stages might be difficult to fix during the post-placement implementation flow and could be the result of non-optimal XDC constraints or non-optimal design architecture
Related violations: <none>

TIMING-16#322 Warning
Large setup violation  
There is a large setup violation of -1.355 ns between fft_engine/ifft_output_buffer_reg/CLKBWRCLK (clocked by sys_clk_pin) and display/wave_reader/flat_reg[3390]/D (clocked by sys_clk_pin). Large setup violations at the end of those stages might be difficult to fix during the post-placement implementation flow and could be the result of non-optimal XDC constraints or non-optimal design architecture
Related violations: <none>

TIMING-16#323 Warning
Large setup violation  
There is a large setup violation of -1.356 ns between fft_engine/ifft_output_buffer_reg/CLKBWRCLK (clocked by sys_clk_pin) and display/wave_reader/flat_reg[4030]/D (clocked by sys_clk_pin). Large setup violations at the end of those stages might be difficult to fix during the post-placement implementation flow and could be the result of non-optimal XDC constraints or non-optimal design architecture
Related violations: <none>

TIMING-16#324 Warning
Large setup violation  
There is a large setup violation of -1.356 ns between fft_engine/ifft_output_buffer_reg/CLKBWRCLK (clocked by sys_clk_pin) and display/wave_reader/flat_reg[446]/D (clocked by sys_clk_pin). Large setup violations at the end of those stages might be difficult to fix during the post-placement implementation flow and could be the result of non-optimal XDC constraints or non-optimal design architecture
Related violations: <none>

TIMING-16#325 Warning
Large setup violation  
There is a large setup violation of -1.358 ns between fft_engine/ifft_output_buffer_reg/CLKBWRCLK (clocked by sys_clk_pin) and display/wave_reader/flat_reg[1846]/D (clocked by sys_clk_pin). Large setup violations at the end of those stages might be difficult to fix during the post-placement implementation flow and could be the result of non-optimal XDC constraints or non-optimal design architecture
Related violations: <none>

TIMING-16#326 Warning
Large setup violation  
There is a large setup violation of -1.359 ns between fft_engine/ifft_output_buffer_reg/CLKBWRCLK (clocked by sys_clk_pin) and display/wave_reader/flat_reg[814]/D (clocked by sys_clk_pin). Large setup violations at the end of those stages might be difficult to fix during the post-placement implementation flow and could be the result of non-optimal XDC constraints or non-optimal design architecture
Related violations: <none>

TIMING-16#327 Warning
Large setup violation  
There is a large setup violation of -1.360 ns between fft_engine/ifft_output_buffer_reg/CLKBWRCLK (clocked by sys_clk_pin) and display/wave_reader/flat_reg[1477]/D (clocked by sys_clk_pin). Large setup violations at the end of those stages might be difficult to fix during the post-placement implementation flow and could be the result of non-optimal XDC constraints or non-optimal design architecture
Related violations: <none>

TIMING-16#328 Warning
Large setup violation  
There is a large setup violation of -1.360 ns between fft_engine/ifft_output_buffer_reg/CLKBWRCLK (clocked by sys_clk_pin) and display/wave_reader/flat_reg[338]/D (clocked by sys_clk_pin). Large setup violations at the end of those stages might be difficult to fix during the post-placement implementation flow and could be the result of non-optimal XDC constraints or non-optimal design architecture
Related violations: <none>

TIMING-16#329 Warning
Large setup violation  
There is a large setup violation of -1.361 ns between fft_engine/ifft_output_buffer_reg/CLKBWRCLK (clocked by sys_clk_pin) and display/wave_reader/flat_reg[2125]/D (clocked by sys_clk_pin). Large setup violations at the end of those stages might be difficult to fix during the post-placement implementation flow and could be the result of non-optimal XDC constraints or non-optimal design architecture
Related violations: <none>

TIMING-16#330 Warning
Large setup violation  
There is a large setup violation of -1.363 ns between fft_engine/ifft_output_buffer_reg/CLKBWRCLK (clocked by sys_clk_pin) and display/wave_reader/flat_reg[3481]/D (clocked by sys_clk_pin). Large setup violations at the end of those stages might be difficult to fix during the post-placement implementation flow and could be the result of non-optimal XDC constraints or non-optimal design architecture
Related violations: <none>

TIMING-16#331 Warning
Large setup violation  
There is a large setup violation of -1.363 ns between fft_engine/ifft_output_buffer_reg/CLKBWRCLK (clocked by sys_clk_pin) and display/wave_reader/flat_reg[62]/D (clocked by sys_clk_pin). Large setup violations at the end of those stages might be difficult to fix during the post-placement implementation flow and could be the result of non-optimal XDC constraints or non-optimal design architecture
Related violations: <none>

TIMING-16#332 Warning
Large setup violation  
There is a large setup violation of -1.364 ns between fft_engine/ifft_output_buffer_reg/CLKBWRCLK (clocked by sys_clk_pin) and display/wave_reader/flat_reg[342]/D (clocked by sys_clk_pin). Large setup violations at the end of those stages might be difficult to fix during the post-placement implementation flow and could be the result of non-optimal XDC constraints or non-optimal design architecture
Related violations: <none>

TIMING-16#333 Warning
Large setup violation  
There is a large setup violation of -1.366 ns between fft_engine/ifft_output_buffer_reg/CLKBWRCLK (clocked by sys_clk_pin) and display/wave_reader/flat_reg[3096]/D (clocked by sys_clk_pin). Large setup violations at the end of those stages might be difficult to fix during the post-placement implementation flow and could be the result of non-optimal XDC constraints or non-optimal design architecture
Related violations: <none>

TIMING-16#334 Warning
Large setup violation  
There is a large setup violation of -1.367 ns between fft_engine/ifft_output_buffer_reg/CLKBWRCLK (clocked by sys_clk_pin) and display/wave_reader/flat_reg[2092]/D (clocked by sys_clk_pin). Large setup violations at the end of those stages might be difficult to fix during the post-placement implementation flow and could be the result of non-optimal XDC constraints or non-optimal design architecture
Related violations: <none>

TIMING-16#335 Warning
Large setup violation  
There is a large setup violation of -1.371 ns between fft_engine/ifft_output_buffer_reg/CLKBWRCLK (clocked by sys_clk_pin) and display/wave_reader/flat_reg[443]/D (clocked by sys_clk_pin). Large setup violations at the end of those stages might be difficult to fix during the post-placement implementation flow and could be the result of non-optimal XDC constraints or non-optimal design architecture
Related violations: <none>

TIMING-16#336 Warning
Large setup violation  
There is a large setup violation of -1.373 ns between fft_engine/ifft_output_buffer_reg/CLKBWRCLK (clocked by sys_clk_pin) and display/wave_reader/flat_reg[1837]/D (clocked by sys_clk_pin). Large setup violations at the end of those stages might be difficult to fix during the post-placement implementation flow and could be the result of non-optimal XDC constraints or non-optimal design architecture
Related violations: <none>

TIMING-16#337 Warning
Large setup violation  
There is a large setup violation of -1.374 ns between fft_engine/ifft_output_buffer_reg/CLKBWRCLK (clocked by sys_clk_pin) and display/wave_reader/flat_reg[860]/D (clocked by sys_clk_pin). Large setup violations at the end of those stages might be difficult to fix during the post-placement implementation flow and could be the result of non-optimal XDC constraints or non-optimal design architecture
Related violations: <none>

TIMING-16#338 Warning
Large setup violation  
There is a large setup violation of -1.377 ns between fft_engine/ifft_output_buffer_reg/CLKBWRCLK (clocked by sys_clk_pin) and display/wave_reader/flat_reg[2859]/D (clocked by sys_clk_pin). Large setup violations at the end of those stages might be difficult to fix during the post-placement implementation flow and could be the result of non-optimal XDC constraints or non-optimal design architecture
Related violations: <none>

TIMING-16#339 Warning
Large setup violation  
There is a large setup violation of -1.381 ns between fft_engine/ifft_output_buffer_reg/CLKBWRCLK (clocked by sys_clk_pin) and display/wave_reader/flat_reg[3597]/D (clocked by sys_clk_pin). Large setup violations at the end of those stages might be difficult to fix during the post-placement implementation flow and could be the result of non-optimal XDC constraints or non-optimal design architecture
Related violations: <none>

TIMING-16#340 Warning
Large setup violation  
There is a large setup violation of -1.391 ns between fft_engine/ifft_output_buffer_reg/CLKBWRCLK (clocked by sys_clk_pin) and display/wave_reader/flat_reg[561]/D (clocked by sys_clk_pin). Large setup violations at the end of those stages might be difficult to fix during the post-placement implementation flow and could be the result of non-optimal XDC constraints or non-optimal design architecture
Related violations: <none>

TIMING-16#341 Warning
Large setup violation  
There is a large setup violation of -1.393 ns between fft_engine/ifft_output_buffer_reg/CLKBWRCLK (clocked by sys_clk_pin) and display/wave_reader/flat_reg[1086]/D (clocked by sys_clk_pin). Large setup violations at the end of those stages might be difficult to fix during the post-placement implementation flow and could be the result of non-optimal XDC constraints or non-optimal design architecture
Related violations: <none>

TIMING-16#342 Warning
Large setup violation  
There is a large setup violation of -1.398 ns between fft_engine/ifft_output_buffer_reg/CLKBWRCLK (clocked by sys_clk_pin) and display/wave_reader/flat_reg[358]/D (clocked by sys_clk_pin). Large setup violations at the end of those stages might be difficult to fix during the post-placement implementation flow and could be the result of non-optimal XDC constraints or non-optimal design architecture
Related violations: <none>

TIMING-16#343 Warning
Large setup violation  
There is a large setup violation of -1.398 ns between fft_engine/ifft_output_buffer_reg/CLKBWRCLK (clocked by sys_clk_pin) and display/wave_reader/flat_reg[3631]/D (clocked by sys_clk_pin). Large setup violations at the end of those stages might be difficult to fix during the post-placement implementation flow and could be the result of non-optimal XDC constraints or non-optimal design architecture
Related violations: <none>

TIMING-16#344 Warning
Large setup violation  
There is a large setup violation of -1.400 ns between fft_engine/ifft_output_buffer_reg/CLKBWRCLK (clocked by sys_clk_pin) and display/wave_reader/flat_reg[1578]/D (clocked by sys_clk_pin). Large setup violations at the end of those stages might be difficult to fix during the post-placement implementation flow and could be the result of non-optimal XDC constraints or non-optimal design architecture
Related violations: <none>

TIMING-16#345 Warning
Large setup violation  
There is a large setup violation of -1.401 ns between fft_engine/ifft_output_buffer_reg/CLKBWRCLK (clocked by sys_clk_pin) and display/wave_reader/flat_reg[1590]/D (clocked by sys_clk_pin). Large setup violations at the end of those stages might be difficult to fix during the post-placement implementation flow and could be the result of non-optimal XDC constraints or non-optimal design architecture
Related violations: <none>

TIMING-16#346 Warning
Large setup violation  
There is a large setup violation of -1.402 ns between fft_engine/ifft_output_buffer_reg/CLKBWRCLK (clocked by sys_clk_pin) and display/wave_reader/flat_reg[1851]/D (clocked by sys_clk_pin). Large setup violations at the end of those stages might be difficult to fix during the post-placement implementation flow and could be the result of non-optimal XDC constraints or non-optimal design architecture
Related violations: <none>

TIMING-16#347 Warning
Large setup violation  
There is a large setup violation of -1.403 ns between fft_engine/ifft_output_buffer_reg/CLKBWRCLK (clocked by sys_clk_pin) and display/wave_reader/flat_reg[2089]/D (clocked by sys_clk_pin). Large setup violations at the end of those stages might be difficult to fix during the post-placement implementation flow and could be the result of non-optimal XDC constraints or non-optimal design architecture
Related violations: <none>

TIMING-16#348 Warning
Large setup violation  
There is a large setup violation of -1.404 ns between fft_engine/ifft_output_buffer_reg/CLKBWRCLK (clocked by sys_clk_pin) and display/wave_reader/flat_reg[834]/D (clocked by sys_clk_pin). Large setup violations at the end of those stages might be difficult to fix during the post-placement implementation flow and could be the result of non-optimal XDC constraints or non-optimal design architecture
Related violations: <none>

TIMING-16#349 Warning
Large setup violation  
There is a large setup violation of -1.406 ns between fft_engine/ifft_output_buffer_reg/CLKBWRCLK (clocked by sys_clk_pin) and display/wave_reader/flat_reg[1592]/D (clocked by sys_clk_pin). Large setup violations at the end of those stages might be difficult to fix during the post-placement implementation flow and could be the result of non-optimal XDC constraints or non-optimal design architecture
Related violations: <none>

TIMING-16#350 Warning
Large setup violation  
There is a large setup violation of -1.406 ns between fft_engine/ifft_output_buffer_reg/CLKBWRCLK (clocked by sys_clk_pin) and display/wave_reader/flat_reg[1873]/D (clocked by sys_clk_pin). Large setup violations at the end of those stages might be difficult to fix during the post-placement implementation flow and could be the result of non-optimal XDC constraints or non-optimal design architecture
Related violations: <none>

TIMING-16#351 Warning
Large setup violation  
There is a large setup violation of -1.406 ns between fft_engine/ifft_output_buffer_reg/CLKBWRCLK (clocked by sys_clk_pin) and display/wave_reader/flat_reg[2226]/D (clocked by sys_clk_pin). Large setup violations at the end of those stages might be difficult to fix during the post-placement implementation flow and could be the result of non-optimal XDC constraints or non-optimal design architecture
Related violations: <none>

TIMING-16#352 Warning
Large setup violation  
There is a large setup violation of -1.407 ns between fft_engine/ifft_output_buffer_reg/CLKBWRCLK (clocked by sys_clk_pin) and display/wave_reader/flat_reg[1048]/D (clocked by sys_clk_pin). Large setup violations at the end of those stages might be difficult to fix during the post-placement implementation flow and could be the result of non-optimal XDC constraints or non-optimal design architecture
Related violations: <none>

TIMING-16#353 Warning
Large setup violation  
There is a large setup violation of -1.409 ns between fft_engine/ifft_output_buffer_reg/CLKBWRCLK (clocked by sys_clk_pin) and display/wave_reader/flat_reg[3692]/D (clocked by sys_clk_pin). Large setup violations at the end of those stages might be difficult to fix during the post-placement implementation flow and could be the result of non-optimal XDC constraints or non-optimal design architecture
Related violations: <none>

TIMING-16#354 Warning
Large setup violation  
There is a large setup violation of -1.410 ns between fft_engine/ifft_output_buffer_reg/CLKBWRCLK (clocked by sys_clk_pin) and display/wave_reader/flat_reg[3517]/D (clocked by sys_clk_pin). Large setup violations at the end of those stages might be difficult to fix during the post-placement implementation flow and could be the result of non-optimal XDC constraints or non-optimal design architecture
Related violations: <none>

TIMING-16#355 Warning
Large setup violation  
There is a large setup violation of -1.412 ns between fft_engine/ifft_output_buffer_reg/CLKBWRCLK (clocked by sys_clk_pin) and display/wave_reader/flat_reg[1902]/D (clocked by sys_clk_pin). Large setup violations at the end of those stages might be difficult to fix during the post-placement implementation flow and could be the result of non-optimal XDC constraints or non-optimal design architecture
Related violations: <none>

TIMING-16#356 Warning
Large setup violation  
There is a large setup violation of -1.412 ns between fft_engine/ifft_output_buffer_reg/CLKBWRCLK (clocked by sys_clk_pin) and display/wave_reader/flat_reg[2339]/D (clocked by sys_clk_pin). Large setup violations at the end of those stages might be difficult to fix during the post-placement implementation flow and could be the result of non-optimal XDC constraints or non-optimal design architecture
Related violations: <none>

TIMING-16#357 Warning
Large setup violation  
There is a large setup violation of -1.421 ns between fft_engine/ifft_output_buffer_reg/CLKBWRCLK (clocked by sys_clk_pin) and display/wave_reader/flat_reg[940]/D (clocked by sys_clk_pin). Large setup violations at the end of those stages might be difficult to fix during the post-placement implementation flow and could be the result of non-optimal XDC constraints or non-optimal design architecture
Related violations: <none>

TIMING-16#358 Warning
Large setup violation  
There is a large setup violation of -1.422 ns between fft_engine/ifft_output_buffer_reg/CLKBWRCLK (clocked by sys_clk_pin) and display/wave_reader/flat_reg[2495]/D (clocked by sys_clk_pin). Large setup violations at the end of those stages might be difficult to fix during the post-placement implementation flow and could be the result of non-optimal XDC constraints or non-optimal design architecture
Related violations: <none>

TIMING-16#359 Warning
Large setup violation  
There is a large setup violation of -1.424 ns between fft_engine/ifft_output_buffer_reg/CLKBWRCLK (clocked by sys_clk_pin) and display/wave_reader/flat_reg[2847]/D (clocked by sys_clk_pin). Large setup violations at the end of those stages might be difficult to fix during the post-placement implementation flow and could be the result of non-optimal XDC constraints or non-optimal design architecture
Related violations: <none>

TIMING-16#360 Warning
Large setup violation  
There is a large setup violation of -1.425 ns between fft_engine/ifft_output_buffer_reg/CLKBWRCLK (clocked by sys_clk_pin) and display/wave_reader/flat_reg[1390]/D (clocked by sys_clk_pin). Large setup violations at the end of those stages might be difficult to fix during the post-placement implementation flow and could be the result of non-optimal XDC constraints or non-optimal design architecture
Related violations: <none>

TIMING-16#361 Warning
Large setup violation  
There is a large setup violation of -1.426 ns between fft_engine/ifft_output_buffer_reg/CLKBWRCLK (clocked by sys_clk_pin) and display/wave_reader/flat_reg[1714]/D (clocked by sys_clk_pin). Large setup violations at the end of those stages might be difficult to fix during the post-placement implementation flow and could be the result of non-optimal XDC constraints or non-optimal design architecture
Related violations: <none>

TIMING-16#362 Warning
Large setup violation  
There is a large setup violation of -1.426 ns between fft_engine/ifft_output_buffer_reg/CLKBWRCLK (clocked by sys_clk_pin) and display/wave_reader/flat_reg[3388]/D (clocked by sys_clk_pin). Large setup violations at the end of those stages might be difficult to fix during the post-placement implementation flow and could be the result of non-optimal XDC constraints or non-optimal design architecture
Related violations: <none>

TIMING-16#363 Warning
Large setup violation  
There is a large setup violation of -1.426 ns between fft_engine/ifft_output_buffer_reg/CLKBWRCLK (clocked by sys_clk_pin) and display/wave_reader/flat_reg[4022]/D (clocked by sys_clk_pin). Large setup violations at the end of those stages might be difficult to fix during the post-placement implementation flow and could be the result of non-optimal XDC constraints or non-optimal design architecture
Related violations: <none>

TIMING-16#364 Warning
Large setup violation  
There is a large setup violation of -1.430 ns between fft_engine/ifft_output_buffer_reg/CLKBWRCLK (clocked by sys_clk_pin) and display/wave_reader/flat_reg[289]/D (clocked by sys_clk_pin). Large setup violations at the end of those stages might be difficult to fix during the post-placement implementation flow and could be the result of non-optimal XDC constraints or non-optimal design architecture
Related violations: <none>

TIMING-16#365 Warning
Large setup violation  
There is a large setup violation of -1.432 ns between fft_engine/ifft_output_buffer_reg/CLKBWRCLK (clocked by sys_clk_pin) and display/wave_reader/flat_reg[1202]/D (clocked by sys_clk_pin). Large setup violations at the end of those stages might be difficult to fix during the post-placement implementation flow and could be the result of non-optimal XDC constraints or non-optimal design architecture
Related violations: <none>

TIMING-16#366 Warning
Large setup violation  
There is a large setup violation of -1.432 ns between fft_engine/ifft_output_buffer_reg/CLKBWRCLK (clocked by sys_clk_pin) and display/wave_reader/flat_reg[3863]/D (clocked by sys_clk_pin). Large setup violations at the end of those stages might be difficult to fix during the post-placement implementation flow and could be the result of non-optimal XDC constraints or non-optimal design architecture
Related violations: <none>

TIMING-16#367 Warning
Large setup violation  
There is a large setup violation of -1.433 ns between fft_engine/ifft_output_buffer_reg/CLKBWRCLK (clocked by sys_clk_pin) and display/wave_reader/flat_reg[1311]/D (clocked by sys_clk_pin). Large setup violations at the end of those stages might be difficult to fix during the post-placement implementation flow and could be the result of non-optimal XDC constraints or non-optimal design architecture
Related violations: <none>

TIMING-16#368 Warning
Large setup violation  
There is a large setup violation of -1.436 ns between fft_engine/ifft_output_buffer_reg/CLKBWRCLK (clocked by sys_clk_pin) and display/wave_reader/flat_reg[1203]/D (clocked by sys_clk_pin). Large setup violations at the end of those stages might be difficult to fix during the post-placement implementation flow and could be the result of non-optimal XDC constraints or non-optimal design architecture
Related violations: <none>

TIMING-16#369 Warning
Large setup violation  
There is a large setup violation of -1.437 ns between fft_engine/ifft_output_buffer_reg/CLKBWRCLK (clocked by sys_clk_pin) and display/wave_reader/flat_reg[274]/D (clocked by sys_clk_pin). Large setup violations at the end of those stages might be difficult to fix during the post-placement implementation flow and could be the result of non-optimal XDC constraints or non-optimal design architecture
Related violations: <none>

TIMING-16#370 Warning
Large setup violation  
There is a large setup violation of -1.439 ns between fft_engine/ifft_output_buffer_reg/CLKBWRCLK (clocked by sys_clk_pin) and display/wave_reader/flat_reg[2350]/D (clocked by sys_clk_pin). Large setup violations at the end of those stages might be difficult to fix during the post-placement implementation flow and could be the result of non-optimal XDC constraints or non-optimal design architecture
Related violations: <none>

TIMING-16#371 Warning
Large setup violation  
There is a large setup violation of -1.439 ns between fft_engine/ifft_output_buffer_reg/CLKBWRCLK (clocked by sys_clk_pin) and display/wave_reader/flat_reg[2390]/D (clocked by sys_clk_pin). Large setup violations at the end of those stages might be difficult to fix during the post-placement implementation flow and could be the result of non-optimal XDC constraints or non-optimal design architecture
Related violations: <none>

TIMING-16#372 Warning
Large setup violation  
There is a large setup violation of -1.439 ns between fft_engine/ifft_output_buffer_reg/CLKBWRCLK (clocked by sys_clk_pin) and display/wave_reader/flat_reg[3249]/D (clocked by sys_clk_pin). Large setup violations at the end of those stages might be difficult to fix during the post-placement implementation flow and could be the result of non-optimal XDC constraints or non-optimal design architecture
Related violations: <none>

TIMING-16#373 Warning
Large setup violation  
There is a large setup violation of -1.439 ns between fft_engine/ifft_output_buffer_reg/CLKBWRCLK (clocked by sys_clk_pin) and display/wave_reader/flat_reg[862]/D (clocked by sys_clk_pin). Large setup violations at the end of those stages might be difficult to fix during the post-placement implementation flow and could be the result of non-optimal XDC constraints or non-optimal design architecture
Related violations: <none>

TIMING-16#374 Warning
Large setup violation  
There is a large setup violation of -1.446 ns between fft_engine/ifft_output_buffer_reg/CLKBWRCLK (clocked by sys_clk_pin) and display/wave_reader/flat_reg[2393]/D (clocked by sys_clk_pin). Large setup violations at the end of those stages might be difficult to fix during the post-placement implementation flow and could be the result of non-optimal XDC constraints or non-optimal design architecture
Related violations: <none>

TIMING-16#375 Warning
Large setup violation  
There is a large setup violation of -1.448 ns between fft_engine/ifft_output_buffer_reg/CLKBWRCLK (clocked by sys_clk_pin) and display/wave_reader/flat_reg[2090]/D (clocked by sys_clk_pin). Large setup violations at the end of those stages might be difficult to fix during the post-placement implementation flow and could be the result of non-optimal XDC constraints or non-optimal design architecture
Related violations: <none>

TIMING-16#376 Warning
Large setup violation  
There is a large setup violation of -1.448 ns between fft_engine/ifft_output_buffer_reg/CLKBWRCLK (clocked by sys_clk_pin) and display/wave_reader/flat_reg[41]/D (clocked by sys_clk_pin). Large setup violations at the end of those stages might be difficult to fix during the post-placement implementation flow and could be the result of non-optimal XDC constraints or non-optimal design architecture
Related violations: <none>

TIMING-16#377 Warning
Large setup violation  
There is a large setup violation of -1.449 ns between fft_engine/ifft_output_buffer_reg/CLKBWRCLK (clocked by sys_clk_pin) and display/wave_reader/flat_reg[362]/D (clocked by sys_clk_pin). Large setup violations at the end of those stages might be difficult to fix during the post-placement implementation flow and could be the result of non-optimal XDC constraints or non-optimal design architecture
Related violations: <none>

TIMING-16#378 Warning
Large setup violation  
There is a large setup violation of -1.450 ns between fft_engine/ifft_output_buffer_reg/CLKBWRCLK (clocked by sys_clk_pin) and display/wave_reader/flat_reg[3510]/D (clocked by sys_clk_pin). Large setup violations at the end of those stages might be difficult to fix during the post-placement implementation flow and could be the result of non-optimal XDC constraints or non-optimal design architecture
Related violations: <none>

TIMING-16#379 Warning
Large setup violation  
There is a large setup violation of -1.450 ns between fft_engine/ifft_output_buffer_reg/CLKBWRCLK (clocked by sys_clk_pin) and display/wave_reader/flat_reg[3923]/D (clocked by sys_clk_pin). Large setup violations at the end of those stages might be difficult to fix during the post-placement implementation flow and could be the result of non-optimal XDC constraints or non-optimal design architecture
Related violations: <none>

TIMING-16#380 Warning
Large setup violation  
There is a large setup violation of -1.456 ns between fft_engine/ifft_output_buffer_reg/CLKBWRCLK (clocked by sys_clk_pin) and display/wave_reader/flat_reg[42]/D (clocked by sys_clk_pin). Large setup violations at the end of those stages might be difficult to fix during the post-placement implementation flow and could be the result of non-optimal XDC constraints or non-optimal design architecture
Related violations: <none>

TIMING-16#381 Warning
Large setup violation  
There is a large setup violation of -1.457 ns between fft_engine/ifft_output_buffer_reg/CLKBWRCLK (clocked by sys_clk_pin) and display/wave_reader/flat_reg[1462]/D (clocked by sys_clk_pin). Large setup violations at the end of those stages might be difficult to fix during the post-placement implementation flow and could be the result of non-optimal XDC constraints or non-optimal design architecture
Related violations: <none>

TIMING-16#382 Warning
Large setup violation  
There is a large setup violation of -1.459 ns between fft_engine/ifft_output_buffer_reg/CLKBWRCLK (clocked by sys_clk_pin) and display/wave_reader/flat_reg[3950]/D (clocked by sys_clk_pin). Large setup violations at the end of those stages might be difficult to fix during the post-placement implementation flow and could be the result of non-optimal XDC constraints or non-optimal design architecture
Related violations: <none>

TIMING-16#383 Warning
Large setup violation  
There is a large setup violation of -1.461 ns between fft_engine/ifft_output_buffer_reg/CLKBWRCLK (clocked by sys_clk_pin) and display/wave_reader/flat_reg[3638]/D (clocked by sys_clk_pin). Large setup violations at the end of those stages might be difficult to fix during the post-placement implementation flow and could be the result of non-optimal XDC constraints or non-optimal design architecture
Related violations: <none>

TIMING-16#384 Warning
Large setup violation  
There is a large setup violation of -1.462 ns between fft_engine/ifft_output_buffer_reg/CLKBWRCLK (clocked by sys_clk_pin) and display/wave_reader/flat_reg[1078]/D (clocked by sys_clk_pin). Large setup violations at the end of those stages might be difficult to fix during the post-placement implementation flow and could be the result of non-optimal XDC constraints or non-optimal design architecture
Related violations: <none>

TIMING-16#385 Warning
Large setup violation  
There is a large setup violation of -1.462 ns between fft_engine/ifft_output_buffer_reg/CLKBWRCLK (clocked by sys_clk_pin) and display/wave_reader/flat_reg[3086]/D (clocked by sys_clk_pin). Large setup violations at the end of those stages might be difficult to fix during the post-placement implementation flow and could be the result of non-optimal XDC constraints or non-optimal design architecture
Related violations: <none>

TIMING-16#386 Warning
Large setup violation  
There is a large setup violation of -1.471 ns between fft_engine/ifft_output_buffer_reg/CLKBWRCLK (clocked by sys_clk_pin) and display/wave_reader/flat_reg[1821]/D (clocked by sys_clk_pin). Large setup violations at the end of those stages might be difficult to fix during the post-placement implementation flow and could be the result of non-optimal XDC constraints or non-optimal design architecture
Related violations: <none>

TIMING-16#387 Warning
Large setup violation  
There is a large setup violation of -1.478 ns between fft_engine/ifft_output_buffer_reg/CLKBWRCLK (clocked by sys_clk_pin) and display/wave_reader/flat_reg[3885]/D (clocked by sys_clk_pin). Large setup violations at the end of those stages might be difficult to fix during the post-placement implementation flow and could be the result of non-optimal XDC constraints or non-optimal design architecture
Related violations: <none>

TIMING-16#388 Warning
Large setup violation  
There is a large setup violation of -1.479 ns between fft_engine/ifft_output_buffer_reg/CLKBWRCLK (clocked by sys_clk_pin) and display/wave_reader/flat_reg[2988]/D (clocked by sys_clk_pin). Large setup violations at the end of those stages might be difficult to fix during the post-placement implementation flow and could be the result of non-optimal XDC constraints or non-optimal design architecture
Related violations: <none>

TIMING-16#389 Warning
Large setup violation  
There is a large setup violation of -1.481 ns between fft_engine/ifft_output_buffer_reg/CLKBWRCLK (clocked by sys_clk_pin) and display/wave_reader/flat_reg[2413]/D (clocked by sys_clk_pin). Large setup violations at the end of those stages might be difficult to fix during the post-placement implementation flow and could be the result of non-optimal XDC constraints or non-optimal design architecture
Related violations: <none>

TIMING-16#390 Warning
Large setup violation  
There is a large setup violation of -1.491 ns between fft_engine/ifft_output_buffer_reg/CLKBWRCLK (clocked by sys_clk_pin) and display/wave_reader/flat_reg[447]/D (clocked by sys_clk_pin). Large setup violations at the end of those stages might be difficult to fix during the post-placement implementation flow and could be the result of non-optimal XDC constraints or non-optimal design architecture
Related violations: <none>

TIMING-16#391 Warning
Large setup violation  
There is a large setup violation of -1.492 ns between fft_engine/ifft_output_buffer_reg/CLKBWRCLK (clocked by sys_clk_pin) and display/wave_reader/flat_reg[444]/D (clocked by sys_clk_pin). Large setup violations at the end of those stages might be difficult to fix during the post-placement implementation flow and could be the result of non-optimal XDC constraints or non-optimal design architecture
Related violations: <none>

TIMING-16#392 Warning
Large setup violation  
There is a large setup violation of -1.495 ns between fft_engine/ifft_output_buffer_reg/CLKBWRCLK (clocked by sys_clk_pin) and display/wave_reader/flat_reg[2845]/D (clocked by sys_clk_pin). Large setup violations at the end of those stages might be difficult to fix during the post-placement implementation flow and could be the result of non-optimal XDC constraints or non-optimal design architecture
Related violations: <none>

TIMING-16#393 Warning
Large setup violation  
There is a large setup violation of -1.496 ns between fft_engine/ifft_output_buffer_reg/CLKBWRCLK (clocked by sys_clk_pin) and display/wave_reader/flat_reg[1386]/D (clocked by sys_clk_pin). Large setup violations at the end of those stages might be difficult to fix during the post-placement implementation flow and could be the result of non-optimal XDC constraints or non-optimal design architecture
Related violations: <none>

TIMING-16#394 Warning
Large setup violation  
There is a large setup violation of -1.502 ns between fft_engine/ifft_output_buffer_reg/CLKBWRCLK (clocked by sys_clk_pin) and display/wave_reader/flat_reg[1822]/D (clocked by sys_clk_pin). Large setup violations at the end of those stages might be difficult to fix during the post-placement implementation flow and could be the result of non-optimal XDC constraints or non-optimal design architecture
Related violations: <none>

TIMING-16#395 Warning
Large setup violation  
There is a large setup violation of -1.503 ns between fft_engine/ifft_output_buffer_reg/CLKBWRCLK (clocked by sys_clk_pin) and display/wave_reader/flat_reg[3434]/D (clocked by sys_clk_pin). Large setup violations at the end of those stages might be difficult to fix during the post-placement implementation flow and could be the result of non-optimal XDC constraints or non-optimal design architecture
Related violations: <none>

TIMING-16#396 Warning
Large setup violation  
There is a large setup violation of -1.507 ns between fft_engine/ifft_output_buffer_reg/CLKBWRCLK (clocked by sys_clk_pin) and display/wave_reader/flat_reg[1201]/D (clocked by sys_clk_pin). Large setup violations at the end of those stages might be difficult to fix during the post-placement implementation flow and could be the result of non-optimal XDC constraints or non-optimal design architecture
Related violations: <none>

TIMING-16#397 Warning
Large setup violation  
There is a large setup violation of -1.510 ns between fft_engine/ifft_output_buffer_reg/CLKBWRCLK (clocked by sys_clk_pin) and display/wave_reader/flat_reg[2377]/D (clocked by sys_clk_pin). Large setup violations at the end of those stages might be difficult to fix during the post-placement implementation flow and could be the result of non-optimal XDC constraints or non-optimal design architecture
Related violations: <none>

TIMING-16#398 Warning
Large setup violation  
There is a large setup violation of -1.515 ns between fft_engine/ifft_output_buffer_reg/CLKBWRCLK (clocked by sys_clk_pin) and display/wave_reader/flat_reg[809]/D (clocked by sys_clk_pin). Large setup violations at the end of those stages might be difficult to fix during the post-placement implementation flow and could be the result of non-optimal XDC constraints or non-optimal design architecture
Related violations: <none>

TIMING-16#399 Warning
Large setup violation  
There is a large setup violation of -1.517 ns between fft_engine/ifft_output_buffer_reg/CLKBWRCLK (clocked by sys_clk_pin) and display/wave_reader/flat_reg[1865]/D (clocked by sys_clk_pin). Large setup violations at the end of those stages might be difficult to fix during the post-placement implementation flow and could be the result of non-optimal XDC constraints or non-optimal design architecture
Related violations: <none>

TIMING-16#400 Warning
Large setup violation  
There is a large setup violation of -1.526 ns between fft_engine/ifft_output_buffer_reg/CLKBWRCLK (clocked by sys_clk_pin) and display/wave_reader/flat_reg[1073]/D (clocked by sys_clk_pin). Large setup violations at the end of those stages might be difficult to fix during the post-placement implementation flow and could be the result of non-optimal XDC constraints or non-optimal design architecture
Related violations: <none>

TIMING-16#401 Warning
Large setup violation  
There is a large setup violation of -1.527 ns between fft_engine/ifft_output_buffer_reg/CLKBWRCLK (clocked by sys_clk_pin) and display/wave_reader/flat_reg[1815]/D (clocked by sys_clk_pin). Large setup violations at the end of those stages might be difficult to fix during the post-placement implementation flow and could be the result of non-optimal XDC constraints or non-optimal design architecture
Related violations: <none>

TIMING-16#402 Warning
Large setup violation  
There is a large setup violation of -1.534 ns between fft_engine/ifft_output_buffer_reg/CLKBWRCLK (clocked by sys_clk_pin) and display/wave_reader/flat_reg[4031]/D (clocked by sys_clk_pin). Large setup violations at the end of those stages might be difficult to fix during the post-placement implementation flow and could be the result of non-optimal XDC constraints or non-optimal design architecture
Related violations: <none>

TIMING-16#403 Warning
Large setup violation  
There is a large setup violation of -1.537 ns between fft_engine/ifft_output_buffer_reg/CLKBWRCLK (clocked by sys_clk_pin) and display/wave_reader/flat_reg[3261]/D (clocked by sys_clk_pin). Large setup violations at the end of those stages might be difficult to fix during the post-placement implementation flow and could be the result of non-optimal XDC constraints or non-optimal design architecture
Related violations: <none>

TIMING-16#404 Warning
Large setup violation  
There is a large setup violation of -1.539 ns between fft_engine/ifft_output_buffer_reg/CLKBWRCLK (clocked by sys_clk_pin) and display/wave_reader/flat_reg[2386]/D (clocked by sys_clk_pin). Large setup violations at the end of those stages might be difficult to fix during the post-placement implementation flow and could be the result of non-optimal XDC constraints or non-optimal design architecture
Related violations: <none>

TIMING-16#405 Warning
Large setup violation  
There is a large setup violation of -1.542 ns between fft_engine/ifft_output_buffer_reg/CLKBWRCLK (clocked by sys_clk_pin) and display/wave_reader/flat_reg[1309]/D (clocked by sys_clk_pin). Large setup violations at the end of those stages might be difficult to fix during the post-placement implementation flow and could be the result of non-optimal XDC constraints or non-optimal design architecture
Related violations: <none>

TIMING-16#406 Warning
Large setup violation  
There is a large setup violation of -1.544 ns between fft_engine/ifft_output_buffer_reg/CLKBWRCLK (clocked by sys_clk_pin) and display/wave_reader/flat_reg[3921]/D (clocked by sys_clk_pin). Large setup violations at the end of those stages might be difficult to fix during the post-placement implementation flow and could be the result of non-optimal XDC constraints or non-optimal design architecture
Related violations: <none>

TIMING-16#407 Warning
Large setup violation  
There is a large setup violation of -1.548 ns between fft_engine/ifft_output_buffer_reg/CLKBWRCLK (clocked by sys_clk_pin) and display/wave_reader/flat_reg[1213]/D (clocked by sys_clk_pin). Large setup violations at the end of those stages might be difficult to fix during the post-placement implementation flow and could be the result of non-optimal XDC constraints or non-optimal design architecture
Related violations: <none>

TIMING-16#408 Warning
Large setup violation  
There is a large setup violation of -1.554 ns between fft_engine/ifft_output_buffer_reg/CLKBWRCLK (clocked by sys_clk_pin) and display/wave_reader/flat_reg[2637]/D (clocked by sys_clk_pin). Large setup violations at the end of those stages might be difficult to fix during the post-placement implementation flow and could be the result of non-optimal XDC constraints or non-optimal design architecture
Related violations: <none>

TIMING-16#409 Warning
Large setup violation  
There is a large setup violation of -1.558 ns between fft_engine/ifft_output_buffer_reg/CLKBWRCLK (clocked by sys_clk_pin) and display/wave_reader/flat_reg[1900]/D (clocked by sys_clk_pin). Large setup violations at the end of those stages might be difficult to fix during the post-placement implementation flow and could be the result of non-optimal XDC constraints or non-optimal design architecture
Related violations: <none>

TIMING-16#410 Warning
Large setup violation  
There is a large setup violation of -1.566 ns between fft_engine/ifft_output_buffer_reg/CLKBWRCLK (clocked by sys_clk_pin) and display/wave_reader/flat_reg[811]/D (clocked by sys_clk_pin). Large setup violations at the end of those stages might be difficult to fix during the post-placement implementation flow and could be the result of non-optimal XDC constraints or non-optimal design architecture
Related violations: <none>

TIMING-16#411 Warning
Large setup violation  
There is a large setup violation of -1.569 ns between fft_engine/ifft_output_buffer_reg/CLKBWRCLK (clocked by sys_clk_pin) and display/wave_reader/flat_reg[1852]/D (clocked by sys_clk_pin). Large setup violations at the end of those stages might be difficult to fix during the post-placement implementation flow and could be the result of non-optimal XDC constraints or non-optimal design architecture
Related violations: <none>

TIMING-16#412 Warning
Large setup violation  
There is a large setup violation of -1.583 ns between fft_engine/ifft_output_buffer_reg/CLKBWRCLK (clocked by sys_clk_pin) and display/wave_reader/flat_reg[3883]/D (clocked by sys_clk_pin). Large setup violations at the end of those stages might be difficult to fix during the post-placement implementation flow and could be the result of non-optimal XDC constraints or non-optimal design architecture
Related violations: <none>

TIMING-16#413 Warning
Large setup violation  
There is a large setup violation of -1.593 ns between fft_engine/ifft_output_buffer_reg/CLKBWRCLK (clocked by sys_clk_pin) and display/wave_reader/flat_reg[347]/D (clocked by sys_clk_pin). Large setup violations at the end of those stages might be difficult to fix during the post-placement implementation flow and could be the result of non-optimal XDC constraints or non-optimal design architecture
Related violations: <none>

TIMING-16#414 Warning
Large setup violation  
There is a large setup violation of -1.598 ns between fft_engine/ifft_output_buffer_reg/CLKBWRCLK (clocked by sys_clk_pin) and display/wave_reader/flat_reg[1974]/D (clocked by sys_clk_pin). Large setup violations at the end of those stages might be difficult to fix during the post-placement implementation flow and could be the result of non-optimal XDC constraints or non-optimal design architecture
Related violations: <none>

TIMING-16#415 Warning
Large setup violation  
There is a large setup violation of -1.599 ns between fft_engine/ifft_output_buffer_reg/CLKBWRCLK (clocked by sys_clk_pin) and display/wave_reader/flat_reg[1983]/D (clocked by sys_clk_pin). Large setup violations at the end of those stages might be difficult to fix during the post-placement implementation flow and could be the result of non-optimal XDC constraints or non-optimal design architecture
Related violations: <none>

TIMING-16#416 Warning
Large setup violation  
There is a large setup violation of -1.609 ns between fft_engine/ifft_output_buffer_reg/CLKBWRCLK (clocked by sys_clk_pin) and display/wave_reader/flat_reg[438]/D (clocked by sys_clk_pin). Large setup violations at the end of those stages might be difficult to fix during the post-placement implementation flow and could be the result of non-optimal XDC constraints or non-optimal design architecture
Related violations: <none>

TIMING-16#417 Warning
Large setup violation  
There is a large setup violation of -1.612 ns between fft_engine/ifft_output_buffer_reg/CLKBWRCLK (clocked by sys_clk_pin) and display/wave_reader/flat_reg[3643]/D (clocked by sys_clk_pin). Large setup violations at the end of those stages might be difficult to fix during the post-placement implementation flow and could be the result of non-optimal XDC constraints or non-optimal design architecture
Related violations: <none>

TIMING-16#418 Warning
Large setup violation  
There is a large setup violation of -1.624 ns between fft_engine/ifft_output_buffer_reg/CLKBWRCLK (clocked by sys_clk_pin) and display/wave_reader/flat_reg[3869]/D (clocked by sys_clk_pin). Large setup violations at the end of those stages might be difficult to fix during the post-placement implementation flow and could be the result of non-optimal XDC constraints or non-optimal design architecture
Related violations: <none>

TIMING-16#419 Warning
Large setup violation  
There is a large setup violation of -1.629 ns between fft_engine/ifft_output_buffer_reg/CLKBWRCLK (clocked by sys_clk_pin) and display/wave_reader/flat_reg[345]/D (clocked by sys_clk_pin). Large setup violations at the end of those stages might be difficult to fix during the post-placement implementation flow and could be the result of non-optimal XDC constraints or non-optimal design architecture
Related violations: <none>

TIMING-16#420 Warning
Large setup violation  
There is a large setup violation of -1.633 ns between fft_engine/ifft_output_buffer_reg/CLKBWRCLK (clocked by sys_clk_pin) and display/wave_reader/flat_reg[3949]/D (clocked by sys_clk_pin). Large setup violations at the end of those stages might be difficult to fix during the post-placement implementation flow and could be the result of non-optimal XDC constraints or non-optimal design architecture
Related violations: <none>

TIMING-16#421 Warning
Large setup violation  
There is a large setup violation of -1.640 ns between fft_engine/ifft_output_buffer_reg/CLKBWRCLK (clocked by sys_clk_pin) and display/wave_reader/flat_reg[285]/D (clocked by sys_clk_pin). Large setup violations at the end of those stages might be difficult to fix during the post-placement implementation flow and could be the result of non-optimal XDC constraints or non-optimal design architecture
Related violations: <none>

TIMING-16#422 Warning
Large setup violation  
There is a large setup violation of -1.640 ns between fft_engine/ifft_output_buffer_reg/CLKBWRCLK (clocked by sys_clk_pin) and display/wave_reader/flat_reg[797]/D (clocked by sys_clk_pin). Large setup violations at the end of those stages might be difficult to fix during the post-placement implementation flow and could be the result of non-optimal XDC constraints or non-optimal design architecture
Related violations: <none>

TIMING-16#423 Warning
Large setup violation  
There is a large setup violation of -1.644 ns between fft_engine/ifft_output_buffer_reg/CLKBWRCLK (clocked by sys_clk_pin) and display/wave_reader/flat_reg[2314]/D (clocked by sys_clk_pin). Large setup violations at the end of those stages might be difficult to fix during the post-placement implementation flow and could be the result of non-optimal XDC constraints or non-optimal design architecture
Related violations: <none>

TIMING-16#424 Warning
Large setup violation  
There is a large setup violation of -1.645 ns between fft_engine/ifft_output_buffer_reg/CLKBWRCLK (clocked by sys_clk_pin) and display/wave_reader/flat_reg[3438]/D (clocked by sys_clk_pin). Large setup violations at the end of those stages might be difficult to fix during the post-placement implementation flow and could be the result of non-optimal XDC constraints or non-optimal design architecture
Related violations: <none>

TIMING-16#425 Warning
Large setup violation  
There is a large setup violation of -1.652 ns between fft_engine/ifft_output_buffer_reg/CLKBWRCLK (clocked by sys_clk_pin) and display/wave_reader/flat_reg[2095]/D (clocked by sys_clk_pin). Large setup violations at the end of those stages might be difficult to fix during the post-placement implementation flow and could be the result of non-optimal XDC constraints or non-optimal design architecture
Related violations: <none>

TIMING-16#426 Warning
Large setup violation  
There is a large setup violation of -1.652 ns between fft_engine/ifft_output_buffer_reg/CLKBWRCLK (clocked by sys_clk_pin) and display/wave_reader/flat_reg[3762]/D (clocked by sys_clk_pin). Large setup violations at the end of those stages might be difficult to fix during the post-placement implementation flow and could be the result of non-optimal XDC constraints or non-optimal design architecture
Related violations: <none>

TIMING-16#427 Warning
Large setup violation  
There is a large setup violation of -1.654 ns between fft_engine/ifft_output_buffer_reg/CLKBWRCLK (clocked by sys_clk_pin) and display/wave_reader/flat_reg[1342]/D (clocked by sys_clk_pin). Large setup violations at the end of those stages might be difficult to fix during the post-placement implementation flow and could be the result of non-optimal XDC constraints or non-optimal design architecture
Related violations: <none>

TIMING-16#428 Warning
Large setup violation  
There is a large setup violation of -1.662 ns between fft_engine/ifft_output_buffer_reg/CLKBWRCLK (clocked by sys_clk_pin) and display/wave_reader/flat_reg[13]/D (clocked by sys_clk_pin). Large setup violations at the end of those stages might be difficult to fix during the post-placement implementation flow and could be the result of non-optimal XDC constraints or non-optimal design architecture
Related violations: <none>

TIMING-16#429 Warning
Large setup violation  
There is a large setup violation of -1.662 ns between fft_engine/ifft_output_buffer_reg/CLKBWRCLK (clocked by sys_clk_pin) and display/wave_reader/flat_reg[567]/D (clocked by sys_clk_pin). Large setup violations at the end of those stages might be difficult to fix during the post-placement implementation flow and could be the result of non-optimal XDC constraints or non-optimal design architecture
Related violations: <none>

TIMING-16#430 Warning
Large setup violation  
There is a large setup violation of -1.668 ns between fft_engine/ifft_output_buffer_reg/CLKBWRCLK (clocked by sys_clk_pin) and display/wave_reader/flat_reg[2333]/D (clocked by sys_clk_pin). Large setup violations at the end of those stages might be difficult to fix during the post-placement implementation flow and could be the result of non-optimal XDC constraints or non-optimal design architecture
Related violations: <none>

TIMING-16#431 Warning
Large setup violation  
There is a large setup violation of -1.668 ns between fft_engine/ifft_output_buffer_reg/CLKBWRCLK (clocked by sys_clk_pin) and display/wave_reader/flat_reg[3121]/D (clocked by sys_clk_pin). Large setup violations at the end of those stages might be difficult to fix during the post-placement implementation flow and could be the result of non-optimal XDC constraints or non-optimal design architecture
Related violations: <none>

TIMING-16#432 Warning
Large setup violation  
There is a large setup violation of -1.671 ns between fft_engine/ifft_output_buffer_reg/CLKBWRCLK (clocked by sys_clk_pin) and display/wave_reader/flat_reg[2061]/D (clocked by sys_clk_pin). Large setup violations at the end of those stages might be difficult to fix during the post-placement implementation flow and could be the result of non-optimal XDC constraints or non-optimal design architecture
Related violations: <none>

TIMING-16#433 Warning
Large setup violation  
There is a large setup violation of -1.675 ns between fft_engine/ifft_output_buffer_reg/CLKBWRCLK (clocked by sys_clk_pin) and display/wave_reader/flat_reg[1901]/D (clocked by sys_clk_pin). Large setup violations at the end of those stages might be difficult to fix during the post-placement implementation flow and could be the result of non-optimal XDC constraints or non-optimal design architecture
Related violations: <none>

TIMING-16#434 Warning
Large setup violation  
There is a large setup violation of -1.686 ns between fft_engine/ifft_output_buffer_reg/CLKBWRCLK (clocked by sys_clk_pin) and display/wave_reader/flat_reg[47]/D (clocked by sys_clk_pin). Large setup violations at the end of those stages might be difficult to fix during the post-placement implementation flow and could be the result of non-optimal XDC constraints or non-optimal design architecture
Related violations: <none>

TIMING-16#435 Warning
Large setup violation  
There is a large setup violation of -1.689 ns between fft_engine/ifft_output_buffer_reg/CLKBWRCLK (clocked by sys_clk_pin) and display/wave_reader/flat_reg[1838]/D (clocked by sys_clk_pin). Large setup violations at the end of those stages might be difficult to fix during the post-placement implementation flow and could be the result of non-optimal XDC constraints or non-optimal design architecture
Related violations: <none>

TIMING-16#436 Warning
Large setup violation  
There is a large setup violation of -1.690 ns between fft_engine/ifft_output_buffer_reg/CLKBWRCLK (clocked by sys_clk_pin) and display/wave_reader/flat_reg[178]/D (clocked by sys_clk_pin). Large setup violations at the end of those stages might be difficult to fix during the post-placement implementation flow and could be the result of non-optimal XDC constraints or non-optimal design architecture
Related violations: <none>

TIMING-16#437 Warning
Large setup violation  
There is a large setup violation of -1.690 ns between fft_engine/ifft_output_buffer_reg/CLKBWRCLK (clocked by sys_clk_pin) and display/wave_reader/flat_reg[3625]/D (clocked by sys_clk_pin). Large setup violations at the end of those stages might be difficult to fix during the post-placement implementation flow and could be the result of non-optimal XDC constraints or non-optimal design architecture
Related violations: <none>

TIMING-16#438 Warning
Large setup violation  
There is a large setup violation of -1.691 ns between fft_engine/ifft_output_buffer_reg/CLKBWRCLK (clocked by sys_clk_pin) and display/wave_reader/flat_reg[366]/D (clocked by sys_clk_pin). Large setup violations at the end of those stages might be difficult to fix during the post-placement implementation flow and could be the result of non-optimal XDC constraints or non-optimal design architecture
Related violations: <none>

TIMING-16#439 Warning
Large setup violation  
There is a large setup violation of -1.693 ns between fft_engine/ifft_output_buffer_reg/CLKBWRCLK (clocked by sys_clk_pin) and display/wave_reader/flat_reg[3436]/D (clocked by sys_clk_pin). Large setup violations at the end of those stages might be difficult to fix during the post-placement implementation flow and could be the result of non-optimal XDC constraints or non-optimal design architecture
Related violations: <none>

TIMING-16#440 Warning
Large setup violation  
There is a large setup violation of -1.698 ns between fft_engine/ifft_output_buffer_reg/CLKBWRCLK (clocked by sys_clk_pin) and display/wave_reader/flat_reg[3948]/D (clocked by sys_clk_pin). Large setup violations at the end of those stages might be difficult to fix during the post-placement implementation flow and could be the result of non-optimal XDC constraints or non-optimal design architecture
Related violations: <none>

TIMING-16#441 Warning
Large setup violation  
There is a large setup violation of -1.705 ns between fft_engine/ifft_output_buffer_reg/CLKBWRCLK (clocked by sys_clk_pin) and display/wave_reader/flat_reg[291]/D (clocked by sys_clk_pin). Large setup violations at the end of those stages might be difficult to fix during the post-placement implementation flow and could be the result of non-optimal XDC constraints or non-optimal design architecture
Related violations: <none>

TIMING-16#442 Warning
Large setup violation  
There is a large setup violation of -1.709 ns between fft_engine/ifft_output_buffer_reg/CLKBWRCLK (clocked by sys_clk_pin) and display/wave_reader/flat_reg[1388]/D (clocked by sys_clk_pin). Large setup violations at the end of those stages might be difficult to fix during the post-placement implementation flow and could be the result of non-optimal XDC constraints or non-optimal design architecture
Related violations: <none>

TIMING-16#443 Warning
Large setup violation  
There is a large setup violation of -1.737 ns between fft_engine/ifft_output_buffer_reg/CLKBWRCLK (clocked by sys_clk_pin) and display/wave_reader/flat_reg[1595]/D (clocked by sys_clk_pin). Large setup violations at the end of those stages might be difficult to fix during the post-placement implementation flow and could be the result of non-optimal XDC constraints or non-optimal design architecture
Related violations: <none>

TIMING-16#444 Warning
Large setup violation  
There is a large setup violation of -1.739 ns between fft_engine/ifft_output_buffer_reg/CLKBWRCLK (clocked by sys_clk_pin) and display/wave_reader/flat_reg[2602]/D (clocked by sys_clk_pin). Large setup violations at the end of those stages might be difficult to fix during the post-placement implementation flow and could be the result of non-optimal XDC constraints or non-optimal design architecture
Related violations: <none>

TIMING-16#445 Warning
Large setup violation  
There is a large setup violation of -1.739 ns between fft_engine/ifft_output_buffer_reg/CLKBWRCLK (clocked by sys_clk_pin) and display/wave_reader/flat_reg[3858]/D (clocked by sys_clk_pin). Large setup violations at the end of those stages might be difficult to fix during the post-placement implementation flow and could be the result of non-optimal XDC constraints or non-optimal design architecture
Related violations: <none>

TIMING-16#446 Warning
Large setup violation  
There is a large setup violation of -1.746 ns between fft_engine/ifft_output_buffer_reg/CLKBWRCLK (clocked by sys_clk_pin) and display/wave_reader/flat_reg[554]/D (clocked by sys_clk_pin). Large setup violations at the end of those stages might be difficult to fix during the post-placement implementation flow and could be the result of non-optimal XDC constraints or non-optimal design architecture
Related violations: <none>

TIMING-16#447 Warning
Large setup violation  
There is a large setup violation of -1.767 ns between fft_engine/ifft_output_buffer_reg/CLKBWRCLK (clocked by sys_clk_pin) and display/wave_reader/flat_reg[803]/D (clocked by sys_clk_pin). Large setup violations at the end of those stages might be difficult to fix during the post-placement implementation flow and could be the result of non-optimal XDC constraints or non-optimal design architecture
Related violations: <none>

TIMING-16#448 Warning
Large setup violation  
There is a large setup violation of -1.775 ns between fft_engine/ifft_output_buffer_reg/CLKBWRCLK (clocked by sys_clk_pin) and display/wave_reader/flat_reg[55]/D (clocked by sys_clk_pin). Large setup violations at the end of those stages might be difficult to fix during the post-placement implementation flow and could be the result of non-optimal XDC constraints or non-optimal design architecture
Related violations: <none>

TIMING-16#449 Warning
Large setup violation  
There is a large setup violation of -1.777 ns between fft_engine/ifft_output_buffer_reg/CLKBWRCLK (clocked by sys_clk_pin) and display/wave_reader/flat_reg[2103]/D (clocked by sys_clk_pin). Large setup violations at the end of those stages might be difficult to fix during the post-placement implementation flow and could be the result of non-optimal XDC constraints or non-optimal design architecture
Related violations: <none>

TIMING-16#450 Warning
Large setup violation  
There is a large setup violation of -1.784 ns between fft_engine/ifft_output_buffer_reg/CLKBWRCLK (clocked by sys_clk_pin) and display/wave_reader/flat_reg[1577]/D (clocked by sys_clk_pin). Large setup violations at the end of those stages might be difficult to fix during the post-placement implementation flow and could be the result of non-optimal XDC constraints or non-optimal design architecture
Related violations: <none>

TIMING-16#451 Warning
Large setup violation  
There is a large setup violation of -1.824 ns between fft_engine/ifft_output_buffer_reg/CLKBWRCLK (clocked by sys_clk_pin) and display/wave_reader/flat_reg[1209]/D (clocked by sys_clk_pin). Large setup violations at the end of those stages might be difficult to fix during the post-placement implementation flow and could be the result of non-optimal XDC constraints or non-optimal design architecture
Related violations: <none>

TIMING-16#452 Warning
Large setup violation  
There is a large setup violation of -1.851 ns between fft_engine/ifft_output_buffer_reg/CLKBWRCLK (clocked by sys_clk_pin) and display/wave_reader/flat_reg[299]/D (clocked by sys_clk_pin). Large setup violations at the end of those stages might be difficult to fix during the post-placement implementation flow and could be the result of non-optimal XDC constraints or non-optimal design architecture
Related violations: <none>

TIMING-16#453 Warning
Large setup violation  
There is a large setup violation of -1.874 ns between fft_engine/ifft_output_buffer_reg/CLKBWRCLK (clocked by sys_clk_pin) and display/wave_reader/flat_reg[2414]/D (clocked by sys_clk_pin). Large setup violations at the end of those stages might be difficult to fix during the post-placement implementation flow and could be the result of non-optimal XDC constraints or non-optimal design architecture
Related violations: <none>

TIMING-16#454 Warning
Large setup violation  
There is a large setup violation of -1.876 ns between fft_engine/ifft_output_buffer_reg/CLKBWRCLK (clocked by sys_clk_pin) and display/wave_reader/flat_reg[1555]/D (clocked by sys_clk_pin). Large setup violations at the end of those stages might be difficult to fix during the post-placement implementation flow and could be the result of non-optimal XDC constraints or non-optimal design architecture
Related violations: <none>

TIMING-16#455 Warning
Large setup violation  
There is a large setup violation of -1.884 ns between fft_engine/ifft_output_buffer_reg/CLKBWRCLK (clocked by sys_clk_pin) and display/wave_reader/flat_reg[2615]/D (clocked by sys_clk_pin). Large setup violations at the end of those stages might be difficult to fix during the post-placement implementation flow and could be the result of non-optimal XDC constraints or non-optimal design architecture
Related violations: <none>

TIMING-16#456 Warning
Large setup violation  
There is a large setup violation of -1.906 ns between fft_engine/ifft_output_buffer_reg/CLKBWRCLK (clocked by sys_clk_pin) and display/wave_reader/flat_reg[2102]/D (clocked by sys_clk_pin). Large setup violations at the end of those stages might be difficult to fix during the post-placement implementation flow and could be the result of non-optimal XDC constraints or non-optimal design architecture
Related violations: <none>

TIMING-16#457 Warning
Large setup violation  
There is a large setup violation of -1.909 ns between fft_engine/ifft_output_buffer_reg/CLKBWRCLK (clocked by sys_clk_pin) and display/wave_reader/flat_reg[2851]/D (clocked by sys_clk_pin). Large setup violations at the end of those stages might be difficult to fix during the post-placement implementation flow and could be the result of non-optimal XDC constraints or non-optimal design architecture
Related violations: <none>

TIMING-16#458 Warning
Large setup violation  
There is a large setup violation of -1.941 ns between fft_engine/ifft_output_buffer_reg/CLKBWRCLK (clocked by sys_clk_pin) and display/wave_reader/flat_reg[1065]/D (clocked by sys_clk_pin). Large setup violations at the end of those stages might be difficult to fix during the post-placement implementation flow and could be the result of non-optimal XDC constraints or non-optimal design architecture
Related violations: <none>

TIMING-16#459 Warning
Large setup violation  
There is a large setup violation of -1.953 ns between fft_engine/ifft_output_buffer_reg/CLKBWRCLK (clocked by sys_clk_pin) and display/wave_reader/flat_reg[1810]/D (clocked by sys_clk_pin). Large setup violations at the end of those stages might be difficult to fix during the post-placement implementation flow and could be the result of non-optimal XDC constraints or non-optimal design architecture
Related violations: <none>

TIMING-16#460 Warning
Large setup violation  
There is a large setup violation of -1.955 ns between fft_engine/ifft_output_buffer_reg/CLKBWRCLK (clocked by sys_clk_pin) and display/wave_reader/flat_reg[3603]/D (clocked by sys_clk_pin). Large setup violations at the end of those stages might be difficult to fix during the post-placement implementation flow and could be the result of non-optimal XDC constraints or non-optimal design architecture
Related violations: <none>

TIMING-16#461 Warning
Large setup violation  
There is a large setup violation of -1.976 ns between fft_engine/ifft_output_buffer_reg/CLKBWRCLK (clocked by sys_clk_pin) and display/wave_reader/flat_reg[2412]/D (clocked by sys_clk_pin). Large setup violations at the end of those stages might be difficult to fix during the post-placement implementation flow and could be the result of non-optimal XDC constraints or non-optimal design architecture
Related violations: <none>

TIMING-16#462 Warning
Large setup violation  
There is a large setup violation of -2.009 ns between fft_engine/ifft_output_buffer_reg/CLKBWRCLK (clocked by sys_clk_pin) and display/wave_reader/flat_reg[2347]/D (clocked by sys_clk_pin). Large setup violations at the end of those stages might be difficult to fix during the post-placement implementation flow and could be the result of non-optimal XDC constraints or non-optimal design architecture
Related violations: <none>

TIMING-16#463 Warning
Large setup violation  
There is a large setup violation of -2.015 ns between fft_engine/ifft_output_buffer_reg/CLKBWRCLK (clocked by sys_clk_pin) and display/wave_reader/flat_reg[553]/D (clocked by sys_clk_pin). Large setup violations at the end of those stages might be difficult to fix during the post-placement implementation flow and could be the result of non-optimal XDC constraints or non-optimal design architecture
Related violations: <none>

TIMING-16#464 Warning
Large setup violation  
There is a large setup violation of -2.027 ns between fft_engine/ifft_output_buffer_reg/CLKBWRCLK (clocked by sys_clk_pin) and display/wave_reader/flat_reg[54]/D (clocked by sys_clk_pin). Large setup violations at the end of those stages might be difficult to fix during the post-placement implementation flow and could be the result of non-optimal XDC constraints or non-optimal design architecture
Related violations: <none>

TIMING-16#465 Warning
Large setup violation  
There is a large setup violation of -2.072 ns between fft_engine/ifft_output_buffer_reg/CLKBWRCLK (clocked by sys_clk_pin) and display/wave_reader/flat_reg[19]/D (clocked by sys_clk_pin). Large setup violations at the end of those stages might be difficult to fix during the post-placement implementation flow and could be the result of non-optimal XDC constraints or non-optimal design architecture
Related violations: <none>

TIMING-16#466 Warning
Large setup violation  
There is a large setup violation of -2.091 ns between fft_engine/ifft_output_buffer_reg/CLKBWRCLK (clocked by sys_clk_pin) and display/wave_reader/flat_reg[2067]/D (clocked by sys_clk_pin). Large setup violations at the end of those stages might be difficult to fix during the post-placement implementation flow and could be the result of non-optimal XDC constraints or non-optimal design architecture
Related violations: <none>

TIMING-16#467 Warning
Large setup violation  
There is a large setup violation of -2.115 ns between fft_engine/ifft_output_buffer_reg/CLKBWRCLK (clocked by sys_clk_pin) and display/wave_reader/flat_reg[46]/D (clocked by sys_clk_pin). Large setup violations at the end of those stages might be difficult to fix during the post-placement implementation flow and could be the result of non-optimal XDC constraints or non-optimal design architecture
Related violations: <none>

TIMING-16#468 Warning
Large setup violation  
There is a large setup violation of -2.127 ns between fft_engine/ifft_output_buffer_reg/CLKBWRCLK (clocked by sys_clk_pin) and display/wave_reader/flat_reg[3113]/D (clocked by sys_clk_pin). Large setup violations at the end of those stages might be difficult to fix during the post-placement implementation flow and could be the result of non-optimal XDC constraints or non-optimal design architecture
Related violations: <none>

TIMING-16#469 Warning
Large setup violation  
There is a large setup violation of -2.158 ns between fft_engine/ifft_output_buffer_reg/CLKBWRCLK (clocked by sys_clk_pin) and display/wave_reader/flat_reg[2094]/D (clocked by sys_clk_pin). Large setup violations at the end of those stages might be difficult to fix during the post-placement implementation flow and could be the result of non-optimal XDC constraints or non-optimal design architecture
Related violations: <none>

TIMING-16#470 Warning
Large setup violation  
There is a large setup violation of -2.168 ns between fft_engine/ifft_output_buffer_reg/CLKBWRCLK (clocked by sys_clk_pin) and display/wave_reader/flat_reg[364]/D (clocked by sys_clk_pin). Large setup violations at the end of those stages might be difficult to fix during the post-placement implementation flow and could be the result of non-optimal XDC constraints or non-optimal design architecture
Related violations: <none>

TIMING-16#471 Warning
Large setup violation  
There is a large setup violation of -2.303 ns between fft_engine/ifft_output_buffer_reg/CLKBWRCLK (clocked by sys_clk_pin) and display/wave_reader/flat_reg[2601]/D (clocked by sys_clk_pin). Large setup violations at the end of those stages might be difficult to fix during the post-placement implementation flow and could be the result of non-optimal XDC constraints or non-optimal design architecture
Related violations: <none>

TIMING-16#472 Warning
Large setup violation  
There is a large setup violation of -5.396 ns between input_mic/u_peak/maxvalue_reg[0]/C (clocked by sys_clk_pin) and input_mic/u_scan/seg_reg[2]/D (clocked by sys_clk_pin). Large setup violations at the end of those stages might be difficult to fix during the post-placement implementation flow and could be the result of non-optimal XDC constraints or non-optimal design architecture
Related violations: <none>

TIMING-16#473 Warning
Large setup violation  
There is a large setup violation of -5.722 ns between input_mic/u_peak/maxvalue_reg[0]/C (clocked by sys_clk_pin) and input_mic/u_scan/seg_reg[0]/D (clocked by sys_clk_pin). Large setup violations at the end of those stages might be difficult to fix during the post-placement implementation flow and could be the result of non-optimal XDC constraints or non-optimal design architecture
Related violations: <none>

TIMING-16#474 Warning
Large setup violation  
There is a large setup violation of -5.823 ns between input_mic/u_peak/maxvalue_reg[0]/C (clocked by sys_clk_pin) and input_mic/u_scan/seg_reg[4]/D (clocked by sys_clk_pin). Large setup violations at the end of those stages might be difficult to fix during the post-placement implementation flow and could be the result of non-optimal XDC constraints or non-optimal design architecture
Related violations: <none>

TIMING-16#475 Warning
Large setup violation  
There is a large setup violation of -5.940 ns between input_mic/u_peak/maxvalue_reg[0]/C (clocked by sys_clk_pin) and input_mic/u_scan/seg_reg[1]/D (clocked by sys_clk_pin). Large setup violations at the end of those stages might be difficult to fix during the post-placement implementation flow and could be the result of non-optimal XDC constraints or non-optimal design architecture
Related violations: <none>

TIMING-16#476 Warning
Large setup violation  
There is a large setup violation of -6.048 ns between input_mic/u_peak/maxvalue_reg[0]/C (clocked by sys_clk_pin) and input_mic/u_scan/seg_reg[5]/D (clocked by sys_clk_pin). Large setup violations at the end of those stages might be difficult to fix during the post-placement implementation flow and could be the result of non-optimal XDC constraints or non-optimal design architecture
Related violations: <none>

TIMING-16#477 Warning
Large setup violation  
There is a large setup violation of -6.161 ns between input_mic/u_peak/maxvalue_reg[0]/C (clocked by sys_clk_pin) and input_mic/u_scan/seg_reg[6]/D (clocked by sys_clk_pin). Large setup violations at the end of those stages might be difficult to fix during the post-placement implementation flow and could be the result of non-optimal XDC constraints or non-optimal design architecture
Related violations: <none>

TIMING-16#478 Warning
Large setup violation  
There is a large setup violation of -6.544 ns between input_mic/u_peak/maxvalue_reg[0]/C (clocked by sys_clk_pin) and input_mic/u_scan/seg_reg[3]/D (clocked by sys_clk_pin). Large setup violations at the end of those stages might be difficult to fix during the post-placement implementation flow and could be the result of non-optimal XDC constraints or non-optimal design architecture
Related violations: <none>

TIMING-17#1 Warning
Non-clocked sequential cell  
The clock pin display/disp_ctrl/A[0]__110/C is not reached by a timing clock
Related violations: <none>

TIMING-17#2 Warning
Non-clocked sequential cell  
The clock pin display/disp_ctrl/A[0]__126/C is not reached by a timing clock
Related violations: <none>

TIMING-17#3 Warning
Non-clocked sequential cell  
The clock pin display/disp_ctrl/A[0]__14/C is not reached by a timing clock
Related violations: <none>

TIMING-17#4 Warning
Non-clocked sequential cell  
The clock pin display/disp_ctrl/A[0]__142/C is not reached by a timing clock
Related violations: <none>

TIMING-17#5 Warning
Non-clocked sequential cell  
The clock pin display/disp_ctrl/A[0]__158/C is not reached by a timing clock
Related violations: <none>

TIMING-17#6 Warning
Non-clocked sequential cell  
The clock pin display/disp_ctrl/A[0]__174/C is not reached by a timing clock
Related violations: <none>

TIMING-17#7 Warning
Non-clocked sequential cell  
The clock pin display/disp_ctrl/A[0]__190/C is not reached by a timing clock
Related violations: <none>

TIMING-17#8 Warning
Non-clocked sequential cell  
The clock pin display/disp_ctrl/A[0]__206/C is not reached by a timing clock
Related violations: <none>

TIMING-17#9 Warning
Non-clocked sequential cell  
The clock pin display/disp_ctrl/A[0]__222/C is not reached by a timing clock
Related violations: <none>

TIMING-17#10 Warning
Non-clocked sequential cell  
The clock pin display/disp_ctrl/A[0]__238/C is not reached by a timing clock
Related violations: <none>

TIMING-17#11 Warning
Non-clocked sequential cell  
The clock pin display/disp_ctrl/A[0]__254/C is not reached by a timing clock
Related violations: <none>

TIMING-17#12 Warning
Non-clocked sequential cell  
The clock pin display/disp_ctrl/A[0]__255/C is not reached by a timing clock
Related violations: <none>

TIMING-17#13 Warning
Non-clocked sequential cell  
The clock pin display/disp_ctrl/A[0]__256/C is not reached by a timing clock
Related violations: <none>

TIMING-17#14 Warning
Non-clocked sequential cell  
The clock pin display/disp_ctrl/A[0]__257/C is not reached by a timing clock
Related violations: <none>

TIMING-17#15 Warning
Non-clocked sequential cell  
The clock pin display/disp_ctrl/A[0]__258/C is not reached by a timing clock
Related violations: <none>

TIMING-17#16 Warning
Non-clocked sequential cell  
The clock pin display/disp_ctrl/A[0]__259/C is not reached by a timing clock
Related violations: <none>

TIMING-17#17 Warning
Non-clocked sequential cell  
The clock pin display/disp_ctrl/A[0]__260/C is not reached by a timing clock
Related violations: <none>

TIMING-17#18 Warning
Non-clocked sequential cell  
The clock pin display/disp_ctrl/A[0]__261/C is not reached by a timing clock
Related violations: <none>

TIMING-17#19 Warning
Non-clocked sequential cell  
The clock pin display/disp_ctrl/A[0]__262/C is not reached by a timing clock
Related violations: <none>

TIMING-17#20 Warning
Non-clocked sequential cell  
The clock pin display/disp_ctrl/A[0]__263/C is not reached by a timing clock
Related violations: <none>

TIMING-17#21 Warning
Non-clocked sequential cell  
The clock pin display/disp_ctrl/A[0]__264/C is not reached by a timing clock
Related violations: <none>

TIMING-17#22 Warning
Non-clocked sequential cell  
The clock pin display/disp_ctrl/A[0]__265/C is not reached by a timing clock
Related violations: <none>

TIMING-17#23 Warning
Non-clocked sequential cell  
The clock pin display/disp_ctrl/A[0]__266/C is not reached by a timing clock
Related violations: <none>

TIMING-17#24 Warning
Non-clocked sequential cell  
The clock pin display/disp_ctrl/A[0]__267/C is not reached by a timing clock
Related violations: <none>

TIMING-17#25 Warning
Non-clocked sequential cell  
The clock pin display/disp_ctrl/A[0]__268/C is not reached by a timing clock
Related violations: <none>

TIMING-17#26 Warning
Non-clocked sequential cell  
The clock pin display/disp_ctrl/A[0]__269/C is not reached by a timing clock
Related violations: <none>

TIMING-17#27 Warning
Non-clocked sequential cell  
The clock pin display/disp_ctrl/A[0]__270/C is not reached by a timing clock
Related violations: <none>

TIMING-17#28 Warning
Non-clocked sequential cell  
The clock pin display/disp_ctrl/A[0]__271/C is not reached by a timing clock
Related violations: <none>

TIMING-17#29 Warning
Non-clocked sequential cell  
The clock pin display/disp_ctrl/A[0]__272/C is not reached by a timing clock
Related violations: <none>

TIMING-17#30 Warning
Non-clocked sequential cell  
The clock pin display/disp_ctrl/A[0]__273/C is not reached by a timing clock
Related violations: <none>

TIMING-17#31 Warning
Non-clocked sequential cell  
The clock pin display/disp_ctrl/A[0]__274/C is not reached by a timing clock
Related violations: <none>

TIMING-17#32 Warning
Non-clocked sequential cell  
The clock pin display/disp_ctrl/A[0]__275/C is not reached by a timing clock
Related violations: <none>

TIMING-17#33 Warning
Non-clocked sequential cell  
The clock pin display/disp_ctrl/A[0]__276/C is not reached by a timing clock
Related violations: <none>

TIMING-17#34 Warning
Non-clocked sequential cell  
The clock pin display/disp_ctrl/A[0]__277/C is not reached by a timing clock
Related violations: <none>

TIMING-17#35 Warning
Non-clocked sequential cell  
The clock pin display/disp_ctrl/A[0]__278/C is not reached by a timing clock
Related violations: <none>

TIMING-17#36 Warning
Non-clocked sequential cell  
The clock pin display/disp_ctrl/A[0]__279/C is not reached by a timing clock
Related violations: <none>

TIMING-17#37 Warning
Non-clocked sequential cell  
The clock pin display/disp_ctrl/A[0]__280/C is not reached by a timing clock
Related violations: <none>

TIMING-17#38 Warning
Non-clocked sequential cell  
The clock pin display/disp_ctrl/A[0]__281/C is not reached by a timing clock
Related violations: <none>

TIMING-17#39 Warning
Non-clocked sequential cell  
The clock pin display/disp_ctrl/A[0]__282/C is not reached by a timing clock
Related violations: <none>

TIMING-17#40 Warning
Non-clocked sequential cell  
The clock pin display/disp_ctrl/A[0]__283/C is not reached by a timing clock
Related violations: <none>

TIMING-17#41 Warning
Non-clocked sequential cell  
The clock pin display/disp_ctrl/A[0]__284/C is not reached by a timing clock
Related violations: <none>

TIMING-17#42 Warning
Non-clocked sequential cell  
The clock pin display/disp_ctrl/A[0]__285/C is not reached by a timing clock
Related violations: <none>

TIMING-17#43 Warning
Non-clocked sequential cell  
The clock pin display/disp_ctrl/A[0]__286/C is not reached by a timing clock
Related violations: <none>

TIMING-17#44 Warning
Non-clocked sequential cell  
The clock pin display/disp_ctrl/A[0]__287/C is not reached by a timing clock
Related violations: <none>

TIMING-17#45 Warning
Non-clocked sequential cell  
The clock pin display/disp_ctrl/A[0]__288/C is not reached by a timing clock
Related violations: <none>

TIMING-17#46 Warning
Non-clocked sequential cell  
The clock pin display/disp_ctrl/A[0]__289/C is not reached by a timing clock
Related violations: <none>

TIMING-17#47 Warning
Non-clocked sequential cell  
The clock pin display/disp_ctrl/A[0]__290/C is not reached by a timing clock
Related violations: <none>

TIMING-17#48 Warning
Non-clocked sequential cell  
The clock pin display/disp_ctrl/A[0]__291/C is not reached by a timing clock
Related violations: <none>

TIMING-17#49 Warning
Non-clocked sequential cell  
The clock pin display/disp_ctrl/A[0]__292/C is not reached by a timing clock
Related violations: <none>

TIMING-17#50 Warning
Non-clocked sequential cell  
The clock pin display/disp_ctrl/A[0]__293/C is not reached by a timing clock
Related violations: <none>

TIMING-17#51 Warning
Non-clocked sequential cell  
The clock pin display/disp_ctrl/A[0]__294/C is not reached by a timing clock
Related violations: <none>

TIMING-17#52 Warning
Non-clocked sequential cell  
The clock pin display/disp_ctrl/A[0]__295/C is not reached by a timing clock
Related violations: <none>

TIMING-17#53 Warning
Non-clocked sequential cell  
The clock pin display/disp_ctrl/A[0]__296/C is not reached by a timing clock
Related violations: <none>

TIMING-17#54 Warning
Non-clocked sequential cell  
The clock pin display/disp_ctrl/A[0]__297/C is not reached by a timing clock
Related violations: <none>

TIMING-17#55 Warning
Non-clocked sequential cell  
The clock pin display/disp_ctrl/A[0]__298/C is not reached by a timing clock
Related violations: <none>

TIMING-17#56 Warning
Non-clocked sequential cell  
The clock pin display/disp_ctrl/A[0]__299/C is not reached by a timing clock
Related violations: <none>

TIMING-17#57 Warning
Non-clocked sequential cell  
The clock pin display/disp_ctrl/A[0]__30/C is not reached by a timing clock
Related violations: <none>

TIMING-17#58 Warning
Non-clocked sequential cell  
The clock pin display/disp_ctrl/A[0]__300/C is not reached by a timing clock
Related violations: <none>

TIMING-17#59 Warning
Non-clocked sequential cell  
The clock pin display/disp_ctrl/A[0]__301/C is not reached by a timing clock
Related violations: <none>

TIMING-17#60 Warning
Non-clocked sequential cell  
The clock pin display/disp_ctrl/A[0]__302/C is not reached by a timing clock
Related violations: <none>

TIMING-17#61 Warning
Non-clocked sequential cell  
The clock pin display/disp_ctrl/A[0]__303/C is not reached by a timing clock
Related violations: <none>

TIMING-17#62 Warning
Non-clocked sequential cell  
The clock pin display/disp_ctrl/A[0]__304/C is not reached by a timing clock
Related violations: <none>

TIMING-17#63 Warning
Non-clocked sequential cell  
The clock pin display/disp_ctrl/A[0]__305/C is not reached by a timing clock
Related violations: <none>

TIMING-17#64 Warning
Non-clocked sequential cell  
The clock pin display/disp_ctrl/A[0]__306/C is not reached by a timing clock
Related violations: <none>

TIMING-17#65 Warning
Non-clocked sequential cell  
The clock pin display/disp_ctrl/A[0]__307/C is not reached by a timing clock
Related violations: <none>

TIMING-17#66 Warning
Non-clocked sequential cell  
The clock pin display/disp_ctrl/A[0]__308/C is not reached by a timing clock
Related violations: <none>

TIMING-17#67 Warning
Non-clocked sequential cell  
The clock pin display/disp_ctrl/A[0]__309/C is not reached by a timing clock
Related violations: <none>

TIMING-17#68 Warning
Non-clocked sequential cell  
The clock pin display/disp_ctrl/A[0]__310/C is not reached by a timing clock
Related violations: <none>

TIMING-17#69 Warning
Non-clocked sequential cell  
The clock pin display/disp_ctrl/A[0]__311/C is not reached by a timing clock
Related violations: <none>

TIMING-17#70 Warning
Non-clocked sequential cell  
The clock pin display/disp_ctrl/A[0]__312/C is not reached by a timing clock
Related violations: <none>

TIMING-17#71 Warning
Non-clocked sequential cell  
The clock pin display/disp_ctrl/A[0]__313/C is not reached by a timing clock
Related violations: <none>

TIMING-17#72 Warning
Non-clocked sequential cell  
The clock pin display/disp_ctrl/A[0]__314/C is not reached by a timing clock
Related violations: <none>

TIMING-17#73 Warning
Non-clocked sequential cell  
The clock pin display/disp_ctrl/A[0]__315/C is not reached by a timing clock
Related violations: <none>

TIMING-17#74 Warning
Non-clocked sequential cell  
The clock pin display/disp_ctrl/A[0]__316/C is not reached by a timing clock
Related violations: <none>

TIMING-17#75 Warning
Non-clocked sequential cell  
The clock pin display/disp_ctrl/A[0]__317/C is not reached by a timing clock
Related violations: <none>

TIMING-17#76 Warning
Non-clocked sequential cell  
The clock pin display/disp_ctrl/A[0]__318/C is not reached by a timing clock
Related violations: <none>

TIMING-17#77 Warning
Non-clocked sequential cell  
The clock pin display/disp_ctrl/A[0]__319/C is not reached by a timing clock
Related violations: <none>

TIMING-17#78 Warning
Non-clocked sequential cell  
The clock pin display/disp_ctrl/A[0]__320/C is not reached by a timing clock
Related violations: <none>

TIMING-17#79 Warning
Non-clocked sequential cell  
The clock pin display/disp_ctrl/A[0]__321/C is not reached by a timing clock
Related violations: <none>

TIMING-17#80 Warning
Non-clocked sequential cell  
The clock pin display/disp_ctrl/A[0]__322/C is not reached by a timing clock
Related violations: <none>

TIMING-17#81 Warning
Non-clocked sequential cell  
The clock pin display/disp_ctrl/A[0]__323/C is not reached by a timing clock
Related violations: <none>

TIMING-17#82 Warning
Non-clocked sequential cell  
The clock pin display/disp_ctrl/A[0]__324/C is not reached by a timing clock
Related violations: <none>

TIMING-17#83 Warning
Non-clocked sequential cell  
The clock pin display/disp_ctrl/A[0]__325/C is not reached by a timing clock
Related violations: <none>

TIMING-17#84 Warning
Non-clocked sequential cell  
The clock pin display/disp_ctrl/A[0]__326/C is not reached by a timing clock
Related violations: <none>

TIMING-17#85 Warning
Non-clocked sequential cell  
The clock pin display/disp_ctrl/A[0]__327/C is not reached by a timing clock
Related violations: <none>

TIMING-17#86 Warning
Non-clocked sequential cell  
The clock pin display/disp_ctrl/A[0]__328/C is not reached by a timing clock
Related violations: <none>

TIMING-17#87 Warning
Non-clocked sequential cell  
The clock pin display/disp_ctrl/A[0]__329/C is not reached by a timing clock
Related violations: <none>

TIMING-17#88 Warning
Non-clocked sequential cell  
The clock pin display/disp_ctrl/A[0]__330/C is not reached by a timing clock
Related violations: <none>

TIMING-17#89 Warning
Non-clocked sequential cell  
The clock pin display/disp_ctrl/A[0]__331/C is not reached by a timing clock
Related violations: <none>

TIMING-17#90 Warning
Non-clocked sequential cell  
The clock pin display/disp_ctrl/A[0]__332/C is not reached by a timing clock
Related violations: <none>

TIMING-17#91 Warning
Non-clocked sequential cell  
The clock pin display/disp_ctrl/A[0]__333/C is not reached by a timing clock
Related violations: <none>

TIMING-17#92 Warning
Non-clocked sequential cell  
The clock pin display/disp_ctrl/A[0]__334/C is not reached by a timing clock
Related violations: <none>

TIMING-17#93 Warning
Non-clocked sequential cell  
The clock pin display/disp_ctrl/A[0]__335/C is not reached by a timing clock
Related violations: <none>

TIMING-17#94 Warning
Non-clocked sequential cell  
The clock pin display/disp_ctrl/A[0]__336/C is not reached by a timing clock
Related violations: <none>

TIMING-17#95 Warning
Non-clocked sequential cell  
The clock pin display/disp_ctrl/A[0]__337/C is not reached by a timing clock
Related violations: <none>

TIMING-17#96 Warning
Non-clocked sequential cell  
The clock pin display/disp_ctrl/A[0]__338/C is not reached by a timing clock
Related violations: <none>

TIMING-17#97 Warning
Non-clocked sequential cell  
The clock pin display/disp_ctrl/A[0]__339/C is not reached by a timing clock
Related violations: <none>

TIMING-17#98 Warning
Non-clocked sequential cell  
The clock pin display/disp_ctrl/A[0]__340/C is not reached by a timing clock
Related violations: <none>

TIMING-17#99 Warning
Non-clocked sequential cell  
The clock pin display/disp_ctrl/A[0]__341/C is not reached by a timing clock
Related violations: <none>

TIMING-17#100 Warning
Non-clocked sequential cell  
The clock pin display/disp_ctrl/A[0]__342/C is not reached by a timing clock
Related violations: <none>

TIMING-17#101 Warning
Non-clocked sequential cell  
The clock pin display/disp_ctrl/A[0]__343/C is not reached by a timing clock
Related violations: <none>

TIMING-17#102 Warning
Non-clocked sequential cell  
The clock pin display/disp_ctrl/A[0]__344/C is not reached by a timing clock
Related violations: <none>

TIMING-17#103 Warning
Non-clocked sequential cell  
The clock pin display/disp_ctrl/A[0]__345/C is not reached by a timing clock
Related violations: <none>

TIMING-17#104 Warning
Non-clocked sequential cell  
The clock pin display/disp_ctrl/A[0]__346/C is not reached by a timing clock
Related violations: <none>

TIMING-17#105 Warning
Non-clocked sequential cell  
The clock pin display/disp_ctrl/A[0]__347/C is not reached by a timing clock
Related violations: <none>

TIMING-17#106 Warning
Non-clocked sequential cell  
The clock pin display/disp_ctrl/A[0]__348/C is not reached by a timing clock
Related violations: <none>

TIMING-17#107 Warning
Non-clocked sequential cell  
The clock pin display/disp_ctrl/A[0]__349/C is not reached by a timing clock
Related violations: <none>

TIMING-17#108 Warning
Non-clocked sequential cell  
The clock pin display/disp_ctrl/A[0]__350/C is not reached by a timing clock
Related violations: <none>

TIMING-17#109 Warning
Non-clocked sequential cell  
The clock pin display/disp_ctrl/A[0]__351/C is not reached by a timing clock
Related violations: <none>

TIMING-17#110 Warning
Non-clocked sequential cell  
The clock pin display/disp_ctrl/A[0]__352/C is not reached by a timing clock
Related violations: <none>

TIMING-17#111 Warning
Non-clocked sequential cell  
The clock pin display/disp_ctrl/A[0]__353/C is not reached by a timing clock
Related violations: <none>

TIMING-17#112 Warning
Non-clocked sequential cell  
The clock pin display/disp_ctrl/A[0]__354/C is not reached by a timing clock
Related violations: <none>

TIMING-17#113 Warning
Non-clocked sequential cell  
The clock pin display/disp_ctrl/A[0]__355/C is not reached by a timing clock
Related violations: <none>

TIMING-17#114 Warning
Non-clocked sequential cell  
The clock pin display/disp_ctrl/A[0]__356/C is not reached by a timing clock
Related violations: <none>

TIMING-17#115 Warning
Non-clocked sequential cell  
The clock pin display/disp_ctrl/A[0]__357/C is not reached by a timing clock
Related violations: <none>

TIMING-17#116 Warning
Non-clocked sequential cell  
The clock pin display/disp_ctrl/A[0]__358/C is not reached by a timing clock
Related violations: <none>

TIMING-17#117 Warning
Non-clocked sequential cell  
The clock pin display/disp_ctrl/A[0]__359/C is not reached by a timing clock
Related violations: <none>

TIMING-17#118 Warning
Non-clocked sequential cell  
The clock pin display/disp_ctrl/A[0]__360/C is not reached by a timing clock
Related violations: <none>

TIMING-17#119 Warning
Non-clocked sequential cell  
The clock pin display/disp_ctrl/A[0]__361/C is not reached by a timing clock
Related violations: <none>

TIMING-17#120 Warning
Non-clocked sequential cell  
The clock pin display/disp_ctrl/A[0]__362/C is not reached by a timing clock
Related violations: <none>

TIMING-17#121 Warning
Non-clocked sequential cell  
The clock pin display/disp_ctrl/A[0]__363/C is not reached by a timing clock
Related violations: <none>

TIMING-17#122 Warning
Non-clocked sequential cell  
The clock pin display/disp_ctrl/A[0]__364/C is not reached by a timing clock
Related violations: <none>

TIMING-17#123 Warning
Non-clocked sequential cell  
The clock pin display/disp_ctrl/A[0]__365/C is not reached by a timing clock
Related violations: <none>

TIMING-17#124 Warning
Non-clocked sequential cell  
The clock pin display/disp_ctrl/A[0]__366/C is not reached by a timing clock
Related violations: <none>

TIMING-17#125 Warning
Non-clocked sequential cell  
The clock pin display/disp_ctrl/A[0]__367/C is not reached by a timing clock
Related violations: <none>

TIMING-17#126 Warning
Non-clocked sequential cell  
The clock pin display/disp_ctrl/A[0]__368/C is not reached by a timing clock
Related violations: <none>

TIMING-17#127 Warning
Non-clocked sequential cell  
The clock pin display/disp_ctrl/A[0]__369/C is not reached by a timing clock
Related violations: <none>

TIMING-17#128 Warning
Non-clocked sequential cell  
The clock pin display/disp_ctrl/A[0]__370/C is not reached by a timing clock
Related violations: <none>

TIMING-17#129 Warning
Non-clocked sequential cell  
The clock pin display/disp_ctrl/A[0]__371/C is not reached by a timing clock
Related violations: <none>

TIMING-17#130 Warning
Non-clocked sequential cell  
The clock pin display/disp_ctrl/A[0]__372/C is not reached by a timing clock
Related violations: <none>

TIMING-17#131 Warning
Non-clocked sequential cell  
The clock pin display/disp_ctrl/A[0]__373/C is not reached by a timing clock
Related violations: <none>

TIMING-17#132 Warning
Non-clocked sequential cell  
The clock pin display/disp_ctrl/A[0]__374/C is not reached by a timing clock
Related violations: <none>

TIMING-17#133 Warning
Non-clocked sequential cell  
The clock pin display/disp_ctrl/A[0]__375/C is not reached by a timing clock
Related violations: <none>

TIMING-17#134 Warning
Non-clocked sequential cell  
The clock pin display/disp_ctrl/A[0]__376/C is not reached by a timing clock
Related violations: <none>

TIMING-17#135 Warning
Non-clocked sequential cell  
The clock pin display/disp_ctrl/A[0]__377/C is not reached by a timing clock
Related violations: <none>

TIMING-17#136 Warning
Non-clocked sequential cell  
The clock pin display/disp_ctrl/A[0]__378/C is not reached by a timing clock
Related violations: <none>

TIMING-17#137 Warning
Non-clocked sequential cell  
The clock pin display/disp_ctrl/A[0]__379/C is not reached by a timing clock
Related violations: <none>

TIMING-17#138 Warning
Non-clocked sequential cell  
The clock pin display/disp_ctrl/A[0]__380/C is not reached by a timing clock
Related violations: <none>

TIMING-17#139 Warning
Non-clocked sequential cell  
The clock pin display/disp_ctrl/A[0]__381/C is not reached by a timing clock
Related violations: <none>

TIMING-17#140 Warning
Non-clocked sequential cell  
The clock pin display/disp_ctrl/A[0]__382/C is not reached by a timing clock
Related violations: <none>

TIMING-17#141 Warning
Non-clocked sequential cell  
The clock pin display/disp_ctrl/A[0]__383/C is not reached by a timing clock
Related violations: <none>

TIMING-17#142 Warning
Non-clocked sequential cell  
The clock pin display/disp_ctrl/A[0]__384/C is not reached by a timing clock
Related violations: <none>

TIMING-17#143 Warning
Non-clocked sequential cell  
The clock pin display/disp_ctrl/A[0]__385/C is not reached by a timing clock
Related violations: <none>

TIMING-17#144 Warning
Non-clocked sequential cell  
The clock pin display/disp_ctrl/A[0]__386/C is not reached by a timing clock
Related violations: <none>

TIMING-17#145 Warning
Non-clocked sequential cell  
The clock pin display/disp_ctrl/A[0]__387/C is not reached by a timing clock
Related violations: <none>

TIMING-17#146 Warning
Non-clocked sequential cell  
The clock pin display/disp_ctrl/A[0]__388/C is not reached by a timing clock
Related violations: <none>

TIMING-17#147 Warning
Non-clocked sequential cell  
The clock pin display/disp_ctrl/A[0]__389/C is not reached by a timing clock
Related violations: <none>

TIMING-17#148 Warning
Non-clocked sequential cell  
The clock pin display/disp_ctrl/A[0]__390/C is not reached by a timing clock
Related violations: <none>

TIMING-17#149 Warning
Non-clocked sequential cell  
The clock pin display/disp_ctrl/A[0]__391/C is not reached by a timing clock
Related violations: <none>

TIMING-17#150 Warning
Non-clocked sequential cell  
The clock pin display/disp_ctrl/A[0]__392/C is not reached by a timing clock
Related violations: <none>

TIMING-17#151 Warning
Non-clocked sequential cell  
The clock pin display/disp_ctrl/A[0]__393/C is not reached by a timing clock
Related violations: <none>

TIMING-17#152 Warning
Non-clocked sequential cell  
The clock pin display/disp_ctrl/A[0]__394/C is not reached by a timing clock
Related violations: <none>

TIMING-17#153 Warning
Non-clocked sequential cell  
The clock pin display/disp_ctrl/A[0]__395/C is not reached by a timing clock
Related violations: <none>

TIMING-17#154 Warning
Non-clocked sequential cell  
The clock pin display/disp_ctrl/A[0]__396/C is not reached by a timing clock
Related violations: <none>

TIMING-17#155 Warning
Non-clocked sequential cell  
The clock pin display/disp_ctrl/A[0]__397/C is not reached by a timing clock
Related violations: <none>

TIMING-17#156 Warning
Non-clocked sequential cell  
The clock pin display/disp_ctrl/A[0]__398/C is not reached by a timing clock
Related violations: <none>

TIMING-17#157 Warning
Non-clocked sequential cell  
The clock pin display/disp_ctrl/A[0]__399/C is not reached by a timing clock
Related violations: <none>

TIMING-17#158 Warning
Non-clocked sequential cell  
The clock pin display/disp_ctrl/A[0]__400/C is not reached by a timing clock
Related violations: <none>

TIMING-17#159 Warning
Non-clocked sequential cell  
The clock pin display/disp_ctrl/A[0]__401/C is not reached by a timing clock
Related violations: <none>

TIMING-17#160 Warning
Non-clocked sequential cell  
The clock pin display/disp_ctrl/A[0]__402/C is not reached by a timing clock
Related violations: <none>

TIMING-17#161 Warning
Non-clocked sequential cell  
The clock pin display/disp_ctrl/A[0]__403/C is not reached by a timing clock
Related violations: <none>

TIMING-17#162 Warning
Non-clocked sequential cell  
The clock pin display/disp_ctrl/A[0]__404/C is not reached by a timing clock
Related violations: <none>

TIMING-17#163 Warning
Non-clocked sequential cell  
The clock pin display/disp_ctrl/A[0]__405/C is not reached by a timing clock
Related violations: <none>

TIMING-17#164 Warning
Non-clocked sequential cell  
The clock pin display/disp_ctrl/A[0]__406/C is not reached by a timing clock
Related violations: <none>

TIMING-17#165 Warning
Non-clocked sequential cell  
The clock pin display/disp_ctrl/A[0]__407/C is not reached by a timing clock
Related violations: <none>

TIMING-17#166 Warning
Non-clocked sequential cell  
The clock pin display/disp_ctrl/A[0]__408/C is not reached by a timing clock
Related violations: <none>

TIMING-17#167 Warning
Non-clocked sequential cell  
The clock pin display/disp_ctrl/A[0]__409/C is not reached by a timing clock
Related violations: <none>

TIMING-17#168 Warning
Non-clocked sequential cell  
The clock pin display/disp_ctrl/A[0]__410/C is not reached by a timing clock
Related violations: <none>

TIMING-17#169 Warning
Non-clocked sequential cell  
The clock pin display/disp_ctrl/A[0]__411/C is not reached by a timing clock
Related violations: <none>

TIMING-17#170 Warning
Non-clocked sequential cell  
The clock pin display/disp_ctrl/A[0]__412/C is not reached by a timing clock
Related violations: <none>

TIMING-17#171 Warning
Non-clocked sequential cell  
The clock pin display/disp_ctrl/A[0]__413/C is not reached by a timing clock
Related violations: <none>

TIMING-17#172 Warning
Non-clocked sequential cell  
The clock pin display/disp_ctrl/A[0]__414/C is not reached by a timing clock
Related violations: <none>

TIMING-17#173 Warning
Non-clocked sequential cell  
The clock pin display/disp_ctrl/A[0]__415/C is not reached by a timing clock
Related violations: <none>

TIMING-17#174 Warning
Non-clocked sequential cell  
The clock pin display/disp_ctrl/A[0]__416/C is not reached by a timing clock
Related violations: <none>

TIMING-17#175 Warning
Non-clocked sequential cell  
The clock pin display/disp_ctrl/A[0]__417/C is not reached by a timing clock
Related violations: <none>

TIMING-17#176 Warning
Non-clocked sequential cell  
The clock pin display/disp_ctrl/A[0]__418/C is not reached by a timing clock
Related violations: <none>

TIMING-17#177 Warning
Non-clocked sequential cell  
The clock pin display/disp_ctrl/A[0]__419/C is not reached by a timing clock
Related violations: <none>

TIMING-17#178 Warning
Non-clocked sequential cell  
The clock pin display/disp_ctrl/A[0]__420/C is not reached by a timing clock
Related violations: <none>

TIMING-17#179 Warning
Non-clocked sequential cell  
The clock pin display/disp_ctrl/A[0]__421/C is not reached by a timing clock
Related violations: <none>

TIMING-17#180 Warning
Non-clocked sequential cell  
The clock pin display/disp_ctrl/A[0]__422/C is not reached by a timing clock
Related violations: <none>

TIMING-17#181 Warning
Non-clocked sequential cell  
The clock pin display/disp_ctrl/A[0]__423/C is not reached by a timing clock
Related violations: <none>

TIMING-17#182 Warning
Non-clocked sequential cell  
The clock pin display/disp_ctrl/A[0]__424/C is not reached by a timing clock
Related violations: <none>

TIMING-17#183 Warning
Non-clocked sequential cell  
The clock pin display/disp_ctrl/A[0]__425/C is not reached by a timing clock
Related violations: <none>

TIMING-17#184 Warning
Non-clocked sequential cell  
The clock pin display/disp_ctrl/A[0]__426/C is not reached by a timing clock
Related violations: <none>

TIMING-17#185 Warning
Non-clocked sequential cell  
The clock pin display/disp_ctrl/A[0]__427/C is not reached by a timing clock
Related violations: <none>

TIMING-17#186 Warning
Non-clocked sequential cell  
The clock pin display/disp_ctrl/A[0]__428/C is not reached by a timing clock
Related violations: <none>

TIMING-17#187 Warning
Non-clocked sequential cell  
The clock pin display/disp_ctrl/A[0]__429/C is not reached by a timing clock
Related violations: <none>

TIMING-17#188 Warning
Non-clocked sequential cell  
The clock pin display/disp_ctrl/A[0]__430/C is not reached by a timing clock
Related violations: <none>

TIMING-17#189 Warning
Non-clocked sequential cell  
The clock pin display/disp_ctrl/A[0]__431/C is not reached by a timing clock
Related violations: <none>

TIMING-17#190 Warning
Non-clocked sequential cell  
The clock pin display/disp_ctrl/A[0]__432/C is not reached by a timing clock
Related violations: <none>

TIMING-17#191 Warning
Non-clocked sequential cell  
The clock pin display/disp_ctrl/A[0]__433/C is not reached by a timing clock
Related violations: <none>

TIMING-17#192 Warning
Non-clocked sequential cell  
The clock pin display/disp_ctrl/A[0]__434/C is not reached by a timing clock
Related violations: <none>

TIMING-17#193 Warning
Non-clocked sequential cell  
The clock pin display/disp_ctrl/A[0]__435/C is not reached by a timing clock
Related violations: <none>

TIMING-17#194 Warning
Non-clocked sequential cell  
The clock pin display/disp_ctrl/A[0]__436/C is not reached by a timing clock
Related violations: <none>

TIMING-17#195 Warning
Non-clocked sequential cell  
The clock pin display/disp_ctrl/A[0]__437/C is not reached by a timing clock
Related violations: <none>

TIMING-17#196 Warning
Non-clocked sequential cell  
The clock pin display/disp_ctrl/A[0]__438/C is not reached by a timing clock
Related violations: <none>

TIMING-17#197 Warning
Non-clocked sequential cell  
The clock pin display/disp_ctrl/A[0]__439/C is not reached by a timing clock
Related violations: <none>

TIMING-17#198 Warning
Non-clocked sequential cell  
The clock pin display/disp_ctrl/A[0]__440/C is not reached by a timing clock
Related violations: <none>

TIMING-17#199 Warning
Non-clocked sequential cell  
The clock pin display/disp_ctrl/A[0]__441/C is not reached by a timing clock
Related violations: <none>

TIMING-17#200 Warning
Non-clocked sequential cell  
The clock pin display/disp_ctrl/A[0]__442/C is not reached by a timing clock
Related violations: <none>

TIMING-17#201 Warning
Non-clocked sequential cell  
The clock pin display/disp_ctrl/A[0]__443/C is not reached by a timing clock
Related violations: <none>

TIMING-17#202 Warning
Non-clocked sequential cell  
The clock pin display/disp_ctrl/A[0]__444/C is not reached by a timing clock
Related violations: <none>

TIMING-17#203 Warning
Non-clocked sequential cell  
The clock pin display/disp_ctrl/A[0]__445/C is not reached by a timing clock
Related violations: <none>

TIMING-17#204 Warning
Non-clocked sequential cell  
The clock pin display/disp_ctrl/A[0]__446/C is not reached by a timing clock
Related violations: <none>

TIMING-17#205 Warning
Non-clocked sequential cell  
The clock pin display/disp_ctrl/A[0]__447/C is not reached by a timing clock
Related violations: <none>

TIMING-17#206 Warning
Non-clocked sequential cell  
The clock pin display/disp_ctrl/A[0]__448/C is not reached by a timing clock
Related violations: <none>

TIMING-17#207 Warning
Non-clocked sequential cell  
The clock pin display/disp_ctrl/A[0]__449/C is not reached by a timing clock
Related violations: <none>

TIMING-17#208 Warning
Non-clocked sequential cell  
The clock pin display/disp_ctrl/A[0]__450/C is not reached by a timing clock
Related violations: <none>

TIMING-17#209 Warning
Non-clocked sequential cell  
The clock pin display/disp_ctrl/A[0]__451/C is not reached by a timing clock
Related violations: <none>

TIMING-17#210 Warning
Non-clocked sequential cell  
The clock pin display/disp_ctrl/A[0]__452/C is not reached by a timing clock
Related violations: <none>

TIMING-17#211 Warning
Non-clocked sequential cell  
The clock pin display/disp_ctrl/A[0]__453/C is not reached by a timing clock
Related violations: <none>

TIMING-17#212 Warning
Non-clocked sequential cell  
The clock pin display/disp_ctrl/A[0]__454/C is not reached by a timing clock
Related violations: <none>

TIMING-17#213 Warning
Non-clocked sequential cell  
The clock pin display/disp_ctrl/A[0]__455/C is not reached by a timing clock
Related violations: <none>

TIMING-17#214 Warning
Non-clocked sequential cell  
The clock pin display/disp_ctrl/A[0]__456/C is not reached by a timing clock
Related violations: <none>

TIMING-17#215 Warning
Non-clocked sequential cell  
The clock pin display/disp_ctrl/A[0]__457/C is not reached by a timing clock
Related violations: <none>

TIMING-17#216 Warning
Non-clocked sequential cell  
The clock pin display/disp_ctrl/A[0]__458/C is not reached by a timing clock
Related violations: <none>

TIMING-17#217 Warning
Non-clocked sequential cell  
The clock pin display/disp_ctrl/A[0]__459/C is not reached by a timing clock
Related violations: <none>

TIMING-17#218 Warning
Non-clocked sequential cell  
The clock pin display/disp_ctrl/A[0]__46/C is not reached by a timing clock
Related violations: <none>

TIMING-17#219 Warning
Non-clocked sequential cell  
The clock pin display/disp_ctrl/A[0]__460/C is not reached by a timing clock
Related violations: <none>

TIMING-17#220 Warning
Non-clocked sequential cell  
The clock pin display/disp_ctrl/A[0]__461/C is not reached by a timing clock
Related violations: <none>

TIMING-17#221 Warning
Non-clocked sequential cell  
The clock pin display/disp_ctrl/A[0]__462/C is not reached by a timing clock
Related violations: <none>

TIMING-17#222 Warning
Non-clocked sequential cell  
The clock pin display/disp_ctrl/A[0]__463/C is not reached by a timing clock
Related violations: <none>

TIMING-17#223 Warning
Non-clocked sequential cell  
The clock pin display/disp_ctrl/A[0]__464/C is not reached by a timing clock
Related violations: <none>

TIMING-17#224 Warning
Non-clocked sequential cell  
The clock pin display/disp_ctrl/A[0]__465/C is not reached by a timing clock
Related violations: <none>

TIMING-17#225 Warning
Non-clocked sequential cell  
The clock pin display/disp_ctrl/A[0]__466/C is not reached by a timing clock
Related violations: <none>

TIMING-17#226 Warning
Non-clocked sequential cell  
The clock pin display/disp_ctrl/A[0]__467/C is not reached by a timing clock
Related violations: <none>

TIMING-17#227 Warning
Non-clocked sequential cell  
The clock pin display/disp_ctrl/A[0]__468/C is not reached by a timing clock
Related violations: <none>

TIMING-17#228 Warning
Non-clocked sequential cell  
The clock pin display/disp_ctrl/A[0]__469/C is not reached by a timing clock
Related violations: <none>

TIMING-17#229 Warning
Non-clocked sequential cell  
The clock pin display/disp_ctrl/A[0]__470/C is not reached by a timing clock
Related violations: <none>

TIMING-17#230 Warning
Non-clocked sequential cell  
The clock pin display/disp_ctrl/A[0]__471/C is not reached by a timing clock
Related violations: <none>

TIMING-17#231 Warning
Non-clocked sequential cell  
The clock pin display/disp_ctrl/A[0]__472/C is not reached by a timing clock
Related violations: <none>

TIMING-17#232 Warning
Non-clocked sequential cell  
The clock pin display/disp_ctrl/A[0]__473/C is not reached by a timing clock
Related violations: <none>

TIMING-17#233 Warning
Non-clocked sequential cell  
The clock pin display/disp_ctrl/A[0]__474/C is not reached by a timing clock
Related violations: <none>

TIMING-17#234 Warning
Non-clocked sequential cell  
The clock pin display/disp_ctrl/A[0]__475/C is not reached by a timing clock
Related violations: <none>

TIMING-17#235 Warning
Non-clocked sequential cell  
The clock pin display/disp_ctrl/A[0]__476/C is not reached by a timing clock
Related violations: <none>

TIMING-17#236 Warning
Non-clocked sequential cell  
The clock pin display/disp_ctrl/A[0]__477/C is not reached by a timing clock
Related violations: <none>

TIMING-17#237 Warning
Non-clocked sequential cell  
The clock pin display/disp_ctrl/A[0]__478/C is not reached by a timing clock
Related violations: <none>

TIMING-17#238 Warning
Non-clocked sequential cell  
The clock pin display/disp_ctrl/A[0]__479/C is not reached by a timing clock
Related violations: <none>

TIMING-17#239 Warning
Non-clocked sequential cell  
The clock pin display/disp_ctrl/A[0]__480/C is not reached by a timing clock
Related violations: <none>

TIMING-17#240 Warning
Non-clocked sequential cell  
The clock pin display/disp_ctrl/A[0]__481/C is not reached by a timing clock
Related violations: <none>

TIMING-17#241 Warning
Non-clocked sequential cell  
The clock pin display/disp_ctrl/A[0]__482/C is not reached by a timing clock
Related violations: <none>

TIMING-17#242 Warning
Non-clocked sequential cell  
The clock pin display/disp_ctrl/A[0]__483/C is not reached by a timing clock
Related violations: <none>

TIMING-17#243 Warning
Non-clocked sequential cell  
The clock pin display/disp_ctrl/A[0]__484/C is not reached by a timing clock
Related violations: <none>

TIMING-17#244 Warning
Non-clocked sequential cell  
The clock pin display/disp_ctrl/A[0]__485/C is not reached by a timing clock
Related violations: <none>

TIMING-17#245 Warning
Non-clocked sequential cell  
The clock pin display/disp_ctrl/A[0]__486/C is not reached by a timing clock
Related violations: <none>

TIMING-17#246 Warning
Non-clocked sequential cell  
The clock pin display/disp_ctrl/A[0]__487/C is not reached by a timing clock
Related violations: <none>

TIMING-17#247 Warning
Non-clocked sequential cell  
The clock pin display/disp_ctrl/A[0]__488/C is not reached by a timing clock
Related violations: <none>

TIMING-17#248 Warning
Non-clocked sequential cell  
The clock pin display/disp_ctrl/A[0]__489/C is not reached by a timing clock
Related violations: <none>

TIMING-17#249 Warning
Non-clocked sequential cell  
The clock pin display/disp_ctrl/A[0]__490/C is not reached by a timing clock
Related violations: <none>

TIMING-17#250 Warning
Non-clocked sequential cell  
The clock pin display/disp_ctrl/A[0]__491/C is not reached by a timing clock
Related violations: <none>

TIMING-17#251 Warning
Non-clocked sequential cell  
The clock pin display/disp_ctrl/A[0]__492/C is not reached by a timing clock
Related violations: <none>

TIMING-17#252 Warning
Non-clocked sequential cell  
The clock pin display/disp_ctrl/A[0]__493/C is not reached by a timing clock
Related violations: <none>

TIMING-17#253 Warning
Non-clocked sequential cell  
The clock pin display/disp_ctrl/A[0]__494/C is not reached by a timing clock
Related violations: <none>

TIMING-17#254 Warning
Non-clocked sequential cell  
The clock pin display/disp_ctrl/A[0]__495/C is not reached by a timing clock
Related violations: <none>

TIMING-17#255 Warning
Non-clocked sequential cell  
The clock pin display/disp_ctrl/A[0]__496/C is not reached by a timing clock
Related violations: <none>

TIMING-17#256 Warning
Non-clocked sequential cell  
The clock pin display/disp_ctrl/A[0]__497/C is not reached by a timing clock
Related violations: <none>

TIMING-17#257 Warning
Non-clocked sequential cell  
The clock pin display/disp_ctrl/A[0]__498/C is not reached by a timing clock
Related violations: <none>

TIMING-17#258 Warning
Non-clocked sequential cell  
The clock pin display/disp_ctrl/A[0]__499/C is not reached by a timing clock
Related violations: <none>

TIMING-17#259 Warning
Non-clocked sequential cell  
The clock pin display/disp_ctrl/A[0]__500/C is not reached by a timing clock
Related violations: <none>

TIMING-17#260 Warning
Non-clocked sequential cell  
The clock pin display/disp_ctrl/A[0]__501/C is not reached by a timing clock
Related violations: <none>

TIMING-17#261 Warning
Non-clocked sequential cell  
The clock pin display/disp_ctrl/A[0]__502/C is not reached by a timing clock
Related violations: <none>

TIMING-17#262 Warning
Non-clocked sequential cell  
The clock pin display/disp_ctrl/A[0]__503/C is not reached by a timing clock
Related violations: <none>

TIMING-17#263 Warning
Non-clocked sequential cell  
The clock pin display/disp_ctrl/A[0]__504/C is not reached by a timing clock
Related violations: <none>

TIMING-17#264 Warning
Non-clocked sequential cell  
The clock pin display/disp_ctrl/A[0]__505/C is not reached by a timing clock
Related violations: <none>

TIMING-17#265 Warning
Non-clocked sequential cell  
The clock pin display/disp_ctrl/A[0]__506/C is not reached by a timing clock
Related violations: <none>

TIMING-17#266 Warning
Non-clocked sequential cell  
The clock pin display/disp_ctrl/A[0]__507/C is not reached by a timing clock
Related violations: <none>

TIMING-17#267 Warning
Non-clocked sequential cell  
The clock pin display/disp_ctrl/A[0]__508/C is not reached by a timing clock
Related violations: <none>

TIMING-17#268 Warning
Non-clocked sequential cell  
The clock pin display/disp_ctrl/A[0]__62/C is not reached by a timing clock
Related violations: <none>

TIMING-17#269 Warning
Non-clocked sequential cell  
The clock pin display/disp_ctrl/A[0]__78/C is not reached by a timing clock
Related violations: <none>

TIMING-17#270 Warning
Non-clocked sequential cell  
The clock pin display/disp_ctrl/A[0]__94/C is not reached by a timing clock
Related violations: <none>

TIMING-17#271 Warning
Non-clocked sequential cell  
The clock pin display/disp_ctrl/A[1]__110/C is not reached by a timing clock
Related violations: <none>

TIMING-17#272 Warning
Non-clocked sequential cell  
The clock pin display/disp_ctrl/A[1]__126/C is not reached by a timing clock
Related violations: <none>

TIMING-17#273 Warning
Non-clocked sequential cell  
The clock pin display/disp_ctrl/A[1]__14/C is not reached by a timing clock
Related violations: <none>

TIMING-17#274 Warning
Non-clocked sequential cell  
The clock pin display/disp_ctrl/A[1]__142/C is not reached by a timing clock
Related violations: <none>

TIMING-17#275 Warning
Non-clocked sequential cell  
The clock pin display/disp_ctrl/A[1]__158/C is not reached by a timing clock
Related violations: <none>

TIMING-17#276 Warning
Non-clocked sequential cell  
The clock pin display/disp_ctrl/A[1]__174/C is not reached by a timing clock
Related violations: <none>

TIMING-17#277 Warning
Non-clocked sequential cell  
The clock pin display/disp_ctrl/A[1]__190/C is not reached by a timing clock
Related violations: <none>

TIMING-17#278 Warning
Non-clocked sequential cell  
The clock pin display/disp_ctrl/A[1]__206/C is not reached by a timing clock
Related violations: <none>

TIMING-17#279 Warning
Non-clocked sequential cell  
The clock pin display/disp_ctrl/A[1]__222/C is not reached by a timing clock
Related violations: <none>

TIMING-17#280 Warning
Non-clocked sequential cell  
The clock pin display/disp_ctrl/A[1]__238/C is not reached by a timing clock
Related violations: <none>

TIMING-17#281 Warning
Non-clocked sequential cell  
The clock pin display/disp_ctrl/A[1]__254/C is not reached by a timing clock
Related violations: <none>

TIMING-17#282 Warning
Non-clocked sequential cell  
The clock pin display/disp_ctrl/A[1]__255/C is not reached by a timing clock
Related violations: <none>

TIMING-17#283 Warning
Non-clocked sequential cell  
The clock pin display/disp_ctrl/A[1]__256/C is not reached by a timing clock
Related violations: <none>

TIMING-17#284 Warning
Non-clocked sequential cell  
The clock pin display/disp_ctrl/A[1]__257/C is not reached by a timing clock
Related violations: <none>

TIMING-17#285 Warning
Non-clocked sequential cell  
The clock pin display/disp_ctrl/A[1]__258/C is not reached by a timing clock
Related violations: <none>

TIMING-17#286 Warning
Non-clocked sequential cell  
The clock pin display/disp_ctrl/A[1]__259/C is not reached by a timing clock
Related violations: <none>

TIMING-17#287 Warning
Non-clocked sequential cell  
The clock pin display/disp_ctrl/A[1]__260/C is not reached by a timing clock
Related violations: <none>

TIMING-17#288 Warning
Non-clocked sequential cell  
The clock pin display/disp_ctrl/A[1]__261/C is not reached by a timing clock
Related violations: <none>

TIMING-17#289 Warning
Non-clocked sequential cell  
The clock pin display/disp_ctrl/A[1]__262/C is not reached by a timing clock
Related violations: <none>

TIMING-17#290 Warning
Non-clocked sequential cell  
The clock pin display/disp_ctrl/A[1]__263/C is not reached by a timing clock
Related violations: <none>

TIMING-17#291 Warning
Non-clocked sequential cell  
The clock pin display/disp_ctrl/A[1]__264/C is not reached by a timing clock
Related violations: <none>

TIMING-17#292 Warning
Non-clocked sequential cell  
The clock pin display/disp_ctrl/A[1]__265/C is not reached by a timing clock
Related violations: <none>

TIMING-17#293 Warning
Non-clocked sequential cell  
The clock pin display/disp_ctrl/A[1]__266/C is not reached by a timing clock
Related violations: <none>

TIMING-17#294 Warning
Non-clocked sequential cell  
The clock pin display/disp_ctrl/A[1]__267/C is not reached by a timing clock
Related violations: <none>

TIMING-17#295 Warning
Non-clocked sequential cell  
The clock pin display/disp_ctrl/A[1]__268/C is not reached by a timing clock
Related violations: <none>

TIMING-17#296 Warning
Non-clocked sequential cell  
The clock pin display/disp_ctrl/A[1]__269/C is not reached by a timing clock
Related violations: <none>

TIMING-17#297 Warning
Non-clocked sequential cell  
The clock pin display/disp_ctrl/A[1]__270/C is not reached by a timing clock
Related violations: <none>

TIMING-17#298 Warning
Non-clocked sequential cell  
The clock pin display/disp_ctrl/A[1]__271/C is not reached by a timing clock
Related violations: <none>

TIMING-17#299 Warning
Non-clocked sequential cell  
The clock pin display/disp_ctrl/A[1]__272/C is not reached by a timing clock
Related violations: <none>

TIMING-17#300 Warning
Non-clocked sequential cell  
The clock pin display/disp_ctrl/A[1]__273/C is not reached by a timing clock
Related violations: <none>

TIMING-17#301 Warning
Non-clocked sequential cell  
The clock pin display/disp_ctrl/A[1]__274/C is not reached by a timing clock
Related violations: <none>

TIMING-17#302 Warning
Non-clocked sequential cell  
The clock pin display/disp_ctrl/A[1]__275/C is not reached by a timing clock
Related violations: <none>

TIMING-17#303 Warning
Non-clocked sequential cell  
The clock pin display/disp_ctrl/A[1]__276/C is not reached by a timing clock
Related violations: <none>

TIMING-17#304 Warning
Non-clocked sequential cell  
The clock pin display/disp_ctrl/A[1]__277/C is not reached by a timing clock
Related violations: <none>

TIMING-17#305 Warning
Non-clocked sequential cell  
The clock pin display/disp_ctrl/A[1]__278/C is not reached by a timing clock
Related violations: <none>

TIMING-17#306 Warning
Non-clocked sequential cell  
The clock pin display/disp_ctrl/A[1]__279/C is not reached by a timing clock
Related violations: <none>

TIMING-17#307 Warning
Non-clocked sequential cell  
The clock pin display/disp_ctrl/A[1]__280/C is not reached by a timing clock
Related violations: <none>

TIMING-17#308 Warning
Non-clocked sequential cell  
The clock pin display/disp_ctrl/A[1]__281/C is not reached by a timing clock
Related violations: <none>

TIMING-17#309 Warning
Non-clocked sequential cell  
The clock pin display/disp_ctrl/A[1]__282/C is not reached by a timing clock
Related violations: <none>

TIMING-17#310 Warning
Non-clocked sequential cell  
The clock pin display/disp_ctrl/A[1]__283/C is not reached by a timing clock
Related violations: <none>

TIMING-17#311 Warning
Non-clocked sequential cell  
The clock pin display/disp_ctrl/A[1]__284/C is not reached by a timing clock
Related violations: <none>

TIMING-17#312 Warning
Non-clocked sequential cell  
The clock pin display/disp_ctrl/A[1]__285/C is not reached by a timing clock
Related violations: <none>

TIMING-17#313 Warning
Non-clocked sequential cell  
The clock pin display/disp_ctrl/A[1]__286/C is not reached by a timing clock
Related violations: <none>

TIMING-17#314 Warning
Non-clocked sequential cell  
The clock pin display/disp_ctrl/A[1]__287/C is not reached by a timing clock
Related violations: <none>

TIMING-17#315 Warning
Non-clocked sequential cell  
The clock pin display/disp_ctrl/A[1]__288/C is not reached by a timing clock
Related violations: <none>

TIMING-17#316 Warning
Non-clocked sequential cell  
The clock pin display/disp_ctrl/A[1]__289/C is not reached by a timing clock
Related violations: <none>

TIMING-17#317 Warning
Non-clocked sequential cell  
The clock pin display/disp_ctrl/A[1]__290/C is not reached by a timing clock
Related violations: <none>

TIMING-17#318 Warning
Non-clocked sequential cell  
The clock pin display/disp_ctrl/A[1]__291/C is not reached by a timing clock
Related violations: <none>

TIMING-17#319 Warning
Non-clocked sequential cell  
The clock pin display/disp_ctrl/A[1]__292/C is not reached by a timing clock
Related violations: <none>

TIMING-17#320 Warning
Non-clocked sequential cell  
The clock pin display/disp_ctrl/A[1]__293/C is not reached by a timing clock
Related violations: <none>

TIMING-17#321 Warning
Non-clocked sequential cell  
The clock pin display/disp_ctrl/A[1]__294/C is not reached by a timing clock
Related violations: <none>

TIMING-17#322 Warning
Non-clocked sequential cell  
The clock pin display/disp_ctrl/A[1]__295/C is not reached by a timing clock
Related violations: <none>

TIMING-17#323 Warning
Non-clocked sequential cell  
The clock pin display/disp_ctrl/A[1]__296/C is not reached by a timing clock
Related violations: <none>

TIMING-17#324 Warning
Non-clocked sequential cell  
The clock pin display/disp_ctrl/A[1]__297/C is not reached by a timing clock
Related violations: <none>

TIMING-17#325 Warning
Non-clocked sequential cell  
The clock pin display/disp_ctrl/A[1]__298/C is not reached by a timing clock
Related violations: <none>

TIMING-17#326 Warning
Non-clocked sequential cell  
The clock pin display/disp_ctrl/A[1]__299/C is not reached by a timing clock
Related violations: <none>

TIMING-17#327 Warning
Non-clocked sequential cell  
The clock pin display/disp_ctrl/A[1]__30/C is not reached by a timing clock
Related violations: <none>

TIMING-17#328 Warning
Non-clocked sequential cell  
The clock pin display/disp_ctrl/A[1]__300/C is not reached by a timing clock
Related violations: <none>

TIMING-17#329 Warning
Non-clocked sequential cell  
The clock pin display/disp_ctrl/A[1]__301/C is not reached by a timing clock
Related violations: <none>

TIMING-17#330 Warning
Non-clocked sequential cell  
The clock pin display/disp_ctrl/A[1]__302/C is not reached by a timing clock
Related violations: <none>

TIMING-17#331 Warning
Non-clocked sequential cell  
The clock pin display/disp_ctrl/A[1]__303/C is not reached by a timing clock
Related violations: <none>

TIMING-17#332 Warning
Non-clocked sequential cell  
The clock pin display/disp_ctrl/A[1]__304/C is not reached by a timing clock
Related violations: <none>

TIMING-17#333 Warning
Non-clocked sequential cell  
The clock pin display/disp_ctrl/A[1]__305/C is not reached by a timing clock
Related violations: <none>

TIMING-17#334 Warning
Non-clocked sequential cell  
The clock pin display/disp_ctrl/A[1]__306/C is not reached by a timing clock
Related violations: <none>

TIMING-17#335 Warning
Non-clocked sequential cell  
The clock pin display/disp_ctrl/A[1]__307/C is not reached by a timing clock
Related violations: <none>

TIMING-17#336 Warning
Non-clocked sequential cell  
The clock pin display/disp_ctrl/A[1]__308/C is not reached by a timing clock
Related violations: <none>

TIMING-17#337 Warning
Non-clocked sequential cell  
The clock pin display/disp_ctrl/A[1]__309/C is not reached by a timing clock
Related violations: <none>

TIMING-17#338 Warning
Non-clocked sequential cell  
The clock pin display/disp_ctrl/A[1]__310/C is not reached by a timing clock
Related violations: <none>

TIMING-17#339 Warning
Non-clocked sequential cell  
The clock pin display/disp_ctrl/A[1]__311/C is not reached by a timing clock
Related violations: <none>

TIMING-17#340 Warning
Non-clocked sequential cell  
The clock pin display/disp_ctrl/A[1]__312/C is not reached by a timing clock
Related violations: <none>

TIMING-17#341 Warning
Non-clocked sequential cell  
The clock pin display/disp_ctrl/A[1]__313/C is not reached by a timing clock
Related violations: <none>

TIMING-17#342 Warning
Non-clocked sequential cell  
The clock pin display/disp_ctrl/A[1]__314/C is not reached by a timing clock
Related violations: <none>

TIMING-17#343 Warning
Non-clocked sequential cell  
The clock pin display/disp_ctrl/A[1]__315/C is not reached by a timing clock
Related violations: <none>

TIMING-17#344 Warning
Non-clocked sequential cell  
The clock pin display/disp_ctrl/A[1]__316/C is not reached by a timing clock
Related violations: <none>

TIMING-17#345 Warning
Non-clocked sequential cell  
The clock pin display/disp_ctrl/A[1]__317/C is not reached by a timing clock
Related violations: <none>

TIMING-17#346 Warning
Non-clocked sequential cell  
The clock pin display/disp_ctrl/A[1]__318/C is not reached by a timing clock
Related violations: <none>

TIMING-17#347 Warning
Non-clocked sequential cell  
The clock pin display/disp_ctrl/A[1]__319/C is not reached by a timing clock
Related violations: <none>

TIMING-17#348 Warning
Non-clocked sequential cell  
The clock pin display/disp_ctrl/A[1]__320/C is not reached by a timing clock
Related violations: <none>

TIMING-17#349 Warning
Non-clocked sequential cell  
The clock pin display/disp_ctrl/A[1]__321/C is not reached by a timing clock
Related violations: <none>

TIMING-17#350 Warning
Non-clocked sequential cell  
The clock pin display/disp_ctrl/A[1]__322/C is not reached by a timing clock
Related violations: <none>

TIMING-17#351 Warning
Non-clocked sequential cell  
The clock pin display/disp_ctrl/A[1]__323/C is not reached by a timing clock
Related violations: <none>

TIMING-17#352 Warning
Non-clocked sequential cell  
The clock pin display/disp_ctrl/A[1]__324/C is not reached by a timing clock
Related violations: <none>

TIMING-17#353 Warning
Non-clocked sequential cell  
The clock pin display/disp_ctrl/A[1]__325/C is not reached by a timing clock
Related violations: <none>

TIMING-17#354 Warning
Non-clocked sequential cell  
The clock pin display/disp_ctrl/A[1]__326/C is not reached by a timing clock
Related violations: <none>

TIMING-17#355 Warning
Non-clocked sequential cell  
The clock pin display/disp_ctrl/A[1]__327/C is not reached by a timing clock
Related violations: <none>

TIMING-17#356 Warning
Non-clocked sequential cell  
The clock pin display/disp_ctrl/A[1]__328/C is not reached by a timing clock
Related violations: <none>

TIMING-17#357 Warning
Non-clocked sequential cell  
The clock pin display/disp_ctrl/A[1]__329/C is not reached by a timing clock
Related violations: <none>

TIMING-17#358 Warning
Non-clocked sequential cell  
The clock pin display/disp_ctrl/A[1]__330/C is not reached by a timing clock
Related violations: <none>

TIMING-17#359 Warning
Non-clocked sequential cell  
The clock pin display/disp_ctrl/A[1]__331/C is not reached by a timing clock
Related violations: <none>

TIMING-17#360 Warning
Non-clocked sequential cell  
The clock pin display/disp_ctrl/A[1]__332/C is not reached by a timing clock
Related violations: <none>

TIMING-17#361 Warning
Non-clocked sequential cell  
The clock pin display/disp_ctrl/A[1]__333/C is not reached by a timing clock
Related violations: <none>

TIMING-17#362 Warning
Non-clocked sequential cell  
The clock pin display/disp_ctrl/A[1]__334/C is not reached by a timing clock
Related violations: <none>

TIMING-17#363 Warning
Non-clocked sequential cell  
The clock pin display/disp_ctrl/A[1]__335/C is not reached by a timing clock
Related violations: <none>

TIMING-17#364 Warning
Non-clocked sequential cell  
The clock pin display/disp_ctrl/A[1]__336/C is not reached by a timing clock
Related violations: <none>

TIMING-17#365 Warning
Non-clocked sequential cell  
The clock pin display/disp_ctrl/A[1]__337/C is not reached by a timing clock
Related violations: <none>

TIMING-17#366 Warning
Non-clocked sequential cell  
The clock pin display/disp_ctrl/A[1]__338/C is not reached by a timing clock
Related violations: <none>

TIMING-17#367 Warning
Non-clocked sequential cell  
The clock pin display/disp_ctrl/A[1]__339/C is not reached by a timing clock
Related violations: <none>

TIMING-17#368 Warning
Non-clocked sequential cell  
The clock pin display/disp_ctrl/A[1]__340/C is not reached by a timing clock
Related violations: <none>

TIMING-17#369 Warning
Non-clocked sequential cell  
The clock pin display/disp_ctrl/A[1]__341/C is not reached by a timing clock
Related violations: <none>

TIMING-17#370 Warning
Non-clocked sequential cell  
The clock pin display/disp_ctrl/A[1]__342/C is not reached by a timing clock
Related violations: <none>

TIMING-17#371 Warning
Non-clocked sequential cell  
The clock pin display/disp_ctrl/A[1]__343/C is not reached by a timing clock
Related violations: <none>

TIMING-17#372 Warning
Non-clocked sequential cell  
The clock pin display/disp_ctrl/A[1]__344/C is not reached by a timing clock
Related violations: <none>

TIMING-17#373 Warning
Non-clocked sequential cell  
The clock pin display/disp_ctrl/A[1]__345/C is not reached by a timing clock
Related violations: <none>

TIMING-17#374 Warning
Non-clocked sequential cell  
The clock pin display/disp_ctrl/A[1]__346/C is not reached by a timing clock
Related violations: <none>

TIMING-17#375 Warning
Non-clocked sequential cell  
The clock pin display/disp_ctrl/A[1]__347/C is not reached by a timing clock
Related violations: <none>

TIMING-17#376 Warning
Non-clocked sequential cell  
The clock pin display/disp_ctrl/A[1]__348/C is not reached by a timing clock
Related violations: <none>

TIMING-17#377 Warning
Non-clocked sequential cell  
The clock pin display/disp_ctrl/A[1]__349/C is not reached by a timing clock
Related violations: <none>

TIMING-17#378 Warning
Non-clocked sequential cell  
The clock pin display/disp_ctrl/A[1]__350/C is not reached by a timing clock
Related violations: <none>

TIMING-17#379 Warning
Non-clocked sequential cell  
The clock pin display/disp_ctrl/A[1]__351/C is not reached by a timing clock
Related violations: <none>

TIMING-17#380 Warning
Non-clocked sequential cell  
The clock pin display/disp_ctrl/A[1]__352/C is not reached by a timing clock
Related violations: <none>

TIMING-17#381 Warning
Non-clocked sequential cell  
The clock pin display/disp_ctrl/A[1]__353/C is not reached by a timing clock
Related violations: <none>

TIMING-17#382 Warning
Non-clocked sequential cell  
The clock pin display/disp_ctrl/A[1]__354/C is not reached by a timing clock
Related violations: <none>

TIMING-17#383 Warning
Non-clocked sequential cell  
The clock pin display/disp_ctrl/A[1]__355/C is not reached by a timing clock
Related violations: <none>

TIMING-17#384 Warning
Non-clocked sequential cell  
The clock pin display/disp_ctrl/A[1]__356/C is not reached by a timing clock
Related violations: <none>

TIMING-17#385 Warning
Non-clocked sequential cell  
The clock pin display/disp_ctrl/A[1]__357/C is not reached by a timing clock
Related violations: <none>

TIMING-17#386 Warning
Non-clocked sequential cell  
The clock pin display/disp_ctrl/A[1]__358/C is not reached by a timing clock
Related violations: <none>

TIMING-17#387 Warning
Non-clocked sequential cell  
The clock pin display/disp_ctrl/A[1]__359/C is not reached by a timing clock
Related violations: <none>

TIMING-17#388 Warning
Non-clocked sequential cell  
The clock pin display/disp_ctrl/A[1]__360/C is not reached by a timing clock
Related violations: <none>

TIMING-17#389 Warning
Non-clocked sequential cell  
The clock pin display/disp_ctrl/A[1]__361/C is not reached by a timing clock
Related violations: <none>

TIMING-17#390 Warning
Non-clocked sequential cell  
The clock pin display/disp_ctrl/A[1]__362/C is not reached by a timing clock
Related violations: <none>

TIMING-17#391 Warning
Non-clocked sequential cell  
The clock pin display/disp_ctrl/A[1]__363/C is not reached by a timing clock
Related violations: <none>

TIMING-17#392 Warning
Non-clocked sequential cell  
The clock pin display/disp_ctrl/A[1]__364/C is not reached by a timing clock
Related violations: <none>

TIMING-17#393 Warning
Non-clocked sequential cell  
The clock pin display/disp_ctrl/A[1]__365/C is not reached by a timing clock
Related violations: <none>

TIMING-17#394 Warning
Non-clocked sequential cell  
The clock pin display/disp_ctrl/A[1]__366/C is not reached by a timing clock
Related violations: <none>

TIMING-17#395 Warning
Non-clocked sequential cell  
The clock pin display/disp_ctrl/A[1]__367/C is not reached by a timing clock
Related violations: <none>

TIMING-17#396 Warning
Non-clocked sequential cell  
The clock pin display/disp_ctrl/A[1]__368/C is not reached by a timing clock
Related violations: <none>

TIMING-17#397 Warning
Non-clocked sequential cell  
The clock pin display/disp_ctrl/A[1]__369/C is not reached by a timing clock
Related violations: <none>

TIMING-17#398 Warning
Non-clocked sequential cell  
The clock pin display/disp_ctrl/A[1]__370/C is not reached by a timing clock
Related violations: <none>

TIMING-17#399 Warning
Non-clocked sequential cell  
The clock pin display/disp_ctrl/A[1]__371/C is not reached by a timing clock
Related violations: <none>

TIMING-17#400 Warning
Non-clocked sequential cell  
The clock pin display/disp_ctrl/A[1]__372/C is not reached by a timing clock
Related violations: <none>

TIMING-17#401 Warning
Non-clocked sequential cell  
The clock pin display/disp_ctrl/A[1]__373/C is not reached by a timing clock
Related violations: <none>

TIMING-17#402 Warning
Non-clocked sequential cell  
The clock pin display/disp_ctrl/A[1]__374/C is not reached by a timing clock
Related violations: <none>

TIMING-17#403 Warning
Non-clocked sequential cell  
The clock pin display/disp_ctrl/A[1]__375/C is not reached by a timing clock
Related violations: <none>

TIMING-17#404 Warning
Non-clocked sequential cell  
The clock pin display/disp_ctrl/A[1]__376/C is not reached by a timing clock
Related violations: <none>

TIMING-17#405 Warning
Non-clocked sequential cell  
The clock pin display/disp_ctrl/A[1]__377/C is not reached by a timing clock
Related violations: <none>

TIMING-17#406 Warning
Non-clocked sequential cell  
The clock pin display/disp_ctrl/A[1]__378/C is not reached by a timing clock
Related violations: <none>

TIMING-17#407 Warning
Non-clocked sequential cell  
The clock pin display/disp_ctrl/A[1]__379/C is not reached by a timing clock
Related violations: <none>

TIMING-17#408 Warning
Non-clocked sequential cell  
The clock pin display/disp_ctrl/A[1]__380/C is not reached by a timing clock
Related violations: <none>

TIMING-17#409 Warning
Non-clocked sequential cell  
The clock pin display/disp_ctrl/A[1]__381/C is not reached by a timing clock
Related violations: <none>

TIMING-17#410 Warning
Non-clocked sequential cell  
The clock pin display/disp_ctrl/A[1]__382/C is not reached by a timing clock
Related violations: <none>

TIMING-17#411 Warning
Non-clocked sequential cell  
The clock pin display/disp_ctrl/A[1]__383/C is not reached by a timing clock
Related violations: <none>

TIMING-17#412 Warning
Non-clocked sequential cell  
The clock pin display/disp_ctrl/A[1]__384/C is not reached by a timing clock
Related violations: <none>

TIMING-17#413 Warning
Non-clocked sequential cell  
The clock pin display/disp_ctrl/A[1]__385/C is not reached by a timing clock
Related violations: <none>

TIMING-17#414 Warning
Non-clocked sequential cell  
The clock pin display/disp_ctrl/A[1]__386/C is not reached by a timing clock
Related violations: <none>

TIMING-17#415 Warning
Non-clocked sequential cell  
The clock pin display/disp_ctrl/A[1]__387/C is not reached by a timing clock
Related violations: <none>

TIMING-17#416 Warning
Non-clocked sequential cell  
The clock pin display/disp_ctrl/A[1]__388/C is not reached by a timing clock
Related violations: <none>

TIMING-17#417 Warning
Non-clocked sequential cell  
The clock pin display/disp_ctrl/A[1]__389/C is not reached by a timing clock
Related violations: <none>

TIMING-17#418 Warning
Non-clocked sequential cell  
The clock pin display/disp_ctrl/A[1]__390/C is not reached by a timing clock
Related violations: <none>

TIMING-17#419 Warning
Non-clocked sequential cell  
The clock pin display/disp_ctrl/A[1]__391/C is not reached by a timing clock
Related violations: <none>

TIMING-17#420 Warning
Non-clocked sequential cell  
The clock pin display/disp_ctrl/A[1]__392/C is not reached by a timing clock
Related violations: <none>

TIMING-17#421 Warning
Non-clocked sequential cell  
The clock pin display/disp_ctrl/A[1]__393/C is not reached by a timing clock
Related violations: <none>

TIMING-17#422 Warning
Non-clocked sequential cell  
The clock pin display/disp_ctrl/A[1]__394/C is not reached by a timing clock
Related violations: <none>

TIMING-17#423 Warning
Non-clocked sequential cell  
The clock pin display/disp_ctrl/A[1]__395/C is not reached by a timing clock
Related violations: <none>

TIMING-17#424 Warning
Non-clocked sequential cell  
The clock pin display/disp_ctrl/A[1]__396/C is not reached by a timing clock
Related violations: <none>

TIMING-17#425 Warning
Non-clocked sequential cell  
The clock pin display/disp_ctrl/A[1]__397/C is not reached by a timing clock
Related violations: <none>

TIMING-17#426 Warning
Non-clocked sequential cell  
The clock pin display/disp_ctrl/A[1]__398/C is not reached by a timing clock
Related violations: <none>

TIMING-17#427 Warning
Non-clocked sequential cell  
The clock pin display/disp_ctrl/A[1]__399/C is not reached by a timing clock
Related violations: <none>

TIMING-17#428 Warning
Non-clocked sequential cell  
The clock pin display/disp_ctrl/A[1]__400/C is not reached by a timing clock
Related violations: <none>

TIMING-17#429 Warning
Non-clocked sequential cell  
The clock pin display/disp_ctrl/A[1]__401/C is not reached by a timing clock
Related violations: <none>

TIMING-17#430 Warning
Non-clocked sequential cell  
The clock pin display/disp_ctrl/A[1]__402/C is not reached by a timing clock
Related violations: <none>

TIMING-17#431 Warning
Non-clocked sequential cell  
The clock pin display/disp_ctrl/A[1]__403/C is not reached by a timing clock
Related violations: <none>

TIMING-17#432 Warning
Non-clocked sequential cell  
The clock pin display/disp_ctrl/A[1]__404/C is not reached by a timing clock
Related violations: <none>

TIMING-17#433 Warning
Non-clocked sequential cell  
The clock pin display/disp_ctrl/A[1]__405/C is not reached by a timing clock
Related violations: <none>

TIMING-17#434 Warning
Non-clocked sequential cell  
The clock pin display/disp_ctrl/A[1]__406/C is not reached by a timing clock
Related violations: <none>

TIMING-17#435 Warning
Non-clocked sequential cell  
The clock pin display/disp_ctrl/A[1]__407/C is not reached by a timing clock
Related violations: <none>

TIMING-17#436 Warning
Non-clocked sequential cell  
The clock pin display/disp_ctrl/A[1]__408/C is not reached by a timing clock
Related violations: <none>

TIMING-17#437 Warning
Non-clocked sequential cell  
The clock pin display/disp_ctrl/A[1]__409/C is not reached by a timing clock
Related violations: <none>

TIMING-17#438 Warning
Non-clocked sequential cell  
The clock pin display/disp_ctrl/A[1]__410/C is not reached by a timing clock
Related violations: <none>

TIMING-17#439 Warning
Non-clocked sequential cell  
The clock pin display/disp_ctrl/A[1]__411/C is not reached by a timing clock
Related violations: <none>

TIMING-17#440 Warning
Non-clocked sequential cell  
The clock pin display/disp_ctrl/A[1]__412/C is not reached by a timing clock
Related violations: <none>

TIMING-17#441 Warning
Non-clocked sequential cell  
The clock pin display/disp_ctrl/A[1]__413/C is not reached by a timing clock
Related violations: <none>

TIMING-17#442 Warning
Non-clocked sequential cell  
The clock pin display/disp_ctrl/A[1]__414/C is not reached by a timing clock
Related violations: <none>

TIMING-17#443 Warning
Non-clocked sequential cell  
The clock pin display/disp_ctrl/A[1]__415/C is not reached by a timing clock
Related violations: <none>

TIMING-17#444 Warning
Non-clocked sequential cell  
The clock pin display/disp_ctrl/A[1]__416/C is not reached by a timing clock
Related violations: <none>

TIMING-17#445 Warning
Non-clocked sequential cell  
The clock pin display/disp_ctrl/A[1]__417/C is not reached by a timing clock
Related violations: <none>

TIMING-17#446 Warning
Non-clocked sequential cell  
The clock pin display/disp_ctrl/A[1]__418/C is not reached by a timing clock
Related violations: <none>

TIMING-17#447 Warning
Non-clocked sequential cell  
The clock pin display/disp_ctrl/A[1]__419/C is not reached by a timing clock
Related violations: <none>

TIMING-17#448 Warning
Non-clocked sequential cell  
The clock pin display/disp_ctrl/A[1]__420/C is not reached by a timing clock
Related violations: <none>

TIMING-17#449 Warning
Non-clocked sequential cell  
The clock pin display/disp_ctrl/A[1]__421/C is not reached by a timing clock
Related violations: <none>

TIMING-17#450 Warning
Non-clocked sequential cell  
The clock pin display/disp_ctrl/A[1]__422/C is not reached by a timing clock
Related violations: <none>

TIMING-17#451 Warning
Non-clocked sequential cell  
The clock pin display/disp_ctrl/A[1]__423/C is not reached by a timing clock
Related violations: <none>

TIMING-17#452 Warning
Non-clocked sequential cell  
The clock pin display/disp_ctrl/A[1]__424/C is not reached by a timing clock
Related violations: <none>

TIMING-17#453 Warning
Non-clocked sequential cell  
The clock pin display/disp_ctrl/A[1]__425/C is not reached by a timing clock
Related violations: <none>

TIMING-17#454 Warning
Non-clocked sequential cell  
The clock pin display/disp_ctrl/A[1]__426/C is not reached by a timing clock
Related violations: <none>

TIMING-17#455 Warning
Non-clocked sequential cell  
The clock pin display/disp_ctrl/A[1]__427/C is not reached by a timing clock
Related violations: <none>

TIMING-17#456 Warning
Non-clocked sequential cell  
The clock pin display/disp_ctrl/A[1]__428/C is not reached by a timing clock
Related violations: <none>

TIMING-17#457 Warning
Non-clocked sequential cell  
The clock pin display/disp_ctrl/A[1]__429/C is not reached by a timing clock
Related violations: <none>

TIMING-17#458 Warning
Non-clocked sequential cell  
The clock pin display/disp_ctrl/A[1]__430/C is not reached by a timing clock
Related violations: <none>

TIMING-17#459 Warning
Non-clocked sequential cell  
The clock pin display/disp_ctrl/A[1]__431/C is not reached by a timing clock
Related violations: <none>

TIMING-17#460 Warning
Non-clocked sequential cell  
The clock pin display/disp_ctrl/A[1]__432/C is not reached by a timing clock
Related violations: <none>

TIMING-17#461 Warning
Non-clocked sequential cell  
The clock pin display/disp_ctrl/A[1]__433/C is not reached by a timing clock
Related violations: <none>

TIMING-17#462 Warning
Non-clocked sequential cell  
The clock pin display/disp_ctrl/A[1]__434/C is not reached by a timing clock
Related violations: <none>

TIMING-17#463 Warning
Non-clocked sequential cell  
The clock pin display/disp_ctrl/A[1]__435/C is not reached by a timing clock
Related violations: <none>

TIMING-17#464 Warning
Non-clocked sequential cell  
The clock pin display/disp_ctrl/A[1]__436/C is not reached by a timing clock
Related violations: <none>

TIMING-17#465 Warning
Non-clocked sequential cell  
The clock pin display/disp_ctrl/A[1]__437/C is not reached by a timing clock
Related violations: <none>

TIMING-17#466 Warning
Non-clocked sequential cell  
The clock pin display/disp_ctrl/A[1]__438/C is not reached by a timing clock
Related violations: <none>

TIMING-17#467 Warning
Non-clocked sequential cell  
The clock pin display/disp_ctrl/A[1]__439/C is not reached by a timing clock
Related violations: <none>

TIMING-17#468 Warning
Non-clocked sequential cell  
The clock pin display/disp_ctrl/A[1]__440/C is not reached by a timing clock
Related violations: <none>

TIMING-17#469 Warning
Non-clocked sequential cell  
The clock pin display/disp_ctrl/A[1]__441/C is not reached by a timing clock
Related violations: <none>

TIMING-17#470 Warning
Non-clocked sequential cell  
The clock pin display/disp_ctrl/A[1]__442/C is not reached by a timing clock
Related violations: <none>

TIMING-17#471 Warning
Non-clocked sequential cell  
The clock pin display/disp_ctrl/A[1]__443/C is not reached by a timing clock
Related violations: <none>

TIMING-17#472 Warning
Non-clocked sequential cell  
The clock pin display/disp_ctrl/A[1]__444/C is not reached by a timing clock
Related violations: <none>

TIMING-17#473 Warning
Non-clocked sequential cell  
The clock pin display/disp_ctrl/A[1]__445/C is not reached by a timing clock
Related violations: <none>

TIMING-17#474 Warning
Non-clocked sequential cell  
The clock pin display/disp_ctrl/A[1]__446/C is not reached by a timing clock
Related violations: <none>

TIMING-17#475 Warning
Non-clocked sequential cell  
The clock pin display/disp_ctrl/A[1]__447/C is not reached by a timing clock
Related violations: <none>

TIMING-17#476 Warning
Non-clocked sequential cell  
The clock pin display/disp_ctrl/A[1]__448/C is not reached by a timing clock
Related violations: <none>

TIMING-17#477 Warning
Non-clocked sequential cell  
The clock pin display/disp_ctrl/A[1]__449/C is not reached by a timing clock
Related violations: <none>

TIMING-17#478 Warning
Non-clocked sequential cell  
The clock pin display/disp_ctrl/A[1]__450/C is not reached by a timing clock
Related violations: <none>

TIMING-17#479 Warning
Non-clocked sequential cell  
The clock pin display/disp_ctrl/A[1]__451/C is not reached by a timing clock
Related violations: <none>

TIMING-17#480 Warning
Non-clocked sequential cell  
The clock pin display/disp_ctrl/A[1]__452/C is not reached by a timing clock
Related violations: <none>

TIMING-17#481 Warning
Non-clocked sequential cell  
The clock pin display/disp_ctrl/A[1]__453/C is not reached by a timing clock
Related violations: <none>

TIMING-17#482 Warning
Non-clocked sequential cell  
The clock pin display/disp_ctrl/A[1]__454/C is not reached by a timing clock
Related violations: <none>

TIMING-17#483 Warning
Non-clocked sequential cell  
The clock pin display/disp_ctrl/A[1]__455/C is not reached by a timing clock
Related violations: <none>

TIMING-17#484 Warning
Non-clocked sequential cell  
The clock pin display/disp_ctrl/A[1]__456/C is not reached by a timing clock
Related violations: <none>

TIMING-17#485 Warning
Non-clocked sequential cell  
The clock pin display/disp_ctrl/A[1]__457/C is not reached by a timing clock
Related violations: <none>

TIMING-17#486 Warning
Non-clocked sequential cell  
The clock pin display/disp_ctrl/A[1]__458/C is not reached by a timing clock
Related violations: <none>

TIMING-17#487 Warning
Non-clocked sequential cell  
The clock pin display/disp_ctrl/A[1]__459/C is not reached by a timing clock
Related violations: <none>

TIMING-17#488 Warning
Non-clocked sequential cell  
The clock pin display/disp_ctrl/A[1]__46/C is not reached by a timing clock
Related violations: <none>

TIMING-17#489 Warning
Non-clocked sequential cell  
The clock pin display/disp_ctrl/A[1]__460/C is not reached by a timing clock
Related violations: <none>

TIMING-17#490 Warning
Non-clocked sequential cell  
The clock pin display/disp_ctrl/A[1]__461/C is not reached by a timing clock
Related violations: <none>

TIMING-17#491 Warning
Non-clocked sequential cell  
The clock pin display/disp_ctrl/A[1]__462/C is not reached by a timing clock
Related violations: <none>

TIMING-17#492 Warning
Non-clocked sequential cell  
The clock pin display/disp_ctrl/A[1]__463/C is not reached by a timing clock
Related violations: <none>

TIMING-17#493 Warning
Non-clocked sequential cell  
The clock pin display/disp_ctrl/A[1]__464/C is not reached by a timing clock
Related violations: <none>

TIMING-17#494 Warning
Non-clocked sequential cell  
The clock pin display/disp_ctrl/A[1]__465/C is not reached by a timing clock
Related violations: <none>

TIMING-17#495 Warning
Non-clocked sequential cell  
The clock pin display/disp_ctrl/A[1]__466/C is not reached by a timing clock
Related violations: <none>

TIMING-17#496 Warning
Non-clocked sequential cell  
The clock pin display/disp_ctrl/A[1]__467/C is not reached by a timing clock
Related violations: <none>

TIMING-17#497 Warning
Non-clocked sequential cell  
The clock pin display/disp_ctrl/A[1]__468/C is not reached by a timing clock
Related violations: <none>

TIMING-17#498 Warning
Non-clocked sequential cell  
The clock pin display/disp_ctrl/A[1]__469/C is not reached by a timing clock
Related violations: <none>

TIMING-17#499 Warning
Non-clocked sequential cell  
The clock pin display/disp_ctrl/A[1]__470/C is not reached by a timing clock
Related violations: <none>

TIMING-17#500 Warning
Non-clocked sequential cell  
The clock pin display/disp_ctrl/A[1]__471/C is not reached by a timing clock
Related violations: <none>

TIMING-17#501 Warning
Non-clocked sequential cell  
The clock pin display/disp_ctrl/A[1]__472/C is not reached by a timing clock
Related violations: <none>

TIMING-17#502 Warning
Non-clocked sequential cell  
The clock pin display/disp_ctrl/A[1]__473/C is not reached by a timing clock
Related violations: <none>

TIMING-17#503 Warning
Non-clocked sequential cell  
The clock pin display/disp_ctrl/A[1]__474/C is not reached by a timing clock
Related violations: <none>

TIMING-17#504 Warning
Non-clocked sequential cell  
The clock pin display/disp_ctrl/A[1]__475/C is not reached by a timing clock
Related violations: <none>

TIMING-17#505 Warning
Non-clocked sequential cell  
The clock pin display/disp_ctrl/A[1]__476/C is not reached by a timing clock
Related violations: <none>

TIMING-17#506 Warning
Non-clocked sequential cell  
The clock pin display/disp_ctrl/A[1]__477/C is not reached by a timing clock
Related violations: <none>

TIMING-17#507 Warning
Non-clocked sequential cell  
The clock pin display/disp_ctrl/A[1]__478/C is not reached by a timing clock
Related violations: <none>

TIMING-17#508 Warning
Non-clocked sequential cell  
The clock pin display/disp_ctrl/A[1]__479/C is not reached by a timing clock
Related violations: <none>

TIMING-17#509 Warning
Non-clocked sequential cell  
The clock pin display/disp_ctrl/A[1]__480/C is not reached by a timing clock
Related violations: <none>

TIMING-17#510 Warning
Non-clocked sequential cell  
The clock pin display/disp_ctrl/A[1]__481/C is not reached by a timing clock
Related violations: <none>

TIMING-17#511 Warning
Non-clocked sequential cell  
The clock pin display/disp_ctrl/A[1]__482/C is not reached by a timing clock
Related violations: <none>

TIMING-17#512 Warning
Non-clocked sequential cell  
The clock pin display/disp_ctrl/A[1]__483/C is not reached by a timing clock
Related violations: <none>

TIMING-17#513 Warning
Non-clocked sequential cell  
The clock pin display/disp_ctrl/A[1]__484/C is not reached by a timing clock
Related violations: <none>

TIMING-17#514 Warning
Non-clocked sequential cell  
The clock pin display/disp_ctrl/A[1]__485/C is not reached by a timing clock
Related violations: <none>

TIMING-17#515 Warning
Non-clocked sequential cell  
The clock pin display/disp_ctrl/A[1]__486/C is not reached by a timing clock
Related violations: <none>

TIMING-17#516 Warning
Non-clocked sequential cell  
The clock pin display/disp_ctrl/A[1]__487/C is not reached by a timing clock
Related violations: <none>

TIMING-17#517 Warning
Non-clocked sequential cell  
The clock pin display/disp_ctrl/A[1]__488/C is not reached by a timing clock
Related violations: <none>

TIMING-17#518 Warning
Non-clocked sequential cell  
The clock pin display/disp_ctrl/A[1]__489/C is not reached by a timing clock
Related violations: <none>

TIMING-17#519 Warning
Non-clocked sequential cell  
The clock pin display/disp_ctrl/A[1]__490/C is not reached by a timing clock
Related violations: <none>

TIMING-17#520 Warning
Non-clocked sequential cell  
The clock pin display/disp_ctrl/A[1]__491/C is not reached by a timing clock
Related violations: <none>

TIMING-17#521 Warning
Non-clocked sequential cell  
The clock pin display/disp_ctrl/A[1]__492/C is not reached by a timing clock
Related violations: <none>

TIMING-17#522 Warning
Non-clocked sequential cell  
The clock pin display/disp_ctrl/A[1]__493/C is not reached by a timing clock
Related violations: <none>

TIMING-17#523 Warning
Non-clocked sequential cell  
The clock pin display/disp_ctrl/A[1]__494/C is not reached by a timing clock
Related violations: <none>

TIMING-17#524 Warning
Non-clocked sequential cell  
The clock pin display/disp_ctrl/A[1]__495/C is not reached by a timing clock
Related violations: <none>

TIMING-17#525 Warning
Non-clocked sequential cell  
The clock pin display/disp_ctrl/A[1]__496/C is not reached by a timing clock
Related violations: <none>

TIMING-17#526 Warning
Non-clocked sequential cell  
The clock pin display/disp_ctrl/A[1]__497/C is not reached by a timing clock
Related violations: <none>

TIMING-17#527 Warning
Non-clocked sequential cell  
The clock pin display/disp_ctrl/A[1]__498/C is not reached by a timing clock
Related violations: <none>

TIMING-17#528 Warning
Non-clocked sequential cell  
The clock pin display/disp_ctrl/A[1]__499/C is not reached by a timing clock
Related violations: <none>

TIMING-17#529 Warning
Non-clocked sequential cell  
The clock pin display/disp_ctrl/A[1]__500/C is not reached by a timing clock
Related violations: <none>

TIMING-17#530 Warning
Non-clocked sequential cell  
The clock pin display/disp_ctrl/A[1]__501/C is not reached by a timing clock
Related violations: <none>

TIMING-17#531 Warning
Non-clocked sequential cell  
The clock pin display/disp_ctrl/A[1]__502/C is not reached by a timing clock
Related violations: <none>

TIMING-17#532 Warning
Non-clocked sequential cell  
The clock pin display/disp_ctrl/A[1]__503/C is not reached by a timing clock
Related violations: <none>

TIMING-17#533 Warning
Non-clocked sequential cell  
The clock pin display/disp_ctrl/A[1]__504/C is not reached by a timing clock
Related violations: <none>

TIMING-17#534 Warning
Non-clocked sequential cell  
The clock pin display/disp_ctrl/A[1]__505/C is not reached by a timing clock
Related violations: <none>

TIMING-17#535 Warning
Non-clocked sequential cell  
The clock pin display/disp_ctrl/A[1]__506/C is not reached by a timing clock
Related violations: <none>

TIMING-17#536 Warning
Non-clocked sequential cell  
The clock pin display/disp_ctrl/A[1]__507/C is not reached by a timing clock
Related violations: <none>

TIMING-17#537 Warning
Non-clocked sequential cell  
The clock pin display/disp_ctrl/A[1]__508/C is not reached by a timing clock
Related violations: <none>

TIMING-17#538 Warning
Non-clocked sequential cell  
The clock pin display/disp_ctrl/A[1]__62/C is not reached by a timing clock
Related violations: <none>

TIMING-17#539 Warning
Non-clocked sequential cell  
The clock pin display/disp_ctrl/A[1]__78/C is not reached by a timing clock
Related violations: <none>

TIMING-17#540 Warning
Non-clocked sequential cell  
The clock pin display/disp_ctrl/A[1]__94/C is not reached by a timing clock
Related violations: <none>

TIMING-17#541 Warning
Non-clocked sequential cell  
The clock pin display/disp_ctrl/A[2]__110/C is not reached by a timing clock
Related violations: <none>

TIMING-17#542 Warning
Non-clocked sequential cell  
The clock pin display/disp_ctrl/A[2]__126/C is not reached by a timing clock
Related violations: <none>

TIMING-17#543 Warning
Non-clocked sequential cell  
The clock pin display/disp_ctrl/A[2]__14/C is not reached by a timing clock
Related violations: <none>

TIMING-17#544 Warning
Non-clocked sequential cell  
The clock pin display/disp_ctrl/A[2]__142/C is not reached by a timing clock
Related violations: <none>

TIMING-17#545 Warning
Non-clocked sequential cell  
The clock pin display/disp_ctrl/A[2]__158/C is not reached by a timing clock
Related violations: <none>

TIMING-17#546 Warning
Non-clocked sequential cell  
The clock pin display/disp_ctrl/A[2]__174/C is not reached by a timing clock
Related violations: <none>

TIMING-17#547 Warning
Non-clocked sequential cell  
The clock pin display/disp_ctrl/A[2]__190/C is not reached by a timing clock
Related violations: <none>

TIMING-17#548 Warning
Non-clocked sequential cell  
The clock pin display/disp_ctrl/A[2]__206/C is not reached by a timing clock
Related violations: <none>

TIMING-17#549 Warning
Non-clocked sequential cell  
The clock pin display/disp_ctrl/A[2]__222/C is not reached by a timing clock
Related violations: <none>

TIMING-17#550 Warning
Non-clocked sequential cell  
The clock pin display/disp_ctrl/A[2]__238/C is not reached by a timing clock
Related violations: <none>

TIMING-17#551 Warning
Non-clocked sequential cell  
The clock pin display/disp_ctrl/A[2]__254/C is not reached by a timing clock
Related violations: <none>

TIMING-17#552 Warning
Non-clocked sequential cell  
The clock pin display/disp_ctrl/A[2]__255/C is not reached by a timing clock
Related violations: <none>

TIMING-17#553 Warning
Non-clocked sequential cell  
The clock pin display/disp_ctrl/A[2]__256/C is not reached by a timing clock
Related violations: <none>

TIMING-17#554 Warning
Non-clocked sequential cell  
The clock pin display/disp_ctrl/A[2]__257/C is not reached by a timing clock
Related violations: <none>

TIMING-17#555 Warning
Non-clocked sequential cell  
The clock pin display/disp_ctrl/A[2]__258/C is not reached by a timing clock
Related violations: <none>

TIMING-17#556 Warning
Non-clocked sequential cell  
The clock pin display/disp_ctrl/A[2]__259/C is not reached by a timing clock
Related violations: <none>

TIMING-17#557 Warning
Non-clocked sequential cell  
The clock pin display/disp_ctrl/A[2]__260/C is not reached by a timing clock
Related violations: <none>

TIMING-17#558 Warning
Non-clocked sequential cell  
The clock pin display/disp_ctrl/A[2]__261/C is not reached by a timing clock
Related violations: <none>

TIMING-17#559 Warning
Non-clocked sequential cell  
The clock pin display/disp_ctrl/A[2]__262/C is not reached by a timing clock
Related violations: <none>

TIMING-17#560 Warning
Non-clocked sequential cell  
The clock pin display/disp_ctrl/A[2]__263/C is not reached by a timing clock
Related violations: <none>

TIMING-17#561 Warning
Non-clocked sequential cell  
The clock pin display/disp_ctrl/A[2]__264/C is not reached by a timing clock
Related violations: <none>

TIMING-17#562 Warning
Non-clocked sequential cell  
The clock pin display/disp_ctrl/A[2]__265/C is not reached by a timing clock
Related violations: <none>

TIMING-17#563 Warning
Non-clocked sequential cell  
The clock pin display/disp_ctrl/A[2]__266/C is not reached by a timing clock
Related violations: <none>

TIMING-17#564 Warning
Non-clocked sequential cell  
The clock pin display/disp_ctrl/A[2]__267/C is not reached by a timing clock
Related violations: <none>

TIMING-17#565 Warning
Non-clocked sequential cell  
The clock pin display/disp_ctrl/A[2]__268/C is not reached by a timing clock
Related violations: <none>

TIMING-17#566 Warning
Non-clocked sequential cell  
The clock pin display/disp_ctrl/A[2]__269/C is not reached by a timing clock
Related violations: <none>

TIMING-17#567 Warning
Non-clocked sequential cell  
The clock pin display/disp_ctrl/A[2]__270/C is not reached by a timing clock
Related violations: <none>

TIMING-17#568 Warning
Non-clocked sequential cell  
The clock pin display/disp_ctrl/A[2]__271/C is not reached by a timing clock
Related violations: <none>

TIMING-17#569 Warning
Non-clocked sequential cell  
The clock pin display/disp_ctrl/A[2]__272/C is not reached by a timing clock
Related violations: <none>

TIMING-17#570 Warning
Non-clocked sequential cell  
The clock pin display/disp_ctrl/A[2]__273/C is not reached by a timing clock
Related violations: <none>

TIMING-17#571 Warning
Non-clocked sequential cell  
The clock pin display/disp_ctrl/A[2]__274/C is not reached by a timing clock
Related violations: <none>

TIMING-17#572 Warning
Non-clocked sequential cell  
The clock pin display/disp_ctrl/A[2]__275/C is not reached by a timing clock
Related violations: <none>

TIMING-17#573 Warning
Non-clocked sequential cell  
The clock pin display/disp_ctrl/A[2]__276/C is not reached by a timing clock
Related violations: <none>

TIMING-17#574 Warning
Non-clocked sequential cell  
The clock pin display/disp_ctrl/A[2]__277/C is not reached by a timing clock
Related violations: <none>

TIMING-17#575 Warning
Non-clocked sequential cell  
The clock pin display/disp_ctrl/A[2]__278/C is not reached by a timing clock
Related violations: <none>

TIMING-17#576 Warning
Non-clocked sequential cell  
The clock pin display/disp_ctrl/A[2]__279/C is not reached by a timing clock
Related violations: <none>

TIMING-17#577 Warning
Non-clocked sequential cell  
The clock pin display/disp_ctrl/A[2]__280/C is not reached by a timing clock
Related violations: <none>

TIMING-17#578 Warning
Non-clocked sequential cell  
The clock pin display/disp_ctrl/A[2]__281/C is not reached by a timing clock
Related violations: <none>

TIMING-17#579 Warning
Non-clocked sequential cell  
The clock pin display/disp_ctrl/A[2]__282/C is not reached by a timing clock
Related violations: <none>

TIMING-17#580 Warning
Non-clocked sequential cell  
The clock pin display/disp_ctrl/A[2]__283/C is not reached by a timing clock
Related violations: <none>

TIMING-17#581 Warning
Non-clocked sequential cell  
The clock pin display/disp_ctrl/A[2]__284/C is not reached by a timing clock
Related violations: <none>

TIMING-17#582 Warning
Non-clocked sequential cell  
The clock pin display/disp_ctrl/A[2]__285/C is not reached by a timing clock
Related violations: <none>

TIMING-17#583 Warning
Non-clocked sequential cell  
The clock pin display/disp_ctrl/A[2]__286/C is not reached by a timing clock
Related violations: <none>

TIMING-17#584 Warning
Non-clocked sequential cell  
The clock pin display/disp_ctrl/A[2]__287/C is not reached by a timing clock
Related violations: <none>

TIMING-17#585 Warning
Non-clocked sequential cell  
The clock pin display/disp_ctrl/A[2]__288/C is not reached by a timing clock
Related violations: <none>

TIMING-17#586 Warning
Non-clocked sequential cell  
The clock pin display/disp_ctrl/A[2]__289/C is not reached by a timing clock
Related violations: <none>

TIMING-17#587 Warning
Non-clocked sequential cell  
The clock pin display/disp_ctrl/A[2]__290/C is not reached by a timing clock
Related violations: <none>

TIMING-17#588 Warning
Non-clocked sequential cell  
The clock pin display/disp_ctrl/A[2]__291/C is not reached by a timing clock
Related violations: <none>

TIMING-17#589 Warning
Non-clocked sequential cell  
The clock pin display/disp_ctrl/A[2]__292/C is not reached by a timing clock
Related violations: <none>

TIMING-17#590 Warning
Non-clocked sequential cell  
The clock pin display/disp_ctrl/A[2]__293/C is not reached by a timing clock
Related violations: <none>

TIMING-17#591 Warning
Non-clocked sequential cell  
The clock pin display/disp_ctrl/A[2]__294/C is not reached by a timing clock
Related violations: <none>

TIMING-17#592 Warning
Non-clocked sequential cell  
The clock pin display/disp_ctrl/A[2]__295/C is not reached by a timing clock
Related violations: <none>

TIMING-17#593 Warning
Non-clocked sequential cell  
The clock pin display/disp_ctrl/A[2]__296/C is not reached by a timing clock
Related violations: <none>

TIMING-17#594 Warning
Non-clocked sequential cell  
The clock pin display/disp_ctrl/A[2]__297/C is not reached by a timing clock
Related violations: <none>

TIMING-17#595 Warning
Non-clocked sequential cell  
The clock pin display/disp_ctrl/A[2]__298/C is not reached by a timing clock
Related violations: <none>

TIMING-17#596 Warning
Non-clocked sequential cell  
The clock pin display/disp_ctrl/A[2]__299/C is not reached by a timing clock
Related violations: <none>

TIMING-17#597 Warning
Non-clocked sequential cell  
The clock pin display/disp_ctrl/A[2]__30/C is not reached by a timing clock
Related violations: <none>

TIMING-17#598 Warning
Non-clocked sequential cell  
The clock pin display/disp_ctrl/A[2]__300/C is not reached by a timing clock
Related violations: <none>

TIMING-17#599 Warning
Non-clocked sequential cell  
The clock pin display/disp_ctrl/A[2]__301/C is not reached by a timing clock
Related violations: <none>

TIMING-17#600 Warning
Non-clocked sequential cell  
The clock pin display/disp_ctrl/A[2]__302/C is not reached by a timing clock
Related violations: <none>

TIMING-17#601 Warning
Non-clocked sequential cell  
The clock pin display/disp_ctrl/A[2]__303/C is not reached by a timing clock
Related violations: <none>

TIMING-17#602 Warning
Non-clocked sequential cell  
The clock pin display/disp_ctrl/A[2]__304/C is not reached by a timing clock
Related violations: <none>

TIMING-17#603 Warning
Non-clocked sequential cell  
The clock pin display/disp_ctrl/A[2]__305/C is not reached by a timing clock
Related violations: <none>

TIMING-17#604 Warning
Non-clocked sequential cell  
The clock pin display/disp_ctrl/A[2]__306/C is not reached by a timing clock
Related violations: <none>

TIMING-17#605 Warning
Non-clocked sequential cell  
The clock pin display/disp_ctrl/A[2]__307/C is not reached by a timing clock
Related violations: <none>

TIMING-17#606 Warning
Non-clocked sequential cell  
The clock pin display/disp_ctrl/A[2]__308/C is not reached by a timing clock
Related violations: <none>

TIMING-17#607 Warning
Non-clocked sequential cell  
The clock pin display/disp_ctrl/A[2]__309/C is not reached by a timing clock
Related violations: <none>

TIMING-17#608 Warning
Non-clocked sequential cell  
The clock pin display/disp_ctrl/A[2]__310/C is not reached by a timing clock
Related violations: <none>

TIMING-17#609 Warning
Non-clocked sequential cell  
The clock pin display/disp_ctrl/A[2]__311/C is not reached by a timing clock
Related violations: <none>

TIMING-17#610 Warning
Non-clocked sequential cell  
The clock pin display/disp_ctrl/A[2]__312/C is not reached by a timing clock
Related violations: <none>

TIMING-17#611 Warning
Non-clocked sequential cell  
The clock pin display/disp_ctrl/A[2]__313/C is not reached by a timing clock
Related violations: <none>

TIMING-17#612 Warning
Non-clocked sequential cell  
The clock pin display/disp_ctrl/A[2]__314/C is not reached by a timing clock
Related violations: <none>

TIMING-17#613 Warning
Non-clocked sequential cell  
The clock pin display/disp_ctrl/A[2]__315/C is not reached by a timing clock
Related violations: <none>

TIMING-17#614 Warning
Non-clocked sequential cell  
The clock pin display/disp_ctrl/A[2]__316/C is not reached by a timing clock
Related violations: <none>

TIMING-17#615 Warning
Non-clocked sequential cell  
The clock pin display/disp_ctrl/A[2]__317/C is not reached by a timing clock
Related violations: <none>

TIMING-17#616 Warning
Non-clocked sequential cell  
The clock pin display/disp_ctrl/A[2]__318/C is not reached by a timing clock
Related violations: <none>

TIMING-17#617 Warning
Non-clocked sequential cell  
The clock pin display/disp_ctrl/A[2]__319/C is not reached by a timing clock
Related violations: <none>

TIMING-17#618 Warning
Non-clocked sequential cell  
The clock pin display/disp_ctrl/A[2]__320/C is not reached by a timing clock
Related violations: <none>

TIMING-17#619 Warning
Non-clocked sequential cell  
The clock pin display/disp_ctrl/A[2]__321/C is not reached by a timing clock
Related violations: <none>

TIMING-17#620 Warning
Non-clocked sequential cell  
The clock pin display/disp_ctrl/A[2]__322/C is not reached by a timing clock
Related violations: <none>

TIMING-17#621 Warning
Non-clocked sequential cell  
The clock pin display/disp_ctrl/A[2]__323/C is not reached by a timing clock
Related violations: <none>

TIMING-17#622 Warning
Non-clocked sequential cell  
The clock pin display/disp_ctrl/A[2]__324/C is not reached by a timing clock
Related violations: <none>

TIMING-17#623 Warning
Non-clocked sequential cell  
The clock pin display/disp_ctrl/A[2]__325/C is not reached by a timing clock
Related violations: <none>

TIMING-17#624 Warning
Non-clocked sequential cell  
The clock pin display/disp_ctrl/A[2]__326/C is not reached by a timing clock
Related violations: <none>

TIMING-17#625 Warning
Non-clocked sequential cell  
The clock pin display/disp_ctrl/A[2]__327/C is not reached by a timing clock
Related violations: <none>

TIMING-17#626 Warning
Non-clocked sequential cell  
The clock pin display/disp_ctrl/A[2]__328/C is not reached by a timing clock
Related violations: <none>

TIMING-17#627 Warning
Non-clocked sequential cell  
The clock pin display/disp_ctrl/A[2]__329/C is not reached by a timing clock
Related violations: <none>

TIMING-17#628 Warning
Non-clocked sequential cell  
The clock pin display/disp_ctrl/A[2]__330/C is not reached by a timing clock
Related violations: <none>

TIMING-17#629 Warning
Non-clocked sequential cell  
The clock pin display/disp_ctrl/A[2]__331/C is not reached by a timing clock
Related violations: <none>

TIMING-17#630 Warning
Non-clocked sequential cell  
The clock pin display/disp_ctrl/A[2]__332/C is not reached by a timing clock
Related violations: <none>

TIMING-17#631 Warning
Non-clocked sequential cell  
The clock pin display/disp_ctrl/A[2]__333/C is not reached by a timing clock
Related violations: <none>

TIMING-17#632 Warning
Non-clocked sequential cell  
The clock pin display/disp_ctrl/A[2]__334/C is not reached by a timing clock
Related violations: <none>

TIMING-17#633 Warning
Non-clocked sequential cell  
The clock pin display/disp_ctrl/A[2]__335/C is not reached by a timing clock
Related violations: <none>

TIMING-17#634 Warning
Non-clocked sequential cell  
The clock pin display/disp_ctrl/A[2]__336/C is not reached by a timing clock
Related violations: <none>

TIMING-17#635 Warning
Non-clocked sequential cell  
The clock pin display/disp_ctrl/A[2]__337/C is not reached by a timing clock
Related violations: <none>

TIMING-17#636 Warning
Non-clocked sequential cell  
The clock pin display/disp_ctrl/A[2]__338/C is not reached by a timing clock
Related violations: <none>

TIMING-17#637 Warning
Non-clocked sequential cell  
The clock pin display/disp_ctrl/A[2]__339/C is not reached by a timing clock
Related violations: <none>

TIMING-17#638 Warning
Non-clocked sequential cell  
The clock pin display/disp_ctrl/A[2]__340/C is not reached by a timing clock
Related violations: <none>

TIMING-17#639 Warning
Non-clocked sequential cell  
The clock pin display/disp_ctrl/A[2]__341/C is not reached by a timing clock
Related violations: <none>

TIMING-17#640 Warning
Non-clocked sequential cell  
The clock pin display/disp_ctrl/A[2]__342/C is not reached by a timing clock
Related violations: <none>

TIMING-17#641 Warning
Non-clocked sequential cell  
The clock pin display/disp_ctrl/A[2]__343/C is not reached by a timing clock
Related violations: <none>

TIMING-17#642 Warning
Non-clocked sequential cell  
The clock pin display/disp_ctrl/A[2]__344/C is not reached by a timing clock
Related violations: <none>

TIMING-17#643 Warning
Non-clocked sequential cell  
The clock pin display/disp_ctrl/A[2]__345/C is not reached by a timing clock
Related violations: <none>

TIMING-17#644 Warning
Non-clocked sequential cell  
The clock pin display/disp_ctrl/A[2]__346/C is not reached by a timing clock
Related violations: <none>

TIMING-17#645 Warning
Non-clocked sequential cell  
The clock pin display/disp_ctrl/A[2]__347/C is not reached by a timing clock
Related violations: <none>

TIMING-17#646 Warning
Non-clocked sequential cell  
The clock pin display/disp_ctrl/A[2]__348/C is not reached by a timing clock
Related violations: <none>

TIMING-17#647 Warning
Non-clocked sequential cell  
The clock pin display/disp_ctrl/A[2]__349/C is not reached by a timing clock
Related violations: <none>

TIMING-17#648 Warning
Non-clocked sequential cell  
The clock pin display/disp_ctrl/A[2]__350/C is not reached by a timing clock
Related violations: <none>

TIMING-17#649 Warning
Non-clocked sequential cell  
The clock pin display/disp_ctrl/A[2]__351/C is not reached by a timing clock
Related violations: <none>

TIMING-17#650 Warning
Non-clocked sequential cell  
The clock pin display/disp_ctrl/A[2]__352/C is not reached by a timing clock
Related violations: <none>

TIMING-17#651 Warning
Non-clocked sequential cell  
The clock pin display/disp_ctrl/A[2]__353/C is not reached by a timing clock
Related violations: <none>

TIMING-17#652 Warning
Non-clocked sequential cell  
The clock pin display/disp_ctrl/A[2]__354/C is not reached by a timing clock
Related violations: <none>

TIMING-17#653 Warning
Non-clocked sequential cell  
The clock pin display/disp_ctrl/A[2]__355/C is not reached by a timing clock
Related violations: <none>

TIMING-17#654 Warning
Non-clocked sequential cell  
The clock pin display/disp_ctrl/A[2]__356/C is not reached by a timing clock
Related violations: <none>

TIMING-17#655 Warning
Non-clocked sequential cell  
The clock pin display/disp_ctrl/A[2]__357/C is not reached by a timing clock
Related violations: <none>

TIMING-17#656 Warning
Non-clocked sequential cell  
The clock pin display/disp_ctrl/A[2]__358/C is not reached by a timing clock
Related violations: <none>

TIMING-17#657 Warning
Non-clocked sequential cell  
The clock pin display/disp_ctrl/A[2]__359/C is not reached by a timing clock
Related violations: <none>

TIMING-17#658 Warning
Non-clocked sequential cell  
The clock pin display/disp_ctrl/A[2]__360/C is not reached by a timing clock
Related violations: <none>

TIMING-17#659 Warning
Non-clocked sequential cell  
The clock pin display/disp_ctrl/A[2]__361/C is not reached by a timing clock
Related violations: <none>

TIMING-17#660 Warning
Non-clocked sequential cell  
The clock pin display/disp_ctrl/A[2]__362/C is not reached by a timing clock
Related violations: <none>

TIMING-17#661 Warning
Non-clocked sequential cell  
The clock pin display/disp_ctrl/A[2]__363/C is not reached by a timing clock
Related violations: <none>

TIMING-17#662 Warning
Non-clocked sequential cell  
The clock pin display/disp_ctrl/A[2]__364/C is not reached by a timing clock
Related violations: <none>

TIMING-17#663 Warning
Non-clocked sequential cell  
The clock pin display/disp_ctrl/A[2]__365/C is not reached by a timing clock
Related violations: <none>

TIMING-17#664 Warning
Non-clocked sequential cell  
The clock pin display/disp_ctrl/A[2]__366/C is not reached by a timing clock
Related violations: <none>

TIMING-17#665 Warning
Non-clocked sequential cell  
The clock pin display/disp_ctrl/A[2]__367/C is not reached by a timing clock
Related violations: <none>

TIMING-17#666 Warning
Non-clocked sequential cell  
The clock pin display/disp_ctrl/A[2]__368/C is not reached by a timing clock
Related violations: <none>

TIMING-17#667 Warning
Non-clocked sequential cell  
The clock pin display/disp_ctrl/A[2]__369/C is not reached by a timing clock
Related violations: <none>

TIMING-17#668 Warning
Non-clocked sequential cell  
The clock pin display/disp_ctrl/A[2]__370/C is not reached by a timing clock
Related violations: <none>

TIMING-17#669 Warning
Non-clocked sequential cell  
The clock pin display/disp_ctrl/A[2]__371/C is not reached by a timing clock
Related violations: <none>

TIMING-17#670 Warning
Non-clocked sequential cell  
The clock pin display/disp_ctrl/A[2]__372/C is not reached by a timing clock
Related violations: <none>

TIMING-17#671 Warning
Non-clocked sequential cell  
The clock pin display/disp_ctrl/A[2]__373/C is not reached by a timing clock
Related violations: <none>

TIMING-17#672 Warning
Non-clocked sequential cell  
The clock pin display/disp_ctrl/A[2]__374/C is not reached by a timing clock
Related violations: <none>

TIMING-17#673 Warning
Non-clocked sequential cell  
The clock pin display/disp_ctrl/A[2]__375/C is not reached by a timing clock
Related violations: <none>

TIMING-17#674 Warning
Non-clocked sequential cell  
The clock pin display/disp_ctrl/A[2]__376/C is not reached by a timing clock
Related violations: <none>

TIMING-17#675 Warning
Non-clocked sequential cell  
The clock pin display/disp_ctrl/A[2]__377/C is not reached by a timing clock
Related violations: <none>

TIMING-17#676 Warning
Non-clocked sequential cell  
The clock pin display/disp_ctrl/A[2]__378/C is not reached by a timing clock
Related violations: <none>

TIMING-17#677 Warning
Non-clocked sequential cell  
The clock pin display/disp_ctrl/A[2]__379/C is not reached by a timing clock
Related violations: <none>

TIMING-17#678 Warning
Non-clocked sequential cell  
The clock pin display/disp_ctrl/A[2]__380/C is not reached by a timing clock
Related violations: <none>

TIMING-17#679 Warning
Non-clocked sequential cell  
The clock pin display/disp_ctrl/A[2]__381/C is not reached by a timing clock
Related violations: <none>

TIMING-17#680 Warning
Non-clocked sequential cell  
The clock pin display/disp_ctrl/A[2]__382/C is not reached by a timing clock
Related violations: <none>

TIMING-17#681 Warning
Non-clocked sequential cell  
The clock pin display/disp_ctrl/A[2]__383/C is not reached by a timing clock
Related violations: <none>

TIMING-17#682 Warning
Non-clocked sequential cell  
The clock pin display/disp_ctrl/A[2]__384/C is not reached by a timing clock
Related violations: <none>

TIMING-17#683 Warning
Non-clocked sequential cell  
The clock pin display/disp_ctrl/A[2]__385/C is not reached by a timing clock
Related violations: <none>

TIMING-17#684 Warning
Non-clocked sequential cell  
The clock pin display/disp_ctrl/A[2]__386/C is not reached by a timing clock
Related violations: <none>

TIMING-17#685 Warning
Non-clocked sequential cell  
The clock pin display/disp_ctrl/A[2]__387/C is not reached by a timing clock
Related violations: <none>

TIMING-17#686 Warning
Non-clocked sequential cell  
The clock pin display/disp_ctrl/A[2]__388/C is not reached by a timing clock
Related violations: <none>

TIMING-17#687 Warning
Non-clocked sequential cell  
The clock pin display/disp_ctrl/A[2]__389/C is not reached by a timing clock
Related violations: <none>

TIMING-17#688 Warning
Non-clocked sequential cell  
The clock pin display/disp_ctrl/A[2]__390/C is not reached by a timing clock
Related violations: <none>

TIMING-17#689 Warning
Non-clocked sequential cell  
The clock pin display/disp_ctrl/A[2]__391/C is not reached by a timing clock
Related violations: <none>

TIMING-17#690 Warning
Non-clocked sequential cell  
The clock pin display/disp_ctrl/A[2]__392/C is not reached by a timing clock
Related violations: <none>

TIMING-17#691 Warning
Non-clocked sequential cell  
The clock pin display/disp_ctrl/A[2]__393/C is not reached by a timing clock
Related violations: <none>

TIMING-17#692 Warning
Non-clocked sequential cell  
The clock pin display/disp_ctrl/A[2]__394/C is not reached by a timing clock
Related violations: <none>

TIMING-17#693 Warning
Non-clocked sequential cell  
The clock pin display/disp_ctrl/A[2]__395/C is not reached by a timing clock
Related violations: <none>

TIMING-17#694 Warning
Non-clocked sequential cell  
The clock pin display/disp_ctrl/A[2]__396/C is not reached by a timing clock
Related violations: <none>

TIMING-17#695 Warning
Non-clocked sequential cell  
The clock pin display/disp_ctrl/A[2]__397/C is not reached by a timing clock
Related violations: <none>

TIMING-17#696 Warning
Non-clocked sequential cell  
The clock pin display/disp_ctrl/A[2]__398/C is not reached by a timing clock
Related violations: <none>

TIMING-17#697 Warning
Non-clocked sequential cell  
The clock pin display/disp_ctrl/A[2]__399/C is not reached by a timing clock
Related violations: <none>

TIMING-17#698 Warning
Non-clocked sequential cell  
The clock pin display/disp_ctrl/A[2]__400/C is not reached by a timing clock
Related violations: <none>

TIMING-17#699 Warning
Non-clocked sequential cell  
The clock pin display/disp_ctrl/A[2]__401/C is not reached by a timing clock
Related violations: <none>

TIMING-17#700 Warning
Non-clocked sequential cell  
The clock pin display/disp_ctrl/A[2]__402/C is not reached by a timing clock
Related violations: <none>

TIMING-17#701 Warning
Non-clocked sequential cell  
The clock pin display/disp_ctrl/A[2]__403/C is not reached by a timing clock
Related violations: <none>

TIMING-17#702 Warning
Non-clocked sequential cell  
The clock pin display/disp_ctrl/A[2]__404/C is not reached by a timing clock
Related violations: <none>

TIMING-17#703 Warning
Non-clocked sequential cell  
The clock pin display/disp_ctrl/A[2]__405/C is not reached by a timing clock
Related violations: <none>

TIMING-17#704 Warning
Non-clocked sequential cell  
The clock pin display/disp_ctrl/A[2]__406/C is not reached by a timing clock
Related violations: <none>

TIMING-17#705 Warning
Non-clocked sequential cell  
The clock pin display/disp_ctrl/A[2]__407/C is not reached by a timing clock
Related violations: <none>

TIMING-17#706 Warning
Non-clocked sequential cell  
The clock pin display/disp_ctrl/A[2]__408/C is not reached by a timing clock
Related violations: <none>

TIMING-17#707 Warning
Non-clocked sequential cell  
The clock pin display/disp_ctrl/A[2]__409/C is not reached by a timing clock
Related violations: <none>

TIMING-17#708 Warning
Non-clocked sequential cell  
The clock pin display/disp_ctrl/A[2]__410/C is not reached by a timing clock
Related violations: <none>

TIMING-17#709 Warning
Non-clocked sequential cell  
The clock pin display/disp_ctrl/A[2]__411/C is not reached by a timing clock
Related violations: <none>

TIMING-17#710 Warning
Non-clocked sequential cell  
The clock pin display/disp_ctrl/A[2]__412/C is not reached by a timing clock
Related violations: <none>

TIMING-17#711 Warning
Non-clocked sequential cell  
The clock pin display/disp_ctrl/A[2]__413/C is not reached by a timing clock
Related violations: <none>

TIMING-17#712 Warning
Non-clocked sequential cell  
The clock pin display/disp_ctrl/A[2]__414/C is not reached by a timing clock
Related violations: <none>

TIMING-17#713 Warning
Non-clocked sequential cell  
The clock pin display/disp_ctrl/A[2]__415/C is not reached by a timing clock
Related violations: <none>

TIMING-17#714 Warning
Non-clocked sequential cell  
The clock pin display/disp_ctrl/A[2]__416/C is not reached by a timing clock
Related violations: <none>

TIMING-17#715 Warning
Non-clocked sequential cell  
The clock pin display/disp_ctrl/A[2]__417/C is not reached by a timing clock
Related violations: <none>

TIMING-17#716 Warning
Non-clocked sequential cell  
The clock pin display/disp_ctrl/A[2]__418/C is not reached by a timing clock
Related violations: <none>

TIMING-17#717 Warning
Non-clocked sequential cell  
The clock pin display/disp_ctrl/A[2]__419/C is not reached by a timing clock
Related violations: <none>

TIMING-17#718 Warning
Non-clocked sequential cell  
The clock pin display/disp_ctrl/A[2]__420/C is not reached by a timing clock
Related violations: <none>

TIMING-17#719 Warning
Non-clocked sequential cell  
The clock pin display/disp_ctrl/A[2]__421/C is not reached by a timing clock
Related violations: <none>

TIMING-17#720 Warning
Non-clocked sequential cell  
The clock pin display/disp_ctrl/A[2]__422/C is not reached by a timing clock
Related violations: <none>

TIMING-17#721 Warning
Non-clocked sequential cell  
The clock pin display/disp_ctrl/A[2]__423/C is not reached by a timing clock
Related violations: <none>

TIMING-17#722 Warning
Non-clocked sequential cell  
The clock pin display/disp_ctrl/A[2]__424/C is not reached by a timing clock
Related violations: <none>

TIMING-17#723 Warning
Non-clocked sequential cell  
The clock pin display/disp_ctrl/A[2]__425/C is not reached by a timing clock
Related violations: <none>

TIMING-17#724 Warning
Non-clocked sequential cell  
The clock pin display/disp_ctrl/A[2]__426/C is not reached by a timing clock
Related violations: <none>

TIMING-17#725 Warning
Non-clocked sequential cell  
The clock pin display/disp_ctrl/A[2]__427/C is not reached by a timing clock
Related violations: <none>

TIMING-17#726 Warning
Non-clocked sequential cell  
The clock pin display/disp_ctrl/A[2]__428/C is not reached by a timing clock
Related violations: <none>

TIMING-17#727 Warning
Non-clocked sequential cell  
The clock pin display/disp_ctrl/A[2]__429/C is not reached by a timing clock
Related violations: <none>

TIMING-17#728 Warning
Non-clocked sequential cell  
The clock pin display/disp_ctrl/A[2]__430/C is not reached by a timing clock
Related violations: <none>

TIMING-17#729 Warning
Non-clocked sequential cell  
The clock pin display/disp_ctrl/A[2]__431/C is not reached by a timing clock
Related violations: <none>

TIMING-17#730 Warning
Non-clocked sequential cell  
The clock pin display/disp_ctrl/A[2]__432/C is not reached by a timing clock
Related violations: <none>

TIMING-17#731 Warning
Non-clocked sequential cell  
The clock pin display/disp_ctrl/A[2]__433/C is not reached by a timing clock
Related violations: <none>

TIMING-17#732 Warning
Non-clocked sequential cell  
The clock pin display/disp_ctrl/A[2]__434/C is not reached by a timing clock
Related violations: <none>

TIMING-17#733 Warning
Non-clocked sequential cell  
The clock pin display/disp_ctrl/A[2]__435/C is not reached by a timing clock
Related violations: <none>

TIMING-17#734 Warning
Non-clocked sequential cell  
The clock pin display/disp_ctrl/A[2]__436/C is not reached by a timing clock
Related violations: <none>

TIMING-17#735 Warning
Non-clocked sequential cell  
The clock pin display/disp_ctrl/A[2]__437/C is not reached by a timing clock
Related violations: <none>

TIMING-17#736 Warning
Non-clocked sequential cell  
The clock pin display/disp_ctrl/A[2]__438/C is not reached by a timing clock
Related violations: <none>

TIMING-17#737 Warning
Non-clocked sequential cell  
The clock pin display/disp_ctrl/A[2]__439/C is not reached by a timing clock
Related violations: <none>

TIMING-17#738 Warning
Non-clocked sequential cell  
The clock pin display/disp_ctrl/A[2]__440/C is not reached by a timing clock
Related violations: <none>

TIMING-17#739 Warning
Non-clocked sequential cell  
The clock pin display/disp_ctrl/A[2]__441/C is not reached by a timing clock
Related violations: <none>

TIMING-17#740 Warning
Non-clocked sequential cell  
The clock pin display/disp_ctrl/A[2]__442/C is not reached by a timing clock
Related violations: <none>

TIMING-17#741 Warning
Non-clocked sequential cell  
The clock pin display/disp_ctrl/A[2]__443/C is not reached by a timing clock
Related violations: <none>

TIMING-17#742 Warning
Non-clocked sequential cell  
The clock pin display/disp_ctrl/A[2]__444/C is not reached by a timing clock
Related violations: <none>

TIMING-17#743 Warning
Non-clocked sequential cell  
The clock pin display/disp_ctrl/A[2]__445/C is not reached by a timing clock
Related violations: <none>

TIMING-17#744 Warning
Non-clocked sequential cell  
The clock pin display/disp_ctrl/A[2]__446/C is not reached by a timing clock
Related violations: <none>

TIMING-17#745 Warning
Non-clocked sequential cell  
The clock pin display/disp_ctrl/A[2]__447/C is not reached by a timing clock
Related violations: <none>

TIMING-17#746 Warning
Non-clocked sequential cell  
The clock pin display/disp_ctrl/A[2]__448/C is not reached by a timing clock
Related violations: <none>

TIMING-17#747 Warning
Non-clocked sequential cell  
The clock pin display/disp_ctrl/A[2]__449/C is not reached by a timing clock
Related violations: <none>

TIMING-17#748 Warning
Non-clocked sequential cell  
The clock pin display/disp_ctrl/A[2]__450/C is not reached by a timing clock
Related violations: <none>

TIMING-17#749 Warning
Non-clocked sequential cell  
The clock pin display/disp_ctrl/A[2]__451/C is not reached by a timing clock
Related violations: <none>

TIMING-17#750 Warning
Non-clocked sequential cell  
The clock pin display/disp_ctrl/A[2]__452/C is not reached by a timing clock
Related violations: <none>

TIMING-17#751 Warning
Non-clocked sequential cell  
The clock pin display/disp_ctrl/A[2]__453/C is not reached by a timing clock
Related violations: <none>

TIMING-17#752 Warning
Non-clocked sequential cell  
The clock pin display/disp_ctrl/A[2]__454/C is not reached by a timing clock
Related violations: <none>

TIMING-17#753 Warning
Non-clocked sequential cell  
The clock pin display/disp_ctrl/A[2]__455/C is not reached by a timing clock
Related violations: <none>

TIMING-17#754 Warning
Non-clocked sequential cell  
The clock pin display/disp_ctrl/A[2]__456/C is not reached by a timing clock
Related violations: <none>

TIMING-17#755 Warning
Non-clocked sequential cell  
The clock pin display/disp_ctrl/A[2]__457/C is not reached by a timing clock
Related violations: <none>

TIMING-17#756 Warning
Non-clocked sequential cell  
The clock pin display/disp_ctrl/A[2]__458/C is not reached by a timing clock
Related violations: <none>

TIMING-17#757 Warning
Non-clocked sequential cell  
The clock pin display/disp_ctrl/A[2]__459/C is not reached by a timing clock
Related violations: <none>

TIMING-17#758 Warning
Non-clocked sequential cell  
The clock pin display/disp_ctrl/A[2]__46/C is not reached by a timing clock
Related violations: <none>

TIMING-17#759 Warning
Non-clocked sequential cell  
The clock pin display/disp_ctrl/A[2]__460/C is not reached by a timing clock
Related violations: <none>

TIMING-17#760 Warning
Non-clocked sequential cell  
The clock pin display/disp_ctrl/A[2]__461/C is not reached by a timing clock
Related violations: <none>

TIMING-17#761 Warning
Non-clocked sequential cell  
The clock pin display/disp_ctrl/A[2]__462/C is not reached by a timing clock
Related violations: <none>

TIMING-17#762 Warning
Non-clocked sequential cell  
The clock pin display/disp_ctrl/A[2]__463/C is not reached by a timing clock
Related violations: <none>

TIMING-17#763 Warning
Non-clocked sequential cell  
The clock pin display/disp_ctrl/A[2]__464/C is not reached by a timing clock
Related violations: <none>

TIMING-17#764 Warning
Non-clocked sequential cell  
The clock pin display/disp_ctrl/A[2]__465/C is not reached by a timing clock
Related violations: <none>

TIMING-17#765 Warning
Non-clocked sequential cell  
The clock pin display/disp_ctrl/A[2]__466/C is not reached by a timing clock
Related violations: <none>

TIMING-17#766 Warning
Non-clocked sequential cell  
The clock pin display/disp_ctrl/A[2]__467/C is not reached by a timing clock
Related violations: <none>

TIMING-17#767 Warning
Non-clocked sequential cell  
The clock pin display/disp_ctrl/A[2]__468/C is not reached by a timing clock
Related violations: <none>

TIMING-17#768 Warning
Non-clocked sequential cell  
The clock pin display/disp_ctrl/A[2]__469/C is not reached by a timing clock
Related violations: <none>

TIMING-17#769 Warning
Non-clocked sequential cell  
The clock pin display/disp_ctrl/A[2]__470/C is not reached by a timing clock
Related violations: <none>

TIMING-17#770 Warning
Non-clocked sequential cell  
The clock pin display/disp_ctrl/A[2]__471/C is not reached by a timing clock
Related violations: <none>

TIMING-17#771 Warning
Non-clocked sequential cell  
The clock pin display/disp_ctrl/A[2]__472/C is not reached by a timing clock
Related violations: <none>

TIMING-17#772 Warning
Non-clocked sequential cell  
The clock pin display/disp_ctrl/A[2]__473/C is not reached by a timing clock
Related violations: <none>

TIMING-17#773 Warning
Non-clocked sequential cell  
The clock pin display/disp_ctrl/A[2]__474/C is not reached by a timing clock
Related violations: <none>

TIMING-17#774 Warning
Non-clocked sequential cell  
The clock pin display/disp_ctrl/A[2]__475/C is not reached by a timing clock
Related violations: <none>

TIMING-17#775 Warning
Non-clocked sequential cell  
The clock pin display/disp_ctrl/A[2]__476/C is not reached by a timing clock
Related violations: <none>

TIMING-17#776 Warning
Non-clocked sequential cell  
The clock pin display/disp_ctrl/A[2]__477/C is not reached by a timing clock
Related violations: <none>

TIMING-17#777 Warning
Non-clocked sequential cell  
The clock pin display/disp_ctrl/A[2]__478/C is not reached by a timing clock
Related violations: <none>

TIMING-17#778 Warning
Non-clocked sequential cell  
The clock pin display/disp_ctrl/A[2]__479/C is not reached by a timing clock
Related violations: <none>

TIMING-17#779 Warning
Non-clocked sequential cell  
The clock pin display/disp_ctrl/A[2]__480/C is not reached by a timing clock
Related violations: <none>

TIMING-17#780 Warning
Non-clocked sequential cell  
The clock pin display/disp_ctrl/A[2]__481/C is not reached by a timing clock
Related violations: <none>

TIMING-17#781 Warning
Non-clocked sequential cell  
The clock pin display/disp_ctrl/A[2]__482/C is not reached by a timing clock
Related violations: <none>

TIMING-17#782 Warning
Non-clocked sequential cell  
The clock pin display/disp_ctrl/A[2]__483/C is not reached by a timing clock
Related violations: <none>

TIMING-17#783 Warning
Non-clocked sequential cell  
The clock pin display/disp_ctrl/A[2]__484/C is not reached by a timing clock
Related violations: <none>

TIMING-17#784 Warning
Non-clocked sequential cell  
The clock pin display/disp_ctrl/A[2]__485/C is not reached by a timing clock
Related violations: <none>

TIMING-17#785 Warning
Non-clocked sequential cell  
The clock pin display/disp_ctrl/A[2]__486/C is not reached by a timing clock
Related violations: <none>

TIMING-17#786 Warning
Non-clocked sequential cell  
The clock pin display/disp_ctrl/A[2]__487/C is not reached by a timing clock
Related violations: <none>

TIMING-17#787 Warning
Non-clocked sequential cell  
The clock pin display/disp_ctrl/A[2]__488/C is not reached by a timing clock
Related violations: <none>

TIMING-17#788 Warning
Non-clocked sequential cell  
The clock pin display/disp_ctrl/A[2]__489/C is not reached by a timing clock
Related violations: <none>

TIMING-17#789 Warning
Non-clocked sequential cell  
The clock pin display/disp_ctrl/A[2]__490/C is not reached by a timing clock
Related violations: <none>

TIMING-17#790 Warning
Non-clocked sequential cell  
The clock pin display/disp_ctrl/A[2]__491/C is not reached by a timing clock
Related violations: <none>

TIMING-17#791 Warning
Non-clocked sequential cell  
The clock pin display/disp_ctrl/A[2]__492/C is not reached by a timing clock
Related violations: <none>

TIMING-17#792 Warning
Non-clocked sequential cell  
The clock pin display/disp_ctrl/A[2]__493/C is not reached by a timing clock
Related violations: <none>

TIMING-17#793 Warning
Non-clocked sequential cell  
The clock pin display/disp_ctrl/A[2]__494/C is not reached by a timing clock
Related violations: <none>

TIMING-17#794 Warning
Non-clocked sequential cell  
The clock pin display/disp_ctrl/A[2]__495/C is not reached by a timing clock
Related violations: <none>

TIMING-17#795 Warning
Non-clocked sequential cell  
The clock pin display/disp_ctrl/A[2]__496/C is not reached by a timing clock
Related violations: <none>

TIMING-17#796 Warning
Non-clocked sequential cell  
The clock pin display/disp_ctrl/A[2]__497/C is not reached by a timing clock
Related violations: <none>

TIMING-17#797 Warning
Non-clocked sequential cell  
The clock pin display/disp_ctrl/A[2]__498/C is not reached by a timing clock
Related violations: <none>

TIMING-17#798 Warning
Non-clocked sequential cell  
The clock pin display/disp_ctrl/A[2]__499/C is not reached by a timing clock
Related violations: <none>

TIMING-17#799 Warning
Non-clocked sequential cell  
The clock pin display/disp_ctrl/A[2]__500/C is not reached by a timing clock
Related violations: <none>

TIMING-17#800 Warning
Non-clocked sequential cell  
The clock pin display/disp_ctrl/A[2]__501/C is not reached by a timing clock
Related violations: <none>

TIMING-17#801 Warning
Non-clocked sequential cell  
The clock pin display/disp_ctrl/A[2]__502/C is not reached by a timing clock
Related violations: <none>

TIMING-17#802 Warning
Non-clocked sequential cell  
The clock pin display/disp_ctrl/A[2]__503/C is not reached by a timing clock
Related violations: <none>

TIMING-17#803 Warning
Non-clocked sequential cell  
The clock pin display/disp_ctrl/A[2]__504/C is not reached by a timing clock
Related violations: <none>

TIMING-17#804 Warning
Non-clocked sequential cell  
The clock pin display/disp_ctrl/A[2]__505/C is not reached by a timing clock
Related violations: <none>

TIMING-17#805 Warning
Non-clocked sequential cell  
The clock pin display/disp_ctrl/A[2]__506/C is not reached by a timing clock
Related violations: <none>

TIMING-17#806 Warning
Non-clocked sequential cell  
The clock pin display/disp_ctrl/A[2]__507/C is not reached by a timing clock
Related violations: <none>

TIMING-17#807 Warning
Non-clocked sequential cell  
The clock pin display/disp_ctrl/A[2]__508/C is not reached by a timing clock
Related violations: <none>

TIMING-17#808 Warning
Non-clocked sequential cell  
The clock pin display/disp_ctrl/A[2]__62/C is not reached by a timing clock
Related violations: <none>

TIMING-17#809 Warning
Non-clocked sequential cell  
The clock pin display/disp_ctrl/A[2]__78/C is not reached by a timing clock
Related violations: <none>

TIMING-17#810 Warning
Non-clocked sequential cell  
The clock pin display/disp_ctrl/A[2]__94/C is not reached by a timing clock
Related violations: <none>

TIMING-17#811 Warning
Non-clocked sequential cell  
The clock pin display/disp_ctrl/A[3]__110/C is not reached by a timing clock
Related violations: <none>

TIMING-17#812 Warning
Non-clocked sequential cell  
The clock pin display/disp_ctrl/A[3]__126/C is not reached by a timing clock
Related violations: <none>

TIMING-17#813 Warning
Non-clocked sequential cell  
The clock pin display/disp_ctrl/A[3]__14/C is not reached by a timing clock
Related violations: <none>

TIMING-17#814 Warning
Non-clocked sequential cell  
The clock pin display/disp_ctrl/A[3]__142/C is not reached by a timing clock
Related violations: <none>

TIMING-17#815 Warning
Non-clocked sequential cell  
The clock pin display/disp_ctrl/A[3]__158/C is not reached by a timing clock
Related violations: <none>

TIMING-17#816 Warning
Non-clocked sequential cell  
The clock pin display/disp_ctrl/A[3]__174/C is not reached by a timing clock
Related violations: <none>

TIMING-17#817 Warning
Non-clocked sequential cell  
The clock pin display/disp_ctrl/A[3]__190/C is not reached by a timing clock
Related violations: <none>

TIMING-17#818 Warning
Non-clocked sequential cell  
The clock pin display/disp_ctrl/A[3]__206/C is not reached by a timing clock
Related violations: <none>

TIMING-17#819 Warning
Non-clocked sequential cell  
The clock pin display/disp_ctrl/A[3]__222/C is not reached by a timing clock
Related violations: <none>

TIMING-17#820 Warning
Non-clocked sequential cell  
The clock pin display/disp_ctrl/A[3]__238/C is not reached by a timing clock
Related violations: <none>

TIMING-17#821 Warning
Non-clocked sequential cell  
The clock pin display/disp_ctrl/A[3]__254/C is not reached by a timing clock
Related violations: <none>

TIMING-17#822 Warning
Non-clocked sequential cell  
The clock pin display/disp_ctrl/A[3]__255/C is not reached by a timing clock
Related violations: <none>

TIMING-17#823 Warning
Non-clocked sequential cell  
The clock pin display/disp_ctrl/A[3]__256/C is not reached by a timing clock
Related violations: <none>

TIMING-17#824 Warning
Non-clocked sequential cell  
The clock pin display/disp_ctrl/A[3]__257/C is not reached by a timing clock
Related violations: <none>

TIMING-17#825 Warning
Non-clocked sequential cell  
The clock pin display/disp_ctrl/A[3]__258/C is not reached by a timing clock
Related violations: <none>

TIMING-17#826 Warning
Non-clocked sequential cell  
The clock pin display/disp_ctrl/A[3]__259/C is not reached by a timing clock
Related violations: <none>

TIMING-17#827 Warning
Non-clocked sequential cell  
The clock pin display/disp_ctrl/A[3]__260/C is not reached by a timing clock
Related violations: <none>

TIMING-17#828 Warning
Non-clocked sequential cell  
The clock pin display/disp_ctrl/A[3]__261/C is not reached by a timing clock
Related violations: <none>

TIMING-17#829 Warning
Non-clocked sequential cell  
The clock pin display/disp_ctrl/A[3]__262/C is not reached by a timing clock
Related violations: <none>

TIMING-17#830 Warning
Non-clocked sequential cell  
The clock pin display/disp_ctrl/A[3]__263/C is not reached by a timing clock
Related violations: <none>

TIMING-17#831 Warning
Non-clocked sequential cell  
The clock pin display/disp_ctrl/A[3]__264/C is not reached by a timing clock
Related violations: <none>

TIMING-17#832 Warning
Non-clocked sequential cell  
The clock pin display/disp_ctrl/A[3]__265/C is not reached by a timing clock
Related violations: <none>

TIMING-17#833 Warning
Non-clocked sequential cell  
The clock pin display/disp_ctrl/A[3]__266/C is not reached by a timing clock
Related violations: <none>

TIMING-17#834 Warning
Non-clocked sequential cell  
The clock pin display/disp_ctrl/A[3]__267/C is not reached by a timing clock
Related violations: <none>

TIMING-17#835 Warning
Non-clocked sequential cell  
The clock pin display/disp_ctrl/A[3]__268/C is not reached by a timing clock
Related violations: <none>

TIMING-17#836 Warning
Non-clocked sequential cell  
The clock pin display/disp_ctrl/A[3]__269/C is not reached by a timing clock
Related violations: <none>

TIMING-17#837 Warning
Non-clocked sequential cell  
The clock pin display/disp_ctrl/A[3]__270/C is not reached by a timing clock
Related violations: <none>

TIMING-17#838 Warning
Non-clocked sequential cell  
The clock pin display/disp_ctrl/A[3]__271/C is not reached by a timing clock
Related violations: <none>

TIMING-17#839 Warning
Non-clocked sequential cell  
The clock pin display/disp_ctrl/A[3]__272/C is not reached by a timing clock
Related violations: <none>

TIMING-17#840 Warning
Non-clocked sequential cell  
The clock pin display/disp_ctrl/A[3]__273/C is not reached by a timing clock
Related violations: <none>

TIMING-17#841 Warning
Non-clocked sequential cell  
The clock pin display/disp_ctrl/A[3]__274/C is not reached by a timing clock
Related violations: <none>

TIMING-17#842 Warning
Non-clocked sequential cell  
The clock pin display/disp_ctrl/A[3]__275/C is not reached by a timing clock
Related violations: <none>

TIMING-17#843 Warning
Non-clocked sequential cell  
The clock pin display/disp_ctrl/A[3]__276/C is not reached by a timing clock
Related violations: <none>

TIMING-17#844 Warning
Non-clocked sequential cell  
The clock pin display/disp_ctrl/A[3]__277/C is not reached by a timing clock
Related violations: <none>

TIMING-17#845 Warning
Non-clocked sequential cell  
The clock pin display/disp_ctrl/A[3]__278/C is not reached by a timing clock
Related violations: <none>

TIMING-17#846 Warning
Non-clocked sequential cell  
The clock pin display/disp_ctrl/A[3]__279/C is not reached by a timing clock
Related violations: <none>

TIMING-17#847 Warning
Non-clocked sequential cell  
The clock pin display/disp_ctrl/A[3]__280/C is not reached by a timing clock
Related violations: <none>

TIMING-17#848 Warning
Non-clocked sequential cell  
The clock pin display/disp_ctrl/A[3]__281/C is not reached by a timing clock
Related violations: <none>

TIMING-17#849 Warning
Non-clocked sequential cell  
The clock pin display/disp_ctrl/A[3]__282/C is not reached by a timing clock
Related violations: <none>

TIMING-17#850 Warning
Non-clocked sequential cell  
The clock pin display/disp_ctrl/A[3]__283/C is not reached by a timing clock
Related violations: <none>

TIMING-17#851 Warning
Non-clocked sequential cell  
The clock pin display/disp_ctrl/A[3]__284/C is not reached by a timing clock
Related violations: <none>

TIMING-17#852 Warning
Non-clocked sequential cell  
The clock pin display/disp_ctrl/A[3]__285/C is not reached by a timing clock
Related violations: <none>

TIMING-17#853 Warning
Non-clocked sequential cell  
The clock pin display/disp_ctrl/A[3]__286/C is not reached by a timing clock
Related violations: <none>

TIMING-17#854 Warning
Non-clocked sequential cell  
The clock pin display/disp_ctrl/A[3]__287/C is not reached by a timing clock
Related violations: <none>

TIMING-17#855 Warning
Non-clocked sequential cell  
The clock pin display/disp_ctrl/A[3]__288/C is not reached by a timing clock
Related violations: <none>

TIMING-17#856 Warning
Non-clocked sequential cell  
The clock pin display/disp_ctrl/A[3]__289/C is not reached by a timing clock
Related violations: <none>

TIMING-17#857 Warning
Non-clocked sequential cell  
The clock pin display/disp_ctrl/A[3]__290/C is not reached by a timing clock
Related violations: <none>

TIMING-17#858 Warning
Non-clocked sequential cell  
The clock pin display/disp_ctrl/A[3]__291/C is not reached by a timing clock
Related violations: <none>

TIMING-17#859 Warning
Non-clocked sequential cell  
The clock pin display/disp_ctrl/A[3]__292/C is not reached by a timing clock
Related violations: <none>

TIMING-17#860 Warning
Non-clocked sequential cell  
The clock pin display/disp_ctrl/A[3]__293/C is not reached by a timing clock
Related violations: <none>

TIMING-17#861 Warning
Non-clocked sequential cell  
The clock pin display/disp_ctrl/A[3]__294/C is not reached by a timing clock
Related violations: <none>

TIMING-17#862 Warning
Non-clocked sequential cell  
The clock pin display/disp_ctrl/A[3]__295/C is not reached by a timing clock
Related violations: <none>

TIMING-17#863 Warning
Non-clocked sequential cell  
The clock pin display/disp_ctrl/A[3]__296/C is not reached by a timing clock
Related violations: <none>

TIMING-17#864 Warning
Non-clocked sequential cell  
The clock pin display/disp_ctrl/A[3]__297/C is not reached by a timing clock
Related violations: <none>

TIMING-17#865 Warning
Non-clocked sequential cell  
The clock pin display/disp_ctrl/A[3]__298/C is not reached by a timing clock
Related violations: <none>

TIMING-17#866 Warning
Non-clocked sequential cell  
The clock pin display/disp_ctrl/A[3]__299/C is not reached by a timing clock
Related violations: <none>

TIMING-17#867 Warning
Non-clocked sequential cell  
The clock pin display/disp_ctrl/A[3]__30/C is not reached by a timing clock
Related violations: <none>

TIMING-17#868 Warning
Non-clocked sequential cell  
The clock pin display/disp_ctrl/A[3]__300/C is not reached by a timing clock
Related violations: <none>

TIMING-17#869 Warning
Non-clocked sequential cell  
The clock pin display/disp_ctrl/A[3]__301/C is not reached by a timing clock
Related violations: <none>

TIMING-17#870 Warning
Non-clocked sequential cell  
The clock pin display/disp_ctrl/A[3]__302/C is not reached by a timing clock
Related violations: <none>

TIMING-17#871 Warning
Non-clocked sequential cell  
The clock pin display/disp_ctrl/A[3]__303/C is not reached by a timing clock
Related violations: <none>

TIMING-17#872 Warning
Non-clocked sequential cell  
The clock pin display/disp_ctrl/A[3]__304/C is not reached by a timing clock
Related violations: <none>

TIMING-17#873 Warning
Non-clocked sequential cell  
The clock pin display/disp_ctrl/A[3]__305/C is not reached by a timing clock
Related violations: <none>

TIMING-17#874 Warning
Non-clocked sequential cell  
The clock pin display/disp_ctrl/A[3]__306/C is not reached by a timing clock
Related violations: <none>

TIMING-17#875 Warning
Non-clocked sequential cell  
The clock pin display/disp_ctrl/A[3]__307/C is not reached by a timing clock
Related violations: <none>

TIMING-17#876 Warning
Non-clocked sequential cell  
The clock pin display/disp_ctrl/A[3]__308/C is not reached by a timing clock
Related violations: <none>

TIMING-17#877 Warning
Non-clocked sequential cell  
The clock pin display/disp_ctrl/A[3]__309/C is not reached by a timing clock
Related violations: <none>

TIMING-17#878 Warning
Non-clocked sequential cell  
The clock pin display/disp_ctrl/A[3]__310/C is not reached by a timing clock
Related violations: <none>

TIMING-17#879 Warning
Non-clocked sequential cell  
The clock pin display/disp_ctrl/A[3]__311/C is not reached by a timing clock
Related violations: <none>

TIMING-17#880 Warning
Non-clocked sequential cell  
The clock pin display/disp_ctrl/A[3]__312/C is not reached by a timing clock
Related violations: <none>

TIMING-17#881 Warning
Non-clocked sequential cell  
The clock pin display/disp_ctrl/A[3]__313/C is not reached by a timing clock
Related violations: <none>

TIMING-17#882 Warning
Non-clocked sequential cell  
The clock pin display/disp_ctrl/A[3]__314/C is not reached by a timing clock
Related violations: <none>

TIMING-17#883 Warning
Non-clocked sequential cell  
The clock pin display/disp_ctrl/A[3]__315/C is not reached by a timing clock
Related violations: <none>

TIMING-17#884 Warning
Non-clocked sequential cell  
The clock pin display/disp_ctrl/A[3]__316/C is not reached by a timing clock
Related violations: <none>

TIMING-17#885 Warning
Non-clocked sequential cell  
The clock pin display/disp_ctrl/A[3]__317/C is not reached by a timing clock
Related violations: <none>

TIMING-17#886 Warning
Non-clocked sequential cell  
The clock pin display/disp_ctrl/A[3]__318/C is not reached by a timing clock
Related violations: <none>

TIMING-17#887 Warning
Non-clocked sequential cell  
The clock pin display/disp_ctrl/A[3]__319/C is not reached by a timing clock
Related violations: <none>

TIMING-17#888 Warning
Non-clocked sequential cell  
The clock pin display/disp_ctrl/A[3]__320/C is not reached by a timing clock
Related violations: <none>

TIMING-17#889 Warning
Non-clocked sequential cell  
The clock pin display/disp_ctrl/A[3]__321/C is not reached by a timing clock
Related violations: <none>

TIMING-17#890 Warning
Non-clocked sequential cell  
The clock pin display/disp_ctrl/A[3]__322/C is not reached by a timing clock
Related violations: <none>

TIMING-17#891 Warning
Non-clocked sequential cell  
The clock pin display/disp_ctrl/A[3]__323/C is not reached by a timing clock
Related violations: <none>

TIMING-17#892 Warning
Non-clocked sequential cell  
The clock pin display/disp_ctrl/A[3]__324/C is not reached by a timing clock
Related violations: <none>

TIMING-17#893 Warning
Non-clocked sequential cell  
The clock pin display/disp_ctrl/A[3]__325/C is not reached by a timing clock
Related violations: <none>

TIMING-17#894 Warning
Non-clocked sequential cell  
The clock pin display/disp_ctrl/A[3]__326/C is not reached by a timing clock
Related violations: <none>

TIMING-17#895 Warning
Non-clocked sequential cell  
The clock pin display/disp_ctrl/A[3]__327/C is not reached by a timing clock
Related violations: <none>

TIMING-17#896 Warning
Non-clocked sequential cell  
The clock pin display/disp_ctrl/A[3]__328/C is not reached by a timing clock
Related violations: <none>

TIMING-17#897 Warning
Non-clocked sequential cell  
The clock pin display/disp_ctrl/A[3]__329/C is not reached by a timing clock
Related violations: <none>

TIMING-17#898 Warning
Non-clocked sequential cell  
The clock pin display/disp_ctrl/A[3]__330/C is not reached by a timing clock
Related violations: <none>

TIMING-17#899 Warning
Non-clocked sequential cell  
The clock pin display/disp_ctrl/A[3]__331/C is not reached by a timing clock
Related violations: <none>

TIMING-17#900 Warning
Non-clocked sequential cell  
The clock pin display/disp_ctrl/A[3]__332/C is not reached by a timing clock
Related violations: <none>

TIMING-17#901 Warning
Non-clocked sequential cell  
The clock pin display/disp_ctrl/A[3]__333/C is not reached by a timing clock
Related violations: <none>

TIMING-17#902 Warning
Non-clocked sequential cell  
The clock pin display/disp_ctrl/A[3]__334/C is not reached by a timing clock
Related violations: <none>

TIMING-17#903 Warning
Non-clocked sequential cell  
The clock pin display/disp_ctrl/A[3]__335/C is not reached by a timing clock
Related violations: <none>

TIMING-17#904 Warning
Non-clocked sequential cell  
The clock pin display/disp_ctrl/A[3]__336/C is not reached by a timing clock
Related violations: <none>

TIMING-17#905 Warning
Non-clocked sequential cell  
The clock pin display/disp_ctrl/A[3]__337/C is not reached by a timing clock
Related violations: <none>

TIMING-17#906 Warning
Non-clocked sequential cell  
The clock pin display/disp_ctrl/A[3]__338/C is not reached by a timing clock
Related violations: <none>

TIMING-17#907 Warning
Non-clocked sequential cell  
The clock pin display/disp_ctrl/A[3]__339/C is not reached by a timing clock
Related violations: <none>

TIMING-17#908 Warning
Non-clocked sequential cell  
The clock pin display/disp_ctrl/A[3]__340/C is not reached by a timing clock
Related violations: <none>

TIMING-17#909 Warning
Non-clocked sequential cell  
The clock pin display/disp_ctrl/A[3]__341/C is not reached by a timing clock
Related violations: <none>

TIMING-17#910 Warning
Non-clocked sequential cell  
The clock pin display/disp_ctrl/A[3]__342/C is not reached by a timing clock
Related violations: <none>

TIMING-17#911 Warning
Non-clocked sequential cell  
The clock pin display/disp_ctrl/A[3]__343/C is not reached by a timing clock
Related violations: <none>

TIMING-17#912 Warning
Non-clocked sequential cell  
The clock pin display/disp_ctrl/A[3]__344/C is not reached by a timing clock
Related violations: <none>

TIMING-17#913 Warning
Non-clocked sequential cell  
The clock pin display/disp_ctrl/A[3]__345/C is not reached by a timing clock
Related violations: <none>

TIMING-17#914 Warning
Non-clocked sequential cell  
The clock pin display/disp_ctrl/A[3]__346/C is not reached by a timing clock
Related violations: <none>

TIMING-17#915 Warning
Non-clocked sequential cell  
The clock pin display/disp_ctrl/A[3]__347/C is not reached by a timing clock
Related violations: <none>

TIMING-17#916 Warning
Non-clocked sequential cell  
The clock pin display/disp_ctrl/A[3]__348/C is not reached by a timing clock
Related violations: <none>

TIMING-17#917 Warning
Non-clocked sequential cell  
The clock pin display/disp_ctrl/A[3]__349/C is not reached by a timing clock
Related violations: <none>

TIMING-17#918 Warning
Non-clocked sequential cell  
The clock pin display/disp_ctrl/A[3]__350/C is not reached by a timing clock
Related violations: <none>

TIMING-17#919 Warning
Non-clocked sequential cell  
The clock pin display/disp_ctrl/A[3]__351/C is not reached by a timing clock
Related violations: <none>

TIMING-17#920 Warning
Non-clocked sequential cell  
The clock pin display/disp_ctrl/A[3]__352/C is not reached by a timing clock
Related violations: <none>

TIMING-17#921 Warning
Non-clocked sequential cell  
The clock pin display/disp_ctrl/A[3]__353/C is not reached by a timing clock
Related violations: <none>

TIMING-17#922 Warning
Non-clocked sequential cell  
The clock pin display/disp_ctrl/A[3]__354/C is not reached by a timing clock
Related violations: <none>

TIMING-17#923 Warning
Non-clocked sequential cell  
The clock pin display/disp_ctrl/A[3]__355/C is not reached by a timing clock
Related violations: <none>

TIMING-17#924 Warning
Non-clocked sequential cell  
The clock pin display/disp_ctrl/A[3]__356/C is not reached by a timing clock
Related violations: <none>

TIMING-17#925 Warning
Non-clocked sequential cell  
The clock pin display/disp_ctrl/A[3]__357/C is not reached by a timing clock
Related violations: <none>

TIMING-17#926 Warning
Non-clocked sequential cell  
The clock pin display/disp_ctrl/A[3]__358/C is not reached by a timing clock
Related violations: <none>

TIMING-17#927 Warning
Non-clocked sequential cell  
The clock pin display/disp_ctrl/A[3]__359/C is not reached by a timing clock
Related violations: <none>

TIMING-17#928 Warning
Non-clocked sequential cell  
The clock pin display/disp_ctrl/A[3]__360/C is not reached by a timing clock
Related violations: <none>

TIMING-17#929 Warning
Non-clocked sequential cell  
The clock pin display/disp_ctrl/A[3]__361/C is not reached by a timing clock
Related violations: <none>

TIMING-17#930 Warning
Non-clocked sequential cell  
The clock pin display/disp_ctrl/A[3]__362/C is not reached by a timing clock
Related violations: <none>

TIMING-17#931 Warning
Non-clocked sequential cell  
The clock pin display/disp_ctrl/A[3]__363/C is not reached by a timing clock
Related violations: <none>

TIMING-17#932 Warning
Non-clocked sequential cell  
The clock pin display/disp_ctrl/A[3]__364/C is not reached by a timing clock
Related violations: <none>

TIMING-17#933 Warning
Non-clocked sequential cell  
The clock pin display/disp_ctrl/A[3]__365/C is not reached by a timing clock
Related violations: <none>

TIMING-17#934 Warning
Non-clocked sequential cell  
The clock pin display/disp_ctrl/A[3]__366/C is not reached by a timing clock
Related violations: <none>

TIMING-17#935 Warning
Non-clocked sequential cell  
The clock pin display/disp_ctrl/A[3]__367/C is not reached by a timing clock
Related violations: <none>

TIMING-17#936 Warning
Non-clocked sequential cell  
The clock pin display/disp_ctrl/A[3]__368/C is not reached by a timing clock
Related violations: <none>

TIMING-17#937 Warning
Non-clocked sequential cell  
The clock pin display/disp_ctrl/A[3]__369/C is not reached by a timing clock
Related violations: <none>

TIMING-17#938 Warning
Non-clocked sequential cell  
The clock pin display/disp_ctrl/A[3]__370/C is not reached by a timing clock
Related violations: <none>

TIMING-17#939 Warning
Non-clocked sequential cell  
The clock pin display/disp_ctrl/A[3]__371/C is not reached by a timing clock
Related violations: <none>

TIMING-17#940 Warning
Non-clocked sequential cell  
The clock pin display/disp_ctrl/A[3]__372/C is not reached by a timing clock
Related violations: <none>

TIMING-17#941 Warning
Non-clocked sequential cell  
The clock pin display/disp_ctrl/A[3]__373/C is not reached by a timing clock
Related violations: <none>

TIMING-17#942 Warning
Non-clocked sequential cell  
The clock pin display/disp_ctrl/A[3]__374/C is not reached by a timing clock
Related violations: <none>

TIMING-17#943 Warning
Non-clocked sequential cell  
The clock pin display/disp_ctrl/A[3]__375/C is not reached by a timing clock
Related violations: <none>

TIMING-17#944 Warning
Non-clocked sequential cell  
The clock pin display/disp_ctrl/A[3]__376/C is not reached by a timing clock
Related violations: <none>

TIMING-17#945 Warning
Non-clocked sequential cell  
The clock pin display/disp_ctrl/A[3]__377/C is not reached by a timing clock
Related violations: <none>

TIMING-17#946 Warning
Non-clocked sequential cell  
The clock pin display/disp_ctrl/A[3]__378/C is not reached by a timing clock
Related violations: <none>

TIMING-17#947 Warning
Non-clocked sequential cell  
The clock pin display/disp_ctrl/A[3]__379/C is not reached by a timing clock
Related violations: <none>

TIMING-17#948 Warning
Non-clocked sequential cell  
The clock pin display/disp_ctrl/A[3]__380/C is not reached by a timing clock
Related violations: <none>

TIMING-17#949 Warning
Non-clocked sequential cell  
The clock pin display/disp_ctrl/A[3]__381/C is not reached by a timing clock
Related violations: <none>

TIMING-17#950 Warning
Non-clocked sequential cell  
The clock pin display/disp_ctrl/A[3]__382/C is not reached by a timing clock
Related violations: <none>

TIMING-17#951 Warning
Non-clocked sequential cell  
The clock pin display/disp_ctrl/A[3]__383/C is not reached by a timing clock
Related violations: <none>

TIMING-17#952 Warning
Non-clocked sequential cell  
The clock pin display/disp_ctrl/A[3]__384/C is not reached by a timing clock
Related violations: <none>

TIMING-17#953 Warning
Non-clocked sequential cell  
The clock pin display/disp_ctrl/A[3]__385/C is not reached by a timing clock
Related violations: <none>

TIMING-17#954 Warning
Non-clocked sequential cell  
The clock pin display/disp_ctrl/A[3]__386/C is not reached by a timing clock
Related violations: <none>

TIMING-17#955 Warning
Non-clocked sequential cell  
The clock pin display/disp_ctrl/A[3]__387/C is not reached by a timing clock
Related violations: <none>

TIMING-17#956 Warning
Non-clocked sequential cell  
The clock pin display/disp_ctrl/A[3]__388/C is not reached by a timing clock
Related violations: <none>

TIMING-17#957 Warning
Non-clocked sequential cell  
The clock pin display/disp_ctrl/A[3]__389/C is not reached by a timing clock
Related violations: <none>

TIMING-17#958 Warning
Non-clocked sequential cell  
The clock pin display/disp_ctrl/A[3]__390/C is not reached by a timing clock
Related violations: <none>

TIMING-17#959 Warning
Non-clocked sequential cell  
The clock pin display/disp_ctrl/A[3]__391/C is not reached by a timing clock
Related violations: <none>

TIMING-17#960 Warning
Non-clocked sequential cell  
The clock pin display/disp_ctrl/A[3]__392/C is not reached by a timing clock
Related violations: <none>

TIMING-17#961 Warning
Non-clocked sequential cell  
The clock pin display/disp_ctrl/A[3]__393/C is not reached by a timing clock
Related violations: <none>

TIMING-17#962 Warning
Non-clocked sequential cell  
The clock pin display/disp_ctrl/A[3]__394/C is not reached by a timing clock
Related violations: <none>

TIMING-17#963 Warning
Non-clocked sequential cell  
The clock pin display/disp_ctrl/A[3]__395/C is not reached by a timing clock
Related violations: <none>

TIMING-17#964 Warning
Non-clocked sequential cell  
The clock pin display/disp_ctrl/A[3]__396/C is not reached by a timing clock
Related violations: <none>

TIMING-17#965 Warning
Non-clocked sequential cell  
The clock pin display/disp_ctrl/A[3]__397/C is not reached by a timing clock
Related violations: <none>

TIMING-17#966 Warning
Non-clocked sequential cell  
The clock pin display/disp_ctrl/A[3]__398/C is not reached by a timing clock
Related violations: <none>

TIMING-17#967 Warning
Non-clocked sequential cell  
The clock pin display/disp_ctrl/A[3]__399/C is not reached by a timing clock
Related violations: <none>

TIMING-17#968 Warning
Non-clocked sequential cell  
The clock pin display/disp_ctrl/A[3]__400/C is not reached by a timing clock
Related violations: <none>

TIMING-17#969 Warning
Non-clocked sequential cell  
The clock pin display/disp_ctrl/A[3]__401/C is not reached by a timing clock
Related violations: <none>

TIMING-17#970 Warning
Non-clocked sequential cell  
The clock pin display/disp_ctrl/A[3]__402/C is not reached by a timing clock
Related violations: <none>

TIMING-17#971 Warning
Non-clocked sequential cell  
The clock pin display/disp_ctrl/A[3]__403/C is not reached by a timing clock
Related violations: <none>

TIMING-17#972 Warning
Non-clocked sequential cell  
The clock pin display/disp_ctrl/A[3]__404/C is not reached by a timing clock
Related violations: <none>

TIMING-17#973 Warning
Non-clocked sequential cell  
The clock pin display/disp_ctrl/A[3]__405/C is not reached by a timing clock
Related violations: <none>

TIMING-17#974 Warning
Non-clocked sequential cell  
The clock pin display/disp_ctrl/A[3]__406/C is not reached by a timing clock
Related violations: <none>

TIMING-17#975 Warning
Non-clocked sequential cell  
The clock pin display/disp_ctrl/A[3]__407/C is not reached by a timing clock
Related violations: <none>

TIMING-17#976 Warning
Non-clocked sequential cell  
The clock pin display/disp_ctrl/A[3]__408/C is not reached by a timing clock
Related violations: <none>

TIMING-17#977 Warning
Non-clocked sequential cell  
The clock pin display/disp_ctrl/A[3]__409/C is not reached by a timing clock
Related violations: <none>

TIMING-17#978 Warning
Non-clocked sequential cell  
The clock pin display/disp_ctrl/A[3]__410/C is not reached by a timing clock
Related violations: <none>

TIMING-17#979 Warning
Non-clocked sequential cell  
The clock pin display/disp_ctrl/A[3]__411/C is not reached by a timing clock
Related violations: <none>

TIMING-17#980 Warning
Non-clocked sequential cell  
The clock pin display/disp_ctrl/A[3]__412/C is not reached by a timing clock
Related violations: <none>

TIMING-17#981 Warning
Non-clocked sequential cell  
The clock pin display/disp_ctrl/A[3]__413/C is not reached by a timing clock
Related violations: <none>

TIMING-17#982 Warning
Non-clocked sequential cell  
The clock pin display/disp_ctrl/A[3]__414/C is not reached by a timing clock
Related violations: <none>

TIMING-17#983 Warning
Non-clocked sequential cell  
The clock pin display/disp_ctrl/A[3]__415/C is not reached by a timing clock
Related violations: <none>

TIMING-17#984 Warning
Non-clocked sequential cell  
The clock pin display/disp_ctrl/A[3]__416/C is not reached by a timing clock
Related violations: <none>

TIMING-17#985 Warning
Non-clocked sequential cell  
The clock pin display/disp_ctrl/A[3]__417/C is not reached by a timing clock
Related violations: <none>

TIMING-17#986 Warning
Non-clocked sequential cell  
The clock pin display/disp_ctrl/A[3]__418/C is not reached by a timing clock
Related violations: <none>

TIMING-17#987 Warning
Non-clocked sequential cell  
The clock pin display/disp_ctrl/A[3]__419/C is not reached by a timing clock
Related violations: <none>

TIMING-17#988 Warning
Non-clocked sequential cell  
The clock pin display/disp_ctrl/A[3]__420/C is not reached by a timing clock
Related violations: <none>

TIMING-17#989 Warning
Non-clocked sequential cell  
The clock pin display/disp_ctrl/A[3]__421/C is not reached by a timing clock
Related violations: <none>

TIMING-17#990 Warning
Non-clocked sequential cell  
The clock pin display/disp_ctrl/A[3]__422/C is not reached by a timing clock
Related violations: <none>

TIMING-17#991 Warning
Non-clocked sequential cell  
The clock pin display/disp_ctrl/A[3]__423/C is not reached by a timing clock
Related violations: <none>

TIMING-17#992 Warning
Non-clocked sequential cell  
The clock pin display/disp_ctrl/A[3]__424/C is not reached by a timing clock
Related violations: <none>

TIMING-17#993 Warning
Non-clocked sequential cell  
The clock pin display/disp_ctrl/A[3]__425/C is not reached by a timing clock
Related violations: <none>

TIMING-17#994 Warning
Non-clocked sequential cell  
The clock pin display/disp_ctrl/A[3]__426/C is not reached by a timing clock
Related violations: <none>

TIMING-17#995 Warning
Non-clocked sequential cell  
The clock pin display/disp_ctrl/A[3]__427/C is not reached by a timing clock
Related violations: <none>

TIMING-17#996 Warning
Non-clocked sequential cell  
The clock pin display/disp_ctrl/A[3]__428/C is not reached by a timing clock
Related violations: <none>

TIMING-17#997 Warning
Non-clocked sequential cell  
The clock pin display/disp_ctrl/A[3]__429/C is not reached by a timing clock
Related violations: <none>

TIMING-17#998 Warning
Non-clocked sequential cell  
The clock pin display/disp_ctrl/A[3]__430/C is not reached by a timing clock
Related violations: <none>

TIMING-17#999 Warning
Non-clocked sequential cell  
The clock pin display/disp_ctrl/A[3]__431/C is not reached by a timing clock
Related violations: <none>

TIMING-17#1000 Warning
Non-clocked sequential cell  
The clock pin display/disp_ctrl/A[3]__432/C is not reached by a timing clock
Related violations: <none>

TIMING-18#1 Warning
Missing input or output delay  
An input delay is missing on sw[0] relative to clock(s) sys_clk_pin
Related violations: <none>

TIMING-18#2 Warning
Missing input or output delay  
An input delay is missing on sw[10] relative to clock(s) sys_clk_pin
Related violations: <none>

TIMING-18#3 Warning
Missing input or output delay  
An input delay is missing on sw[11] relative to clock(s) sys_clk_pin
Related violations: <none>

TIMING-18#4 Warning
Missing input or output delay  
An input delay is missing on sw[12] relative to clock(s) sys_clk_pin
Related violations: <none>

TIMING-18#5 Warning
Missing input or output delay  
An input delay is missing on sw[13] relative to clock(s) sys_clk_pin
Related violations: <none>

TIMING-18#6 Warning
Missing input or output delay  
An input delay is missing on sw[14] relative to clock(s) sys_clk_pin
Related violations: <none>

TIMING-18#7 Warning
Missing input or output delay  
An input delay is missing on sw[15] relative to clock(s) sys_clk_pin
Related violations: <none>

TIMING-18#8 Warning
Missing input or output delay  
An input delay is missing on sw[1] relative to clock(s) sys_clk_pin
Related violations: <none>

TIMING-18#9 Warning
Missing input or output delay  
An input delay is missing on sw[2] relative to clock(s) sys_clk_pin
Related violations: <none>

TIMING-18#10 Warning
Missing input or output delay  
An input delay is missing on sw[3] relative to clock(s) sys_clk_pin
Related violations: <none>

TIMING-18#11 Warning
Missing input or output delay  
An input delay is missing on sw[4] relative to clock(s) sys_clk_pin
Related violations: <none>

TIMING-18#12 Warning
Missing input or output delay  
An input delay is missing on sw[5] relative to clock(s) sys_clk_pin
Related violations: <none>

TIMING-18#13 Warning
Missing input or output delay  
An input delay is missing on sw[6] relative to clock(s) sys_clk_pin
Related violations: <none>

TIMING-18#14 Warning
Missing input or output delay  
An input delay is missing on sw[7] relative to clock(s) sys_clk_pin
Related violations: <none>

TIMING-18#15 Warning
Missing input or output delay  
An input delay is missing on sw[8] relative to clock(s) sys_clk_pin
Related violations: <none>

TIMING-18#16 Warning
Missing input or output delay  
An input delay is missing on sw[9] relative to clock(s) sys_clk_pin
Related violations: <none>

TIMING-18#17 Warning
Missing input or output delay  
An output delay is missing on JA[0] relative to clock(s) sys_clk_pin
Related violations: <none>

TIMING-18#18 Warning
Missing input or output delay  
An output delay is missing on JA[1] relative to clock(s) sys_clk_pin
Related violations: <none>

TIMING-18#19 Warning
Missing input or output delay  
An output delay is missing on JA[2] relative to clock(s) sys_clk_pin
Related violations: <none>

TIMING-18#20 Warning
Missing input or output delay  
An output delay is missing on JA[3] relative to clock(s) sys_clk_pin
Related violations: <none>

TIMING-18#21 Warning
Missing input or output delay  
An output delay is missing on JA[4] relative to clock(s) sys_clk_pin
Related violations: <none>

TIMING-18#22 Warning
Missing input or output delay  
An output delay is missing on JA[5] relative to clock(s) sys_clk_pin
Related violations: <none>

TIMING-18#23 Warning
Missing input or output delay  
An output delay is missing on JA[6] relative to clock(s) sys_clk_pin
Related violations: <none>

TIMING-18#24 Warning
Missing input or output delay  
An output delay is missing on JA[7] relative to clock(s) sys_clk_pin
Related violations: <none>

TIMING-18#25 Warning
Missing input or output delay  
An output delay is missing on JB[0] relative to clock(s) sys_clk_pin
Related violations: <none>

TIMING-18#26 Warning
Missing input or output delay  
An output delay is missing on JB[1] relative to clock(s) sys_clk_pin
Related violations: <none>

TIMING-18#27 Warning
Missing input or output delay  
An output delay is missing on JB[2] relative to clock(s) sys_clk_pin
Related violations: <none>

TIMING-18#28 Warning
Missing input or output delay  
An output delay is missing on JB[3] relative to clock(s) sys_clk_pin
Related violations: <none>

TIMING-18#29 Warning
Missing input or output delay  
An output delay is missing on JB[4] relative to clock(s) sys_clk_pin
Related violations: <none>

TIMING-18#30 Warning
Missing input or output delay  
An output delay is missing on JB[5] relative to clock(s) sys_clk_pin
Related violations: <none>

TIMING-18#31 Warning
Missing input or output delay  
An output delay is missing on JB[6] relative to clock(s) sys_clk_pin
Related violations: <none>

TIMING-18#32 Warning
Missing input or output delay  
An output delay is missing on JB[7] relative to clock(s) sys_clk_pin
Related violations: <none>

TIMING-18#33 Warning
Missing input or output delay  
An output delay is missing on JC[0] relative to clock(s) sys_clk_pin
Related violations: <none>

TIMING-18#34 Warning
Missing input or output delay  
An output delay is missing on JC[1] relative to clock(s) sys_clk_pin
Related violations: <none>

TIMING-18#35 Warning
Missing input or output delay  
An output delay is missing on JC[2] relative to clock(s) sys_clk_pin
Related violations: <none>

TIMING-18#36 Warning
Missing input or output delay  
An output delay is missing on JC[3] relative to clock(s) sys_clk_pin
Related violations: <none>

TIMING-18#37 Warning
Missing input or output delay  
An output delay is missing on JC[4] relative to clock(s) sys_clk_pin
Related violations: <none>

TIMING-18#38 Warning
Missing input or output delay  
An output delay is missing on JC[5] relative to clock(s) sys_clk_pin
Related violations: <none>

TIMING-18#39 Warning
Missing input or output delay  
An output delay is missing on JC[6] relative to clock(s) sys_clk_pin
Related violations: <none>

TIMING-18#40 Warning
Missing input or output delay  
An output delay is missing on JC[7] relative to clock(s) sys_clk_pin
Related violations: <none>

TIMING-18#41 Warning
Missing input or output delay  
An output delay is missing on J_MIC3_Pin1 relative to clock(s) sys_clk_pin
Related violations: <none>

TIMING-18#42 Warning
Missing input or output delay  
An output delay is missing on J_MIC3_Pin4 relative to clock(s) sys_clk_pin
Related violations: <none>

TIMING-18#43 Warning
Missing input or output delay  
An output delay is missing on an[0] relative to clock(s) sys_clk_pin
Related violations: <none>

TIMING-18#44 Warning
Missing input or output delay  
An output delay is missing on an[1] relative to clock(s) sys_clk_pin
Related violations: <none>

TIMING-18#45 Warning
Missing input or output delay  
An output delay is missing on an[2] relative to clock(s) sys_clk_pin
Related violations: <none>

TIMING-18#46 Warning
Missing input or output delay  
An output delay is missing on an[3] relative to clock(s) sys_clk_pin
Related violations: <none>

TIMING-18#47 Warning
Missing input or output delay  
An output delay is missing on led[0] relative to clock(s) sys_clk_pin
Related violations: <none>

TIMING-18#48 Warning
Missing input or output delay  
An output delay is missing on led[10] relative to clock(s) sys_clk_pin
Related violations: <none>

TIMING-18#49 Warning
Missing input or output delay  
An output delay is missing on led[11] relative to clock(s) sys_clk_pin
Related violations: <none>

TIMING-18#50 Warning
Missing input or output delay  
An output delay is missing on led[12] relative to clock(s) sys_clk_pin
Related violations: <none>

TIMING-18#51 Warning
Missing input or output delay  
An output delay is missing on led[13] relative to clock(s) sys_clk_pin
Related violations: <none>

TIMING-18#52 Warning
Missing input or output delay  
An output delay is missing on led[14] relative to clock(s) sys_clk_pin
Related violations: <none>

TIMING-18#53 Warning
Missing input or output delay  
An output delay is missing on led[15] relative to clock(s) sys_clk_pin
Related violations: <none>

TIMING-18#54 Warning
Missing input or output delay  
An output delay is missing on led[1] relative to clock(s) sys_clk_pin
Related violations: <none>

TIMING-18#55 Warning
Missing input or output delay  
An output delay is missing on led[2] relative to clock(s) sys_clk_pin
Related violations: <none>

TIMING-18#56 Warning
Missing input or output delay  
An output delay is missing on led[3] relative to clock(s) sys_clk_pin
Related violations: <none>

TIMING-18#57 Warning
Missing input or output delay  
An output delay is missing on led[4] relative to clock(s) sys_clk_pin
Related violations: <none>

TIMING-18#58 Warning
Missing input or output delay  
An output delay is missing on led[5] relative to clock(s) sys_clk_pin
Related violations: <none>

TIMING-18#59 Warning
Missing input or output delay  
An output delay is missing on led[6] relative to clock(s) sys_clk_pin
Related violations: <none>

TIMING-18#60 Warning
Missing input or output delay  
An output delay is missing on led[7] relative to clock(s) sys_clk_pin
Related violations: <none>

TIMING-18#61 Warning
Missing input or output delay  
An output delay is missing on led[8] relative to clock(s) sys_clk_pin
Related violations: <none>

TIMING-18#62 Warning
Missing input or output delay  
An output delay is missing on led[9] relative to clock(s) sys_clk_pin
Related violations: <none>

TIMING-18#63 Warning
Missing input or output delay  
An output delay is missing on seg[0] relative to clock(s) sys_clk_pin
Related violations: <none>

TIMING-18#64 Warning
Missing input or output delay  
An output delay is missing on seg[1] relative to clock(s) sys_clk_pin
Related violations: <none>

TIMING-18#65 Warning
Missing input or output delay  
An output delay is missing on seg[2] relative to clock(s) sys_clk_pin
Related violations: <none>

TIMING-18#66 Warning
Missing input or output delay  
An output delay is missing on seg[3] relative to clock(s) sys_clk_pin
Related violations: <none>

TIMING-18#67 Warning
Missing input or output delay  
An output delay is missing on seg[4] relative to clock(s) sys_clk_pin
Related violations: <none>

TIMING-18#68 Warning
Missing input or output delay  
An output delay is missing on seg[5] relative to clock(s) sys_clk_pin
Related violations: <none>

TIMING-18#69 Warning
Missing input or output delay  
An output delay is missing on seg[6] relative to clock(s) sys_clk_pin
Related violations: <none>


